[{"nom":"Les Adrets-de-l'Estérel","code":"83001","codesPostaux":["83600"],"centre":{"type":"Point","coordinates":[6.8177,43.5385]},"surface":2247.08,"population":2775,"departement":{"code":"83","nom":"Var"},"region":{"code":"93","nom":"Provence-Alpes-Côte d'Azur"}},{"nom":"Aiguines","code":"83002","codesPostaux":["83630"],"centre":{"type":"Point","coordinates":[6.3197,43.7365]},"surface":11649.98,"population":274,"departement":{"code":"83","nom":"Var"},"region":{"code":"93","nom":"Provence-Alpes-Côte d'Azur"}},{"nom":"Ampus","code":"83003","codesPostaux":["83111"],"centre":{"type":"Point","coordinates":[6.3683,43.6218]},"surface":8367.8,"population":919,"departement":{"code":"83","nom":"Var"},"region":{"code":"93","nom":"Provence-Alpes-Côte d'Azur"}},{"nom":"Les Arcs","code":"83004","codesPostaux":["83460"],"centre":{"type":"Point","coordinates":[6.4862,43.4533]},"surface":5437.94,"population":8109,"departement":{"code":"83","nom":"Var"},"region":{"code":"93","nom":"Provence-Alpes-Côte d'Azur"}},{"nom":"Artignosc-sur-Verdon","code":"83005","codesPostaux":["83630"],"centre":{"type":"Point","coordinates":[6.1087,43.6991]},"surface":1892.19,"population":311,"departement":{"code":"83","nom":"Var"},"region":{"code":"93","nom":"Provence-Alpes-Côte d'Azur"}},{"nom":"Artigues","code":"83006","codesPostaux":["83560"],"centre":{"type":"Point","coordinates":[5.8,43.5802]},"surface":3261.66,"population":282,"departement":{"code":"83","nom":"Var"},"region":{"code":"93","nom":"Provence-Alpes-Côte d'Azur"}},{"nom":"Aups","code":"83007","codesPostaux":["83630"],"centre":{"type":"Point","coordinates":[6.2139,43.6283]},"surface":6487.78,"population":2192,"departement":{"code":"83","nom":"Var"},"region":{"code":"93","nom":"Provence-Alpes-Côte d'Azur"}},{"nom":"Bagnols-en-Forêt","code":"83008","codesPostaux":["83600"],"centre":{"type":"Point","coordinates":[6.7089,43.5328]},"surface":4292.79,"population":3194,"departement":{"code":"83","nom":"Var"},"region":{"code":"93","nom":"Provence-Alpes-Côte d'Azur"}},{"nom":"Bandol","code":"83009","codesPostaux":["83150"],"centre":{"type":"Point","coordinates":[5.7488,43.147]},"surface":904.01,"population":8267,"departement":{"code":"83","nom":"Var"},"region":{"code":"93","nom":"Provence-Alpes-Côte d'Azur"}},{"nom":"Bargème","code":"83010","codesPostaux":["83840"],"centre":{"type":"Point","coordinates":[6.5697,43.7279]},"surface":2798.83,"population":207,"departement":{"code":"83","nom":"Var"},"region":{"code":"93","nom":"Provence-Alpes-Côte d'Azur"}},{"nom":"Bargemon","code":"83011","codesPostaux":["83830"],"centre":{"type":"Point","coordinates":[6.5439,43.6344]},"surface":3527.14,"population":1433,"departement":{"code":"83","nom":"Var"},"region":{"code":"93","nom":"Provence-Alpes-Côte d'Azur"}},{"nom":"Barjols","code":"83012","codesPostaux":["83670"],"centre":{"type":"Point","coordinates":[5.973,43.5484]},"surface":3034.08,"population":2984,"departement":{"code":"83","nom":"Var"},"region":{"code":"93","nom":"Provence-Alpes-Côte d'Azur"}},{"nom":"La Bastide","code":"83013","codesPostaux":["83840"],"centre":{"type":"Point","coordinates":[6.6327,43.7464]},"surface":1182.03,"population":227,"departement":{"code":"83","nom":"Var"},"region":{"code":"93","nom":"Provence-Alpes-Côte d'Azur"}},{"nom":"Baudinard-sur-Verdon","code":"83014","codesPostaux":["83630"],"centre":{"type":"Point","coordinates":[6.1351,43.714]},"surface":2226.48,"population":235,"departement":{"code":"83","nom":"Var"},"region":{"code":"93","nom":"Provence-Alpes-Côte d'Azur"}},{"nom":"Bauduen","code":"83015","codesPostaux":["83630"],"centre":{"type":"Point","coordinates":[6.2048,43.7203]},"surface":5206.81,"population":308,"departement":{"code":"83","nom":"Var"},"region":{"code":"93","nom":"Provence-Alpes-Côte d'Azur"}},{"nom":"Le Beausset","code":"83016","codesPostaux":["83330"],"centre":{"type":"Point","coordinates":[5.8239,43.205]},"surface":3615,"population":10219,"departement":{"code":"83","nom":"Var"},"region":{"code":"93","nom":"Provence-Alpes-Côte d'Azur"}},{"nom":"Belgentier","code":"83017","codesPostaux":["83210"],"centre":{"type":"Point","coordinates":[5.9972,43.2416]},"surface":1341.32,"population":2373,"departement":{"code":"83","nom":"Var"},"region":{"code":"93","nom":"Provence-Alpes-Côte d'Azur"}},{"nom":"Besse-sur-Issole","code":"83018","codesPostaux":["83890"],"centre":{"type":"Point","coordinates":[6.1839,43.339]},"surface":3748.83,"population":3125,"departement":{"code":"83","nom":"Var"},"region":{"code":"93","nom":"Provence-Alpes-Côte d'Azur"}},{"nom":"Bormes-les-Mimosas","code":"83019","codesPostaux":["83230"],"centre":{"type":"Point","coordinates":[6.3615,43.1575]},"surface":9676.34,"population":8545,"departement":{"code":"83","nom":"Var"},"region":{"code":"93","nom":"Provence-Alpes-Côte d'Azur"}},{"nom":"Le Bourguet","code":"83020","codesPostaux":["83840"],"centre":{"type":"Point","coordinates":[6.5017,43.7798]},"surface":2528.87,"population":42,"departement":{"code":"83","nom":"Var"},"region":{"code":"93","nom":"Provence-Alpes-Côte d'Azur"}},{"nom":"Bras","code":"83021","codesPostaux":["83149"],"centre":{"type":"Point","coordinates":[5.9558,43.4723]},"surface":3586.5,"population":2637,"departement":{"code":"83","nom":"Var"},"region":{"code":"93","nom":"Provence-Alpes-Côte d'Azur"}},{"nom":"Brenon","code":"83022","codesPostaux":["83840"],"centre":{"type":"Point","coordinates":[6.5365,43.7691]},"surface":579.69,"population":24,"departement":{"code":"83","nom":"Var"},"region":{"code":"93","nom":"Provence-Alpes-Côte d'Azur"}},{"nom":"Brignoles","code":"83023","codesPostaux":["83170"],"centre":{"type":"Point","coordinates":[6.0759,43.3878]},"surface":7081.51,"population":17850,"departement":{"code":"83","nom":"Var"},"region":{"code":"93","nom":"Provence-Alpes-Côte d'Azur"}},{"nom":"Brue-Auriac","code":"83025","codesPostaux":["83119"],"centre":{"type":"Point","coordinates":[5.9402,43.5259]},"surface":3665.03,"population":1463,"departement":{"code":"83","nom":"Var"},"region":{"code":"93","nom":"Provence-Alpes-Côte d'Azur"}},{"nom":"Cabasse","code":"83026","codesPostaux":["83340"],"centre":{"type":"Point","coordinates":[6.2303,43.4275]},"surface":4558.63,"population":2020,"departement":{"code":"83","nom":"Var"},"region":{"code":"93","nom":"Provence-Alpes-Côte d'Azur"}},{"nom":"La Cadière-d'Azur","code":"83027","codesPostaux":["83740"],"centre":{"type":"Point","coordinates":[5.7231,43.2026]},"surface":3755.67,"population":5739,"departement":{"code":"83","nom":"Var"},"region":{"code":"93","nom":"Provence-Alpes-Côte d'Azur"}},{"nom":"Callas","code":"83028","codesPostaux":["83830"],"centre":{"type":"Point","coordinates":[6.5735,43.5687]},"surface":4944.84,"population":2124,"departement":{"code":"83","nom":"Var"},"region":{"code":"93","nom":"Provence-Alpes-Côte d'Azur"}},{"nom":"Callian","code":"83029","codesPostaux":["83440"],"centre":{"type":"Point","coordinates":[6.7601,43.6069]},"surface":2552.79,"population":3823,"departement":{"code":"83","nom":"Var"},"region":{"code":"93","nom":"Provence-Alpes-Côte d'Azur"}},{"nom":"Camps-la-Source","code":"83030","codesPostaux":["83170"],"centre":{"type":"Point","coordinates":[6.1261,43.3719]},"surface":2277.8,"population":1941,"departement":{"code":"83","nom":"Var"},"region":{"code":"93","nom":"Provence-Alpes-Côte d'Azur"}},{"nom":"Le Cannet-des-Maures","code":"83031","codesPostaux":["83340"],"centre":{"type":"Point","coordinates":[6.3703,43.3695]},"surface":7395.13,"population":5140,"departement":{"code":"83","nom":"Var"},"region":{"code":"93","nom":"Provence-Alpes-Côte d'Azur"}},{"nom":"Carcès","code":"83032","codesPostaux":["83570"],"centre":{"type":"Point","coordinates":[6.1752,43.4738]},"surface":3574.31,"population":3540,"departement":{"code":"83","nom":"Var"},"region":{"code":"93","nom":"Provence-Alpes-Côte d'Azur"}},{"nom":"Carnoules","code":"83033","codesPostaux":["83660"],"centre":{"type":"Point","coordinates":[6.1978,43.2921]},"surface":2579.83,"population":4388,"departement":{"code":"83","nom":"Var"},"region":{"code":"93","nom":"Provence-Alpes-Côte d'Azur"}},{"nom":"Carqueiranne","code":"83034","codesPostaux":["83320"],"centre":{"type":"Point","coordinates":[6.0714,43.0975]},"surface":1466.06,"population":9408,"departement":{"code":"83","nom":"Var"},"region":{"code":"93","nom":"Provence-Alpes-Côte d'Azur"}},{"nom":"Le Castellet","code":"83035","codesPostaux":["83330"],"centre":{"type":"Point","coordinates":[5.7561,43.2148]},"surface":4528.58,"population":6040,"departement":{"code":"83","nom":"Var"},"region":{"code":"93","nom":"Provence-Alpes-Côte d'Azur"}},{"nom":"Cavalaire-sur-Mer","code":"83036","codesPostaux":["83240"],"centre":{"type":"Point","coordinates":[6.5215,43.1797]},"surface":1688.13,"population":8121,"departement":{"code":"83","nom":"Var"},"region":{"code":"93","nom":"Provence-Alpes-Côte d'Azur"}},{"nom":"La Celle","code":"83037","codesPostaux":["83170"],"centre":{"type":"Point","coordinates":[6.0016,43.3843]},"surface":2150.55,"population":1659,"departement":{"code":"83","nom":"Var"},"region":{"code":"93","nom":"Provence-Alpes-Côte d'Azur"}},{"nom":"Châteaudouble","code":"83038","codesPostaux":["83300"],"centre":{"type":"Point","coordinates":[6.442,43.6259]},"surface":4092.04,"population":476,"departement":{"code":"83","nom":"Var"},"region":{"code":"93","nom":"Provence-Alpes-Côte d'Azur"}},{"nom":"Châteauvert","code":"83039","codesPostaux":["83670"],"centre":{"type":"Point","coordinates":[6.0088,43.4992]},"surface":2764.67,"population":141,"departement":{"code":"83","nom":"Var"},"region":{"code":"93","nom":"Provence-Alpes-Côte d'Azur"}},{"nom":"Châteauvieux","code":"83040","codesPostaux":["83840"],"centre":{"type":"Point","coordinates":[6.5959,43.7874]},"surface":1484.62,"population":78,"departement":{"code":"83","nom":"Var"},"region":{"code":"93","nom":"Provence-Alpes-Côte d'Azur"}},{"nom":"Claviers","code":"83041","codesPostaux":["83830"],"centre":{"type":"Point","coordinates":[6.5845,43.5998]},"surface":1599.39,"population":727,"departement":{"code":"83","nom":"Var"},"region":{"code":"93","nom":"Provence-Alpes-Côte d'Azur"}},{"nom":"Cogolin","code":"83042","codesPostaux":["83310"],"centre":{"type":"Point","coordinates":[6.5319,43.2406]},"surface":2780.99,"population":12301,"departement":{"code":"83","nom":"Var"},"region":{"code":"93","nom":"Provence-Alpes-Côte d'Azur"}},{"nom":"Collobrières","code":"83043","codesPostaux":["83610"],"centre":{"type":"Point","coordinates":[6.3454,43.2446]},"surface":11322.22,"population":1870,"departement":{"code":"83","nom":"Var"},"region":{"code":"93","nom":"Provence-Alpes-Côte d'Azur"}},{"nom":"Comps-sur-Artuby","code":"83044","codesPostaux":["83840"],"centre":{"type":"Point","coordinates":[6.506,43.7075]},"surface":6392.35,"population":339,"departement":{"code":"83","nom":"Var"},"region":{"code":"93","nom":"Provence-Alpes-Côte d'Azur"}},{"nom":"Correns","code":"83045","codesPostaux":["83570"],"centre":{"type":"Point","coordinates":[6.0543,43.4884]},"surface":3707.72,"population":886,"departement":{"code":"83","nom":"Var"},"region":{"code":"93","nom":"Provence-Alpes-Côte d'Azur"}},{"nom":"Cotignac","code":"83046","codesPostaux":["83570"],"centre":{"type":"Point","coordinates":[6.1436,43.5246]},"surface":4426.17,"population":2197,"departement":{"code":"83","nom":"Var"},"region":{"code":"93","nom":"Provence-Alpes-Côte d'Azur"}},{"nom":"La Crau","code":"83047","codesPostaux":["83260"],"centre":{"type":"Point","coordinates":[6.0923,43.1706]},"surface":3753.36,"population":19556,"departement":{"code":"83","nom":"Var"},"region":{"code":"93","nom":"Provence-Alpes-Côte d'Azur"}},{"nom":"La Croix-Valmer","code":"83048","codesPostaux":["83420"],"centre":{"type":"Point","coordinates":[6.588,43.1909]},"surface":2259.88,"population":3855,"departement":{"code":"83","nom":"Var"},"region":{"code":"93","nom":"Provence-Alpes-Côte d'Azur"}},{"nom":"Cuers","code":"83049","codesPostaux":["83390"],"centre":{"type":"Point","coordinates":[6.0654,43.2429]},"surface":5106.49,"population":13271,"departement":{"code":"83","nom":"Var"},"region":{"code":"93","nom":"Provence-Alpes-Côte d'Azur"}},{"nom":"Draguignan","code":"83050","codesPostaux":["83300"],"centre":{"type":"Point","coordinates":[6.4651,43.5346]},"surface":5402.31,"population":40826,"departement":{"code":"83","nom":"Var"},"region":{"code":"93","nom":"Provence-Alpes-Côte d'Azur"}},{"nom":"Entrecasteaux","code":"83051","codesPostaux":["83570"],"centre":{"type":"Point","coordinates":[6.2324,43.5085]},"surface":3220.61,"population":1118,"departement":{"code":"83","nom":"Var"},"region":{"code":"93","nom":"Provence-Alpes-Côte d'Azur"}},{"nom":"Esparron","code":"83052","codesPostaux":["83560"],"centre":{"type":"Point","coordinates":[5.851,43.5881]},"surface":3009.03,"population":377,"departement":{"code":"83","nom":"Var"},"region":{"code":"93","nom":"Provence-Alpes-Côte d'Azur"}},{"nom":"Évenos","code":"83053","codesPostaux":["83330"],"centre":{"type":"Point","coordinates":[5.8702,43.1876]},"surface":4204.05,"population":2406,"departement":{"code":"83","nom":"Var"},"region":{"code":"93","nom":"Provence-Alpes-Côte d'Azur"}},{"nom":"La Farlède","code":"83054","codesPostaux":["83210"],"centre":{"type":"Point","coordinates":[6.0414,43.164]},"surface":838.06,"population":10014,"departement":{"code":"83","nom":"Var"},"region":{"code":"93","nom":"Provence-Alpes-Côte d'Azur"}},{"nom":"Fayence","code":"83055","codesPostaux":["83440"],"centre":{"type":"Point","coordinates":[6.6762,43.6118]},"surface":2777.61,"population":6157,"departement":{"code":"83","nom":"Var"},"region":{"code":"93","nom":"Provence-Alpes-Côte d'Azur"}},{"nom":"Figanières","code":"83056","codesPostaux":["83830"],"centre":{"type":"Point","coordinates":[6.4915,43.5642]},"surface":2835.45,"population":2762,"departement":{"code":"83","nom":"Var"},"region":{"code":"93","nom":"Provence-Alpes-Côte d'Azur"}},{"nom":"Flassans-sur-Issole","code":"83057","codesPostaux":["83340"],"centre":{"type":"Point","coordinates":[6.2169,43.372]},"surface":4495.42,"population":3706,"departement":{"code":"83","nom":"Var"},"region":{"code":"93","nom":"Provence-Alpes-Côte d'Azur"}},{"nom":"Flayosc","code":"83058","codesPostaux":["83780"],"centre":{"type":"Point","coordinates":[6.3577,43.5441]},"surface":4625.56,"population":4673,"departement":{"code":"83","nom":"Var"},"region":{"code":"93","nom":"Provence-Alpes-Côte d'Azur"}},{"nom":"Forcalqueiret","code":"83059","codesPostaux":["83136"],"centre":{"type":"Point","coordinates":[6.0884,43.3357]},"surface":1068.83,"population":3389,"departement":{"code":"83","nom":"Var"},"region":{"code":"93","nom":"Provence-Alpes-Côte d'Azur"}},{"nom":"Fox-Amphoux","code":"83060","codesPostaux":["83670"],"centre":{"type":"Point","coordinates":[6.1165,43.5944]},"surface":4114.26,"population":504,"departement":{"code":"83","nom":"Var"},"region":{"code":"93","nom":"Provence-Alpes-Côte d'Azur"}},{"nom":"Fréjus","code":"83061","codesPostaux":["83370","83600"],"centre":{"type":"Point","coordinates":[6.7848,43.4553]},"surface":10478.47,"population":59719,"departement":{"code":"83","nom":"Var"},"region":{"code":"93","nom":"Provence-Alpes-Côte d'Azur"}},{"nom":"La Garde","code":"83062","codesPostaux":["83130"],"centre":{"type":"Point","coordinates":[6.0162,43.129]},"surface":1560.47,"population":26476,"departement":{"code":"83","nom":"Var"},"region":{"code":"93","nom":"Provence-Alpes-Côte d'Azur"}},{"nom":"La Garde-Freinet","code":"83063","codesPostaux":["83680"],"centre":{"type":"Point","coordinates":[6.4603,43.3251]},"surface":7656.93,"population":1862,"departement":{"code":"83","nom":"Var"},"region":{"code":"93","nom":"Provence-Alpes-Côte d'Azur"}},{"nom":"Garéoult","code":"83064","codesPostaux":["83136"],"centre":{"type":"Point","coordinates":[6.0426,43.3397]},"surface":1588.46,"population":5835,"departement":{"code":"83","nom":"Var"},"region":{"code":"93","nom":"Provence-Alpes-Côte d'Azur"}},{"nom":"Gassin","code":"83065","codesPostaux":["83580"],"centre":{"type":"Point","coordinates":[6.5876,43.2385]},"surface":2487.55,"population":2687,"departement":{"code":"83","nom":"Var"},"region":{"code":"93","nom":"Provence-Alpes-Côte d'Azur"}},{"nom":"Ginasservis","code":"83066","codesPostaux":["83560"],"centre":{"type":"Point","coordinates":[5.8393,43.6566]},"surface":3818.27,"population":2075,"departement":{"code":"83","nom":"Var"},"region":{"code":"93","nom":"Provence-Alpes-Côte d'Azur"}},{"nom":"Gonfaron","code":"83067","codesPostaux":["83590"],"centre":{"type":"Point","coordinates":[6.2978,43.3149]},"surface":4172.14,"population":4496,"departement":{"code":"83","nom":"Var"},"region":{"code":"93","nom":"Provence-Alpes-Côte d'Azur"}},{"nom":"Grimaud","code":"83068","codesPostaux":["83310"],"centre":{"type":"Point","coordinates":[6.5097,43.2822]},"surface":4433.8,"population":4587,"departement":{"code":"83","nom":"Var"},"region":{"code":"93","nom":"Provence-Alpes-Côte d'Azur"}},{"nom":"Hyères","code":"83069","codesPostaux":["83400"],"centre":{"type":"Point","coordinates":[6.2357,43.1139]},"surface":13361.07,"population":55858,"departement":{"code":"83","nom":"Var"},"region":{"code":"93","nom":"Provence-Alpes-Côte d'Azur"}},{"nom":"Le Lavandou","code":"83070","codesPostaux":["83980"],"centre":{"type":"Point","coordinates":[6.4015,43.1669]},"surface":3024.49,"population":6646,"departement":{"code":"83","nom":"Var"},"region":{"code":"93","nom":"Provence-Alpes-Côte d'Azur"}},{"nom":"La Londe-les-Maures","code":"83071","codesPostaux":["83250"],"centre":{"type":"Point","coordinates":[6.2417,43.1641]},"surface":7994.68,"population":10584,"departement":{"code":"83","nom":"Var"},"region":{"code":"93","nom":"Provence-Alpes-Côte d'Azur"}},{"nom":"Lorgues","code":"83072","codesPostaux":["83510"],"centre":{"type":"Point","coordinates":[6.3588,43.4734]},"surface":6460.56,"population":9849,"departement":{"code":"83","nom":"Var"},"region":{"code":"93","nom":"Provence-Alpes-Côte d'Azur"}},{"nom":"Le Luc","code":"83073","codesPostaux":["83340"],"centre":{"type":"Point","coordinates":[6.3107,43.3855]},"surface":4424.72,"population":11310,"departement":{"code":"83","nom":"Var"},"region":{"code":"93","nom":"Provence-Alpes-Côte d'Azur"}},{"nom":"La Martre","code":"83074","codesPostaux":["83840"],"centre":{"type":"Point","coordinates":[6.5914,43.7631]},"surface":2071.35,"population":226,"departement":{"code":"83","nom":"Var"},"region":{"code":"93","nom":"Provence-Alpes-Côte d'Azur"}},{"nom":"Les Mayons","code":"83075","codesPostaux":["83340"],"centre":{"type":"Point","coordinates":[6.3621,43.3117]},"surface":2886.35,"population":625,"departement":{"code":"83","nom":"Var"},"region":{"code":"93","nom":"Provence-Alpes-Côte d'Azur"}},{"nom":"Mazaugues","code":"83076","codesPostaux":["83136"],"centre":{"type":"Point","coordinates":[5.8899,43.3435]},"surface":5371.42,"population":901,"departement":{"code":"83","nom":"Var"},"region":{"code":"93","nom":"Provence-Alpes-Côte d'Azur"}},{"nom":"Méounes-lès-Montrieux","code":"83077","codesPostaux":["83136"],"centre":{"type":"Point","coordinates":[5.979,43.2699]},"surface":4075.14,"population":2277,"departement":{"code":"83","nom":"Var"},"region":{"code":"93","nom":"Provence-Alpes-Côte d'Azur"}},{"nom":"Moissac-Bellevue","code":"83078","codesPostaux":["83630"],"centre":{"type":"Point","coordinates":[6.1666,43.6487]},"surface":2069.43,"population":306,"departement":{"code":"83","nom":"Var"},"region":{"code":"93","nom":"Provence-Alpes-Côte d'Azur"}},{"nom":"La Môle","code":"83079","codesPostaux":["83310"],"centre":{"type":"Point","coordinates":[6.4835,43.2202]},"surface":4620.56,"population":1535,"departement":{"code":"83","nom":"Var"},"region":{"code":"93","nom":"Provence-Alpes-Côte d'Azur"}},{"nom":"Mons","code":"83080","codesPostaux":["83440"],"centre":{"type":"Point","coordinates":[6.7054,43.7041]},"surface":7691.42,"population":909,"departement":{"code":"83","nom":"Var"},"region":{"code":"93","nom":"Provence-Alpes-Côte d'Azur"}},{"nom":"Montauroux","code":"83081","codesPostaux":["83440"],"centre":{"type":"Point","coordinates":[6.7993,43.5936]},"surface":3722.53,"population":7183,"departement":{"code":"83","nom":"Var"},"region":{"code":"93","nom":"Provence-Alpes-Côte d'Azur"}},{"nom":"Montferrat","code":"83082","codesPostaux":["83131"],"centre":{"type":"Point","coordinates":[6.4774,43.6336]},"surface":3410.22,"population":1719,"departement":{"code":"83","nom":"Var"},"region":{"code":"93","nom":"Provence-Alpes-Côte d'Azur"}},{"nom":"Montfort-sur-Argens","code":"83083","codesPostaux":["83570"],"centre":{"type":"Point","coordinates":[6.1252,43.486]},"surface":1196.82,"population":1453,"departement":{"code":"83","nom":"Var"},"region":{"code":"93","nom":"Provence-Alpes-Côte d'Azur"}},{"nom":"Montmeyan","code":"83084","codesPostaux":["83670"],"centre":{"type":"Point","coordinates":[6.0652,43.6574]},"surface":3951.45,"population":596,"departement":{"code":"83","nom":"Var"},"region":{"code":"93","nom":"Provence-Alpes-Côte d'Azur"}},{"nom":"La Motte","code":"83085","codesPostaux":["83920"],"centre":{"type":"Point","coordinates":[6.5506,43.5091]},"surface":2898.51,"population":3071,"departement":{"code":"83","nom":"Var"},"region":{"code":"93","nom":"Provence-Alpes-Côte d'Azur"}},{"nom":"Le Muy","code":"83086","codesPostaux":["83490"],"centre":{"type":"Point","coordinates":[6.5844,43.468]},"surface":6689.13,"population":10118,"departement":{"code":"83","nom":"Var"},"region":{"code":"93","nom":"Provence-Alpes-Côte d'Azur"}},{"nom":"Nans-les-Pins","code":"83087","codesPostaux":["83860"],"centre":{"type":"Point","coordinates":[5.7874,43.3808]},"surface":4889.79,"population":5215,"departement":{"code":"83","nom":"Var"},"region":{"code":"93","nom":"Provence-Alpes-Côte d'Azur"}},{"nom":"Néoules","code":"83088","codesPostaux":["83136"],"centre":{"type":"Point","coordinates":[6.0267,43.2912]},"surface":2518.11,"population":2976,"departement":{"code":"83","nom":"Var"},"region":{"code":"93","nom":"Provence-Alpes-Côte d'Azur"}},{"nom":"Ollières","code":"83089","codesPostaux":["83470"],"centre":{"type":"Point","coordinates":[5.8141,43.5074]},"surface":3985.48,"population":636,"departement":{"code":"83","nom":"Var"},"region":{"code":"93","nom":"Provence-Alpes-Côte d'Azur"}},{"nom":"Ollioules","code":"83090","codesPostaux":["83190"],"centre":{"type":"Point","coordinates":[5.8515,43.1385]},"surface":2029.42,"population":14568,"departement":{"code":"83","nom":"Var"},"region":{"code":"93","nom":"Provence-Alpes-Côte d'Azur"}},{"nom":"Pierrefeu-du-Var","code":"83091","codesPostaux":["83390"],"centre":{"type":"Point","coordinates":[6.1798,43.2351]},"surface":5898.51,"population":6084,"departement":{"code":"83","nom":"Var"},"region":{"code":"93","nom":"Provence-Alpes-Côte d'Azur"}},{"nom":"Pignans","code":"83092","codesPostaux":["83790"],"centre":{"type":"Point","coordinates":[6.2625,43.2997]},"surface":3441.34,"population":4838,"departement":{"code":"83","nom":"Var"},"region":{"code":"93","nom":"Provence-Alpes-Côte d'Azur"}},{"nom":"Plan-d'Aups-Sainte-Baume","code":"83093","codesPostaux":["83640"],"centre":{"type":"Point","coordinates":[5.7472,43.3336]},"surface":2469.96,"population":2527,"departement":{"code":"83","nom":"Var"},"region":{"code":"93","nom":"Provence-Alpes-Côte d'Azur"}},{"nom":"Le Plan-de-la-Tour","code":"83094","codesPostaux":["83120"],"centre":{"type":"Point","coordinates":[6.5462,43.337]},"surface":3797.05,"population":3125,"departement":{"code":"83","nom":"Var"},"region":{"code":"93","nom":"Provence-Alpes-Côte d'Azur"}},{"nom":"Pontevès","code":"83095","codesPostaux":["83670"],"centre":{"type":"Point","coordinates":[6.0687,43.5509]},"surface":4114.6,"population":784,"departement":{"code":"83","nom":"Var"},"region":{"code":"93","nom":"Provence-Alpes-Côte d'Azur"}},{"nom":"Pourcieux","code":"83096","codesPostaux":["83470"],"centre":{"type":"Point","coordinates":[5.7894,43.4626]},"surface":2113.02,"population":1552,"departement":{"code":"83","nom":"Var"},"region":{"code":"93","nom":"Provence-Alpes-Côte d'Azur"}},{"nom":"Pourrières","code":"83097","codesPostaux":["83910"],"centre":{"type":"Point","coordinates":[5.7432,43.487]},"surface":5713.86,"population":5642,"departement":{"code":"83","nom":"Var"},"region":{"code":"93","nom":"Provence-Alpes-Côte d'Azur"}},{"nom":"Le Pradet","code":"83098","codesPostaux":["83220"],"centre":{"type":"Point","coordinates":[6.0214,43.0984]},"surface":1033.2,"population":10933,"departement":{"code":"83","nom":"Var"},"region":{"code":"93","nom":"Provence-Alpes-Côte d'Azur"}},{"nom":"Puget-sur-Argens","code":"83099","codesPostaux":["83480"],"centre":{"type":"Point","coordinates":[6.6861,43.4712]},"surface":2699.51,"population":8602,"departement":{"code":"83","nom":"Var"},"region":{"code":"93","nom":"Provence-Alpes-Côte d'Azur"}},{"nom":"Puget-Ville","code":"83100","codesPostaux":["83390"],"centre":{"type":"Point","coordinates":[6.1646,43.2809]},"surface":3713.52,"population":4610,"departement":{"code":"83","nom":"Var"},"region":{"code":"93","nom":"Provence-Alpes-Côte d'Azur"}},{"nom":"Ramatuelle","code":"83101","codesPostaux":["83350"],"centre":{"type":"Point","coordinates":[6.6449,43.2115]},"surface":3495.71,"population":1888,"departement":{"code":"83","nom":"Var"},"region":{"code":"93","nom":"Provence-Alpes-Côte d'Azur"}},{"nom":"Régusse","code":"83102","codesPostaux":["83630"],"centre":{"type":"Point","coordinates":[6.122,43.663]},"surface":3562.97,"population":2380,"departement":{"code":"83","nom":"Var"},"region":{"code":"93","nom":"Provence-Alpes-Côte d'Azur"}},{"nom":"Le Revest-les-Eaux","code":"83103","codesPostaux":["83200"],"centre":{"type":"Point","coordinates":[5.9453,43.1878]},"surface":2431.73,"population":4074,"departement":{"code":"83","nom":"Var"},"region":{"code":"93","nom":"Provence-Alpes-Côte d'Azur"}},{"nom":"Rians","code":"83104","codesPostaux":["83560"],"centre":{"type":"Point","coordinates":[5.734,43.6026]},"surface":9707.75,"population":4223,"departement":{"code":"83","nom":"Var"},"region":{"code":"93","nom":"Provence-Alpes-Côte d'Azur"}},{"nom":"Riboux","code":"83105","codesPostaux":["13780"],"centre":{"type":"Point","coordinates":[5.753,43.3063]},"surface":1354.81,"population":51,"departement":{"code":"83","nom":"Var"},"region":{"code":"93","nom":"Provence-Alpes-Côte d'Azur"}},{"nom":"Rocbaron","code":"83106","codesPostaux":["83136"],"centre":{"type":"Point","coordinates":[6.0869,43.3062]},"surface":2051.19,"population":5660,"departement":{"code":"83","nom":"Var"},"region":{"code":"93","nom":"Provence-Alpes-Côte d'Azur"}},{"nom":"Roquebrune-sur-Argens","code":"83107","codesPostaux":["83380","83520"],"centre":{"type":"Point","coordinates":[6.6525,43.4282]},"surface":10680.7,"population":15442,"departement":{"code":"83","nom":"Var"},"region":{"code":"93","nom":"Provence-Alpes-Côte d'Azur"}},{"nom":"La Roquebrussanne","code":"83108","codesPostaux":["83136"],"centre":{"type":"Point","coordinates":[5.9787,43.3384]},"surface":3725.04,"population":2817,"departement":{"code":"83","nom":"Var"},"region":{"code":"93","nom":"Provence-Alpes-Côte d'Azur"}},{"nom":"La Roque-Esclapon","code":"83109","codesPostaux":["83840"],"centre":{"type":"Point","coordinates":[6.6479,43.721]},"surface":2700.92,"population":261,"departement":{"code":"83","nom":"Var"},"region":{"code":"93","nom":"Provence-Alpes-Côte d'Azur"}},{"nom":"Rougiers","code":"83110","codesPostaux":["83170"],"centre":{"type":"Point","coordinates":[5.8505,43.3869]},"surface":2084.25,"population":1697,"departement":{"code":"83","nom":"Var"},"region":{"code":"93","nom":"Provence-Alpes-Côte d'Azur"}},{"nom":"Sainte-Anastasie-sur-Issole","code":"83111","codesPostaux":["83136"],"centre":{"type":"Point","coordinates":[6.1227,43.3337]},"surface":1073.15,"population":2165,"departement":{"code":"83","nom":"Var"},"region":{"code":"93","nom":"Provence-Alpes-Côte d'Azur"}},{"nom":"Saint-Cyr-sur-Mer","code":"83112","codesPostaux":["83270"],"centre":{"type":"Point","coordinates":[5.7055,43.17]},"surface":2143.28,"population":11658,"departement":{"code":"83","nom":"Var"},"region":{"code":"93","nom":"Provence-Alpes-Côte d'Azur"}},{"nom":"Saint-Julien","code":"83113","codesPostaux":["83560"],"centre":{"type":"Point","coordinates":[5.9143,43.7045]},"surface":7621.88,"population":2453,"departement":{"code":"83","nom":"Var"},"region":{"code":"93","nom":"Provence-Alpes-Côte d'Azur"}},{"nom":"Saint-Martin-de-Pallières","code":"83114","codesPostaux":["83560"],"centre":{"type":"Point","coordinates":[5.8869,43.577]},"surface":2671.74,"population":284,"departement":{"code":"83","nom":"Var"},"region":{"code":"93","nom":"Provence-Alpes-Côte d'Azur"}},{"nom":"Sainte-Maxime","code":"83115","codesPostaux":["83120"],"centre":{"type":"Point","coordinates":[6.6139,43.3584]},"surface":8226.21,"population":14118,"departement":{"code":"83","nom":"Var"},"region":{"code":"93","nom":"Provence-Alpes-Côte d'Azur"}},{"nom":"Saint-Maximin-la-Sainte-Baume","code":"83116","codesPostaux":["83470"],"centre":{"type":"Point","coordinates":[5.8603,43.4488]},"surface":6463.04,"population":17896,"departement":{"code":"83","nom":"Var"},"region":{"code":"93","nom":"Provence-Alpes-Côte d'Azur"}},{"nom":"Saint-Paul-en-Forêt","code":"83117","codesPostaux":["83440"],"centre":{"type":"Point","coordinates":[6.6822,43.5681]},"surface":2040.15,"population":1735,"departement":{"code":"83","nom":"Var"},"region":{"code":"93","nom":"Provence-Alpes-Côte d'Azur"}},{"nom":"Saint-Raphaël","code":"83118","codesPostaux":["83530","83700"],"centre":{"type":"Point","coordinates":[6.8483,43.4582]},"surface":9075,"population":37113,"departement":{"code":"83","nom":"Var"},"region":{"code":"93","nom":"Provence-Alpes-Côte d'Azur"}},{"nom":"Saint-Tropez","code":"83119","codesPostaux":["83990"],"centre":{"type":"Point","coordinates":[6.6638,43.2619]},"surface":1145.73,"population":3582,"departement":{"code":"83","nom":"Var"},"region":{"code":"93","nom":"Provence-Alpes-Côte d'Azur"}},{"nom":"Saint-Zacharie","code":"83120","codesPostaux":["83640"],"centre":{"type":"Point","coordinates":[5.7164,43.3749]},"surface":2719.36,"population":5879,"departement":{"code":"83","nom":"Var"},"region":{"code":"93","nom":"Provence-Alpes-Côte d'Azur"}},{"nom":"Salernes","code":"83121","codesPostaux":["83690"],"centre":{"type":"Point","coordinates":[6.2379,43.5646]},"surface":3950.8,"population":4019,"departement":{"code":"83","nom":"Var"},"region":{"code":"93","nom":"Provence-Alpes-Côte d'Azur"}},{"nom":"Les Salles-sur-Verdon","code":"83122","codesPostaux":["83630"],"centre":{"type":"Point","coordinates":[6.2042,43.767]},"surface":1283.42,"population":236,"departement":{"code":"83","nom":"Var"},"region":{"code":"93","nom":"Provence-Alpes-Côte d'Azur"}},{"nom":"Sanary-sur-Mer","code":"83123","codesPostaux":["83110"],"centre":{"type":"Point","coordinates":[5.7951,43.1374]},"surface":1976.75,"population":18538,"departement":{"code":"83","nom":"Var"},"region":{"code":"93","nom":"Provence-Alpes-Côte d'Azur"}},{"nom":"Seillans","code":"83124","codesPostaux":["83440"],"centre":{"type":"Point","coordinates":[6.6024,43.6326]},"surface":8896.33,"population":2941,"departement":{"code":"83","nom":"Var"},"region":{"code":"93","nom":"Provence-Alpes-Côte d'Azur"}},{"nom":"Seillons-Source-d'Argens","code":"83125","codesPostaux":["83470"],"centre":{"type":"Point","coordinates":[5.8775,43.5156]},"surface":2508.62,"population":2818,"departement":{"code":"83","nom":"Var"},"region":{"code":"93","nom":"Provence-Alpes-Côte d'Azur"}},{"nom":"La Seyne-sur-Mer","code":"83126","codesPostaux":["83500"],"centre":{"type":"Point","coordinates":[5.8789,43.0837]},"surface":2348.37,"population":63732,"departement":{"code":"83","nom":"Var"},"region":{"code":"93","nom":"Provence-Alpes-Côte d'Azur"}},{"nom":"Signes","code":"83127","codesPostaux":["83870"],"centre":{"type":"Point","coordinates":[5.8498,43.2759]},"surface":13324.56,"population":3126,"departement":{"code":"83","nom":"Var"},"region":{"code":"93","nom":"Provence-Alpes-Côte d'Azur"}},{"nom":"Sillans-la-Cascade","code":"83128","codesPostaux":["83690"],"centre":{"type":"Point","coordinates":[6.1549,43.565]},"surface":2028.42,"population":787,"departement":{"code":"83","nom":"Var"},"region":{"code":"93","nom":"Provence-Alpes-Côte d'Azur"}},{"nom":"Six-Fours-les-Plages","code":"83129","codesPostaux":["83140"],"centre":{"type":"Point","coordinates":[5.8079,43.0843]},"surface":2668.62,"population":37109,"departement":{"code":"83","nom":"Var"},"region":{"code":"93","nom":"Provence-Alpes-Côte d'Azur"}},{"nom":"Solliès-Pont","code":"83130","codesPostaux":["83210"],"centre":{"type":"Point","coordinates":[6.0625,43.1895]},"surface":1782.42,"population":12521,"departement":{"code":"83","nom":"Var"},"region":{"code":"93","nom":"Provence-Alpes-Côte d'Azur"}},{"nom":"Solliès-Toucas","code":"83131","codesPostaux":["83210"],"centre":{"type":"Point","coordinates":[5.9836,43.2097]},"surface":3004.97,"population":6269,"departement":{"code":"83","nom":"Var"},"region":{"code":"93","nom":"Provence-Alpes-Côte d'Azur"}},{"nom":"Solliès-Ville","code":"83132","codesPostaux":["83210"],"centre":{"type":"Point","coordinates":[6.0232,43.1804]},"surface":1413.81,"population":2504,"departement":{"code":"83","nom":"Var"},"region":{"code":"93","nom":"Provence-Alpes-Côte d'Azur"}},{"nom":"Tanneron","code":"83133","codesPostaux":["83440"],"centre":{"type":"Point","coordinates":[6.8538,43.5732]},"surface":5429.59,"population":1750,"departement":{"code":"83","nom":"Var"},"region":{"code":"93","nom":"Provence-Alpes-Côte d'Azur"}},{"nom":"Taradeau","code":"83134","codesPostaux":["83460"],"centre":{"type":"Point","coordinates":[6.4283,43.4657]},"surface":1737.72,"population":1945,"departement":{"code":"83","nom":"Var"},"region":{"code":"93","nom":"Provence-Alpes-Côte d'Azur"}},{"nom":"Tavernes","code":"83135","codesPostaux":["83670"],"centre":{"type":"Point","coordinates":[6.0232,43.6009]},"surface":3128.64,"population":1492,"departement":{"code":"83","nom":"Var"},"region":{"code":"93","nom":"Provence-Alpes-Côte d'Azur"}},{"nom":"Le Thoronet","code":"83136","codesPostaux":["83340"],"centre":{"type":"Point","coordinates":[6.2905,43.4585]},"surface":3642.78,"population":2631,"departement":{"code":"83","nom":"Var"},"region":{"code":"93","nom":"Provence-Alpes-Côte d'Azur"}},{"nom":"Toulon","code":"83137","codesPostaux":["83000","83100","83200"],"centre":{"type":"Point","coordinates":[5.9334,43.1364]},"surface":4405.92,"population":179116,"departement":{"code":"83","nom":"Var"},"region":{"code":"93","nom":"Provence-Alpes-Côte d'Azur"}},{"nom":"Tourrettes","code":"83138","codesPostaux":["83440"],"centre":{"type":"Point","coordinates":[6.7252,43.609]},"surface":3406.67,"population":2972,"departement":{"code":"83","nom":"Var"},"region":{"code":"93","nom":"Provence-Alpes-Côte d'Azur"}},{"nom":"Tourtour","code":"83139","codesPostaux":["83690"],"centre":{"type":"Point","coordinates":[6.3098,43.594]},"surface":2879.69,"population":581,"departement":{"code":"83","nom":"Var"},"region":{"code":"93","nom":"Provence-Alpes-Côte d'Azur"}},{"nom":"Tourves","code":"83140","codesPostaux":["83170"],"centre":{"type":"Point","coordinates":[5.9281,43.4108]},"surface":6585.81,"population":5207,"departement":{"code":"83","nom":"Var"},"region":{"code":"93","nom":"Provence-Alpes-Côte d'Azur"}},{"nom":"Trans-en-Provence","code":"83141","codesPostaux":["83720"],"centre":{"type":"Point","coordinates":[6.4869,43.5025]},"surface":1703.28,"population":6905,"departement":{"code":"83","nom":"Var"},"region":{"code":"93","nom":"Provence-Alpes-Côte d'Azur"}},{"nom":"Trigance","code":"83142","codesPostaux":["83840"],"centre":{"type":"Point","coordinates":[6.438,43.7365]},"surface":6112.53,"population":232,"departement":{"code":"83","nom":"Var"},"region":{"code":"93","nom":"Provence-Alpes-Côte d'Azur"}},{"nom":"Le Val","code":"83143","codesPostaux":["83143"],"centre":{"type":"Point","coordinates":[6.0569,43.4468]},"surface":3931.93,"population":4335,"departement":{"code":"83","nom":"Var"},"region":{"code":"93","nom":"Provence-Alpes-Côte d'Azur"}},{"nom":"La Valette-du-Var","code":"83144","codesPostaux":["83160"],"centre":{"type":"Point","coordinates":[5.9893,43.1484]},"surface":1543.45,"population":23719,"departement":{"code":"83","nom":"Var"},"region":{"code":"93","nom":"Provence-Alpes-Côte d'Azur"}},{"nom":"Varages","code":"83145","codesPostaux":["83670"],"centre":{"type":"Point","coordinates":[5.9435,43.5924]},"surface":3481.62,"population":1177,"departement":{"code":"83","nom":"Var"},"region":{"code":"93","nom":"Provence-Alpes-Côte d'Azur"}},{"nom":"La Verdière","code":"83146","codesPostaux":["83560"],"centre":{"type":"Point","coordinates":[5.9374,43.6529]},"surface":6846.43,"population":1668,"departement":{"code":"83","nom":"Var"},"region":{"code":"93","nom":"Provence-Alpes-Côte d'Azur"}},{"nom":"Vérignon","code":"83147","codesPostaux":["83630"],"centre":{"type":"Point","coordinates":[6.2653,43.658]},"surface":3665.85,"population":8,"departement":{"code":"83","nom":"Var"},"region":{"code":"93","nom":"Provence-Alpes-Côte d'Azur"}},{"nom":"Vidauban","code":"83148","codesPostaux":["83550"],"centre":{"type":"Point","coordinates":[6.4599,43.4071]},"surface":7651.91,"population":12608,"departement":{"code":"83","nom":"Var"},"region":{"code":"93","nom":"Provence-Alpes-Côte d'Azur"}},{"nom":"Villecroze","code":"83149","codesPostaux":["83690"],"centre":{"type":"Point","coordinates":[6.2855,43.5649]},"surface":2089.67,"population":1514,"departement":{"code":"83","nom":"Var"},"region":{"code":"93","nom":"Provence-Alpes-Côte d'Azur"}},{"nom":"Vinon-sur-Verdon","code":"83150","codesPostaux":["83560"],"centre":{"type":"Point","coordinates":[5.8017,43.7214]},"surface":3609.86,"population":4464,"departement":{"code":"83","nom":"Var"},"region":{"code":"93","nom":"Provence-Alpes-Côte d'Azur"}},{"nom":"Vins-sur-Caramy","code":"83151","codesPostaux":["83170"],"centre":{"type":"Point","coordinates":[6.1495,43.432]},"surface":1634.19,"population":936,"departement":{"code":"83","nom":"Var"},"region":{"code":"93","nom":"Provence-Alpes-Côte d'Azur"}},{"nom":"Rayol-Canadel-sur-Mer","code":"83152","codesPostaux":["83820"],"centre":{"type":"Point","coordinates":[6.4744,43.1664]},"surface":690.67,"population":639,"departement":{"code":"83","nom":"Var"},"region":{"code":"93","nom":"Provence-Alpes-Côte d'Azur"}},{"nom":"Saint-Mandrier-sur-Mer","code":"83153","codesPostaux":["83430"],"centre":{"type":"Point","coordinates":[5.9272,43.0762]},"surface":526.5,"population":6000,"departement":{"code":"83","nom":"Var"},"region":{"code":"93","nom":"Provence-Alpes-Côte d'Azur"}},{"nom":"Saint-Antonin-du-Var","code":"83154","codesPostaux":["83510"],"centre":{"type":"Point","coordinates":[6.2935,43.5071]},"surface":1767.62,"population":870,"departement":{"code":"83","nom":"Var"},"region":{"code":"93","nom":"Provence-Alpes-Côte d'Azur"}}]