[{"nom":"Abbéville-la-Rivière","code":"91001","codesPostaux":["91150"],"centre":{"type":"Point","coordinates":[2.197,48.3369]},"surface":1504.58,"population":322,"departement":{"code":"91","nom":"Essonne"},"region":{"code":"11","nom":"Île-de-France"}},{"nom":"Angerville","code":"91016","codesPostaux":["91670"],"centre":{"type":"Point","coordinates":[2.0057,48.3116]},"surface":2580.43,"population":4428,"departement":{"code":"91","nom":"Essonne"},"region":{"code":"11","nom":"Île-de-France"}},{"nom":"Angervilliers","code":"91017","codesPostaux":["91470"],"centre":{"type":"Point","coordinates":[2.0593,48.5916]},"surface":910.83,"population":1772,"departement":{"code":"91","nom":"Essonne"},"region":{"code":"11","nom":"Île-de-France"}},{"nom":"Arpajon","code":"91021","codesPostaux":["91290"],"centre":{"type":"Point","coordinates":[2.2462,48.5894]},"surface":238.82,"population":11698,"departement":{"code":"91","nom":"Essonne"},"region":{"code":"11","nom":"Île-de-France"}},{"nom":"Arrancourt","code":"91022","codesPostaux":["91690"],"centre":{"type":"Point","coordinates":[2.1489,48.3279]},"surface":757.63,"population":115,"departement":{"code":"91","nom":"Essonne"},"region":{"code":"11","nom":"Île-de-France"}},{"nom":"Athis-Mons","code":"91027","codesPostaux":["91200"],"centre":{"type":"Point","coordinates":[2.3848,48.7093]},"surface":860.6,"population":36613,"departement":{"code":"91","nom":"Essonne"},"region":{"code":"11","nom":"Île-de-France"}},{"nom":"Authon-la-Plaine","code":"91035","codesPostaux":["91410"],"centre":{"type":"Point","coordinates":[1.9545,48.456]},"surface":1049.13,"population":368,"departement":{"code":"91","nom":"Essonne"},"region":{"code":"11","nom":"Île-de-France"}},{"nom":"Auvernaux","code":"91037","codesPostaux":["91830"],"centre":{"type":"Point","coordinates":[2.4898,48.5274]},"surface":650.37,"population":332,"departement":{"code":"91","nom":"Essonne"},"region":{"code":"11","nom":"Île-de-France"}},{"nom":"Auvers-Saint-Georges","code":"91038","codesPostaux":["91580"],"centre":{"type":"Point","coordinates":[2.2229,48.4745]},"surface":1273.79,"population":1223,"departement":{"code":"91","nom":"Essonne"},"region":{"code":"11","nom":"Île-de-France"}},{"nom":"Avrainville","code":"91041","codesPostaux":["91630"],"centre":{"type":"Point","coordinates":[2.2437,48.5543]},"surface":928.15,"population":1052,"departement":{"code":"91","nom":"Essonne"},"region":{"code":"11","nom":"Île-de-France"}},{"nom":"Ballainvilliers","code":"91044","codesPostaux":["91160"],"centre":{"type":"Point","coordinates":[2.291,48.6718]},"surface":398.04,"population":4904,"departement":{"code":"91","nom":"Essonne"},"region":{"code":"11","nom":"Île-de-France"}},{"nom":"Ballancourt-sur-Essonne","code":"91045","codesPostaux":["91610"],"centre":{"type":"Point","coordinates":[2.3882,48.5246]},"surface":1141.55,"population":8191,"departement":{"code":"91","nom":"Essonne"},"region":{"code":"11","nom":"Île-de-France"}},{"nom":"Baulne","code":"91047","codesPostaux":["91590"],"centre":{"type":"Point","coordinates":[2.3809,48.495]},"surface":818.44,"population":1448,"departement":{"code":"91","nom":"Essonne"},"region":{"code":"11","nom":"Île-de-France"}},{"nom":"Bièvres","code":"91064","codesPostaux":["91570"],"centre":{"type":"Point","coordinates":[2.2079,48.7565]},"surface":971.34,"population":4686,"departement":{"code":"91","nom":"Essonne"},"region":{"code":"11","nom":"Île-de-France"}},{"nom":"Blandy","code":"91067","codesPostaux":["91150"],"centre":{"type":"Point","coordinates":[2.2576,48.3205]},"surface":789.14,"population":111,"departement":{"code":"91","nom":"Essonne"},"region":{"code":"11","nom":"Île-de-France"}},{"nom":"Boigneville","code":"91069","codesPostaux":["91720"],"centre":{"type":"Point","coordinates":[2.3655,48.328]},"surface":1576.5,"population":369,"departement":{"code":"91","nom":"Essonne"},"region":{"code":"11","nom":"Île-de-France"}},{"nom":"Bois-Herpin","code":"91075","codesPostaux":["91150"],"centre":{"type":"Point","coordinates":[2.2393,48.375]},"surface":391.77,"population":81,"departement":{"code":"91","nom":"Essonne"},"region":{"code":"11","nom":"Île-de-France"}},{"nom":"Boissy-la-Rivière","code":"91079","codesPostaux":["91690"],"centre":{"type":"Point","coordinates":[2.1715,48.3801]},"surface":1253.9,"population":550,"departement":{"code":"91","nom":"Essonne"},"region":{"code":"11","nom":"Île-de-France"}},{"nom":"Boissy-le-Cutté","code":"91080","codesPostaux":["91590"],"centre":{"type":"Point","coordinates":[2.2841,48.4711]},"surface":463.82,"population":1331,"departement":{"code":"91","nom":"Essonne"},"region":{"code":"11","nom":"Île-de-France"}},{"nom":"Boissy-le-Sec","code":"91081","codesPostaux":["91870"],"centre":{"type":"Point","coordinates":[2.0919,48.4865]},"surface":1929.3,"population":690,"departement":{"code":"91","nom":"Essonne"},"region":{"code":"11","nom":"Île-de-France"}},{"nom":"Boissy-sous-Saint-Yon","code":"91085","codesPostaux":["91790"],"centre":{"type":"Point","coordinates":[2.2111,48.5528]},"surface":812.33,"population":3882,"departement":{"code":"91","nom":"Essonne"},"region":{"code":"11","nom":"Île-de-France"}},{"nom":"Bondoufle","code":"91086","codesPostaux":["91070"],"centre":{"type":"Point","coordinates":[2.3795,48.6155]},"surface":682.07,"population":10767,"departement":{"code":"91","nom":"Essonne"},"region":{"code":"11","nom":"Île-de-France"}},{"nom":"Boullay-les-Troux","code":"91093","codesPostaux":["91470"],"centre":{"type":"Point","coordinates":[2.0496,48.6746]},"surface":486.22,"population":624,"departement":{"code":"91","nom":"Essonne"},"region":{"code":"11","nom":"Île-de-France"}},{"nom":"Bouray-sur-Juine","code":"91095","codesPostaux":["91850"],"centre":{"type":"Point","coordinates":[2.2968,48.5115]},"surface":723.13,"population":2108,"departement":{"code":"91","nom":"Essonne"},"region":{"code":"11","nom":"Île-de-France"}},{"nom":"Boussy-Saint-Antoine","code":"91097","codesPostaux":["91800"],"centre":{"type":"Point","coordinates":[2.5354,48.6893]},"surface":291.85,"population":8097,"departement":{"code":"91","nom":"Essonne"},"region":{"code":"11","nom":"Île-de-France"}},{"nom":"Boutervilliers","code":"91098","codesPostaux":["91150"],"centre":{"type":"Point","coordinates":[2.0512,48.4542]},"surface":715.49,"population":429,"departement":{"code":"91","nom":"Essonne"},"region":{"code":"11","nom":"Île-de-France"}},{"nom":"Boutigny-sur-Essonne","code":"91099","codesPostaux":["91820"],"centre":{"type":"Point","coordinates":[2.3924,48.4359]},"surface":1624.97,"population":3146,"departement":{"code":"91","nom":"Essonne"},"region":{"code":"11","nom":"Île-de-France"}},{"nom":"Bouville","code":"91100","codesPostaux":["91880"],"centre":{"type":"Point","coordinates":[2.2806,48.437]},"surface":2088.84,"population":669,"departement":{"code":"91","nom":"Essonne"},"region":{"code":"11","nom":"Île-de-France"}},{"nom":"Brétigny-sur-Orge","code":"91103","codesPostaux":["91220"],"centre":{"type":"Point","coordinates":[2.2989,48.601]},"surface":1463.33,"population":26658,"departement":{"code":"91","nom":"Essonne"},"region":{"code":"11","nom":"Île-de-France"}},{"nom":"Breuillet","code":"91105","codesPostaux":["91650"],"centre":{"type":"Point","coordinates":[2.1644,48.5716]},"surface":677.12,"population":9157,"departement":{"code":"91","nom":"Essonne"},"region":{"code":"11","nom":"Île-de-France"}},{"nom":"Breux-Jouy","code":"91106","codesPostaux":["91650"],"centre":{"type":"Point","coordinates":[2.1601,48.551]},"surface":476.56,"population":1285,"departement":{"code":"91","nom":"Essonne"},"region":{"code":"11","nom":"Île-de-France"}},{"nom":"Brières-les-Scellés","code":"91109","codesPostaux":["91150"],"centre":{"type":"Point","coordinates":[2.1427,48.4646]},"surface":862.77,"population":1186,"departement":{"code":"91","nom":"Essonne"},"region":{"code":"11","nom":"Île-de-France"}},{"nom":"Briis-sous-Forges","code":"91111","codesPostaux":["91640"],"centre":{"type":"Point","coordinates":[2.1304,48.6294]},"surface":1116.44,"population":3342,"departement":{"code":"91","nom":"Essonne"},"region":{"code":"11","nom":"Île-de-France"}},{"nom":"Brouy","code":"91112","codesPostaux":["91150"],"centre":{"type":"Point","coordinates":[2.2927,48.3268]},"surface":849.44,"population":134,"departement":{"code":"91","nom":"Essonne"},"region":{"code":"11","nom":"Île-de-France"}},{"nom":"Brunoy","code":"91114","codesPostaux":["91800"],"centre":{"type":"Point","coordinates":[2.5059,48.6948]},"surface":661.39,"population":25643,"departement":{"code":"91","nom":"Essonne"},"region":{"code":"11","nom":"Île-de-France"}},{"nom":"Bruyères-le-Châtel","code":"91115","codesPostaux":["91680"],"centre":{"type":"Point","coordinates":[2.1804,48.6031]},"surface":1291.25,"population":3788,"departement":{"code":"91","nom":"Essonne"},"region":{"code":"11","nom":"Île-de-France"}},{"nom":"Buno-Bonnevaux","code":"91121","codesPostaux":["91720"],"centre":{"type":"Point","coordinates":[2.4131,48.36]},"surface":1597.06,"population":527,"departement":{"code":"91","nom":"Essonne"},"region":{"code":"11","nom":"Île-de-France"}},{"nom":"Bures-sur-Yvette","code":"91122","codesPostaux":["91440"],"centre":{"type":"Point","coordinates":[2.1589,48.6913]},"surface":450.22,"population":9548,"departement":{"code":"91","nom":"Essonne"},"region":{"code":"11","nom":"Île-de-France"}},{"nom":"Cerny","code":"91129","codesPostaux":["91590"],"centre":{"type":"Point","coordinates":[2.309,48.4837]},"surface":1717.15,"population":3531,"departement":{"code":"91","nom":"Essonne"},"region":{"code":"11","nom":"Île-de-France"}},{"nom":"Chalo-Saint-Mars","code":"91130","codesPostaux":["91780"],"centre":{"type":"Point","coordinates":[2.0564,48.4157]},"surface":2908.66,"population":1053,"departement":{"code":"91","nom":"Essonne"},"region":{"code":"11","nom":"Île-de-France"}},{"nom":"Chalou-Moulineux","code":"91131","codesPostaux":["91740"],"centre":{"type":"Point","coordinates":[2.0245,48.381]},"surface":1075.71,"population":373,"departement":{"code":"91","nom":"Essonne"},"region":{"code":"11","nom":"Île-de-France"}},{"nom":"Chamarande","code":"91132","codesPostaux":["91730"],"centre":{"type":"Point","coordinates":[2.2209,48.5165]},"surface":575.24,"population":1089,"departement":{"code":"91","nom":"Essonne"},"region":{"code":"11","nom":"Île-de-France"}},{"nom":"Champcueil","code":"91135","codesPostaux":["91750"],"centre":{"type":"Point","coordinates":[2.4447,48.5052]},"surface":1647.08,"population":2854,"departement":{"code":"91","nom":"Essonne"},"region":{"code":"11","nom":"Île-de-France"}},{"nom":"Champlan","code":"91136","codesPostaux":["91160"],"centre":{"type":"Point","coordinates":[2.2775,48.7083]},"surface":371.64,"population":2615,"departement":{"code":"91","nom":"Essonne"},"region":{"code":"11","nom":"Île-de-France"}},{"nom":"Champmotteux","code":"91137","codesPostaux":["91150"],"centre":{"type":"Point","coordinates":[2.3161,48.3431]},"surface":756.58,"population":356,"departement":{"code":"91","nom":"Essonne"},"region":{"code":"11","nom":"Île-de-France"}},{"nom":"Chatignonville","code":"91145","codesPostaux":["91410"],"centre":{"type":"Point","coordinates":[1.9351,48.4675]},"surface":516.07,"population":72,"departement":{"code":"91","nom":"Essonne"},"region":{"code":"11","nom":"Île-de-France"}},{"nom":"Chauffour-lès-Étréchy","code":"91148","codesPostaux":["91580"],"centre":{"type":"Point","coordinates":[2.1705,48.5085]},"surface":483.3,"population":132,"departement":{"code":"91","nom":"Essonne"},"region":{"code":"11","nom":"Île-de-France"}},{"nom":"Cheptainville","code":"91156","codesPostaux":["91630"],"centre":{"type":"Point","coordinates":[2.276,48.5472]},"surface":721.21,"population":2204,"departement":{"code":"91","nom":"Essonne"},"region":{"code":"11","nom":"Île-de-France"}},{"nom":"Chevannes","code":"91159","codesPostaux":["91750"],"centre":{"type":"Point","coordinates":[2.4386,48.534]},"surface":1025.58,"population":1550,"departement":{"code":"91","nom":"Essonne"},"region":{"code":"11","nom":"Île-de-France"}},{"nom":"Chilly-Mazarin","code":"91161","codesPostaux":["91380"],"centre":{"type":"Point","coordinates":[2.3103,48.7051]},"surface":560.21,"population":20443,"departement":{"code":"91","nom":"Essonne"},"region":{"code":"11","nom":"Île-de-France"}},{"nom":"Corbeil-Essonnes","code":"91174","codesPostaux":["91100"],"centre":{"type":"Point","coordinates":[2.4646,48.5973]},"surface":1102.43,"population":54471,"departement":{"code":"91","nom":"Essonne"},"region":{"code":"11","nom":"Île-de-France"}},{"nom":"Corbreuse","code":"91175","codesPostaux":["91410"],"centre":{"type":"Point","coordinates":[1.9638,48.5007]},"surface":1592.01,"population":1640,"departement":{"code":"91","nom":"Essonne"},"region":{"code":"11","nom":"Île-de-France"}},{"nom":"Le Coudray-Montceaux","code":"91179","codesPostaux":["91830"],"centre":{"type":"Point","coordinates":[2.4926,48.5605]},"surface":1147.06,"population":4801,"departement":{"code":"91","nom":"Essonne"},"region":{"code":"11","nom":"Île-de-France"}},{"nom":"Courances","code":"91180","codesPostaux":["91490"],"centre":{"type":"Point","coordinates":[2.4838,48.4409]},"surface":830.48,"population":348,"departement":{"code":"91","nom":"Essonne"},"region":{"code":"11","nom":"Île-de-France"}},{"nom":"Courdimanche-sur-Essonne","code":"91184","codesPostaux":["91720"],"centre":{"type":"Point","coordinates":[2.3591,48.4202]},"surface":569.44,"population":276,"departement":{"code":"91","nom":"Essonne"},"region":{"code":"11","nom":"Île-de-France"}},{"nom":"Courson-Monteloup","code":"91186","codesPostaux":["91680"],"centre":{"type":"Point","coordinates":[2.1389,48.599]},"surface":375.74,"population":563,"departement":{"code":"91","nom":"Essonne"},"region":{"code":"11","nom":"Île-de-France"}},{"nom":"Crosne","code":"91191","codesPostaux":["91560"],"centre":{"type":"Point","coordinates":[2.4621,48.7202]},"surface":247.23,"population":9610,"departement":{"code":"91","nom":"Essonne"},"region":{"code":"11","nom":"Île-de-France"}},{"nom":"Dannemois","code":"91195","codesPostaux":["91490"],"centre":{"type":"Point","coordinates":[2.4708,48.4602]},"surface":845.43,"population":865,"departement":{"code":"91","nom":"Essonne"},"region":{"code":"11","nom":"Île-de-France"}},{"nom":"D'Huison-Longueville","code":"91198","codesPostaux":["91590"],"centre":{"type":"Point","coordinates":[2.323,48.4547]},"surface":992.36,"population":1557,"departement":{"code":"91","nom":"Essonne"},"region":{"code":"11","nom":"Île-de-France"}},{"nom":"Dourdan","code":"91200","codesPostaux":["91410"],"centre":{"type":"Point","coordinates":[1.9924,48.532]},"surface":3074.51,"population":11415,"departement":{"code":"91","nom":"Essonne"},"region":{"code":"11","nom":"Île-de-France"}},{"nom":"Draveil","code":"91201","codesPostaux":["91210"],"centre":{"type":"Point","coordinates":[2.4249,48.6777]},"surface":1593.02,"population":30098,"departement":{"code":"91","nom":"Essonne"},"region":{"code":"11","nom":"Île-de-France"}},{"nom":"Écharcon","code":"91204","codesPostaux":["91540"],"centre":{"type":"Point","coordinates":[2.4023,48.5747]},"surface":686.29,"population":708,"departement":{"code":"91","nom":"Essonne"},"region":{"code":"11","nom":"Île-de-France"}},{"nom":"Égly","code":"91207","codesPostaux":["91520"],"centre":{"type":"Point","coordinates":[2.2183,48.5778]},"surface":398.05,"population":7166,"departement":{"code":"91","nom":"Essonne"},"region":{"code":"11","nom":"Île-de-France"}},{"nom":"Épinay-sous-Sénart","code":"91215","codesPostaux":["91860"],"centre":{"type":"Point","coordinates":[2.5152,48.6885]},"surface":358.75,"population":11611,"departement":{"code":"91","nom":"Essonne"},"region":{"code":"11","nom":"Île-de-France"}},{"nom":"Épinay-sur-Orge","code":"91216","codesPostaux":["91360"],"centre":{"type":"Point","coordinates":[2.3194,48.6719]},"surface":435.89,"population":10722,"departement":{"code":"91","nom":"Essonne"},"region":{"code":"11","nom":"Île-de-France"}},{"nom":"Étampes","code":"91223","codesPostaux":["91150"],"centre":{"type":"Point","coordinates":[2.1524,48.4227]},"surface":4596.21,"population":26857,"departement":{"code":"91","nom":"Essonne"},"region":{"code":"11","nom":"Île-de-France"}},{"nom":"Étiolles","code":"91225","codesPostaux":["91450"],"centre":{"type":"Point","coordinates":[2.4852,48.6485]},"surface":1172.39,"population":3105,"departement":{"code":"91","nom":"Essonne"},"region":{"code":"11","nom":"Île-de-France"}},{"nom":"Étréchy","code":"91226","codesPostaux":["91580"],"centre":{"type":"Point","coordinates":[2.177,48.4956]},"surface":1423.76,"population":6986,"departement":{"code":"91","nom":"Essonne"},"region":{"code":"11","nom":"Île-de-France"}},{"nom":"Évry-Courcouronnes","code":"91228","codesPostaux":["91000","91080"],"centre":{"type":"Point","coordinates":[2.4313,48.6287]},"surface":1309.47,"population":66919,"departement":{"code":"91","nom":"Essonne"},"region":{"code":"11","nom":"Île-de-France"}},{"nom":"La Ferté-Alais","code":"91232","codesPostaux":["91590"],"centre":{"type":"Point","coordinates":[2.3678,48.4819]},"surface":456.59,"population":3731,"departement":{"code":"91","nom":"Essonne"},"region":{"code":"11","nom":"Île-de-France"}},{"nom":"Fleury-Mérogis","code":"91235","codesPostaux":["91700"],"centre":{"type":"Point","coordinates":[2.3712,48.6327]},"surface":637.58,"population":13721,"departement":{"code":"91","nom":"Essonne"},"region":{"code":"11","nom":"Île-de-France"}},{"nom":"Fontaine-la-Rivière","code":"91240","codesPostaux":["91690"],"centre":{"type":"Point","coordinates":[2.1674,48.359]},"surface":373.34,"population":192,"departement":{"code":"91","nom":"Essonne"},"region":{"code":"11","nom":"Île-de-France"}},{"nom":"Fontenay-lès-Briis","code":"91243","codesPostaux":["91640"],"centre":{"type":"Point","coordinates":[2.171,48.6112]},"surface":981.69,"population":2350,"departement":{"code":"91","nom":"Essonne"},"region":{"code":"11","nom":"Île-de-France"}},{"nom":"Fontenay-le-Vicomte","code":"91244","codesPostaux":["91540"],"centre":{"type":"Point","coordinates":[2.3997,48.5474]},"surface":688.55,"population":1596,"departement":{"code":"91","nom":"Essonne"},"region":{"code":"11","nom":"Île-de-France"}},{"nom":"La Forêt-le-Roi","code":"91247","codesPostaux":["91410"],"centre":{"type":"Point","coordinates":[2.0457,48.4775]},"surface":796.81,"population":492,"departement":{"code":"91","nom":"Essonne"},"region":{"code":"11","nom":"Île-de-France"}},{"nom":"La Forêt-Sainte-Croix","code":"91248","codesPostaux":["91150"],"centre":{"type":"Point","coordinates":[2.2308,48.3832]},"surface":534.58,"population":148,"departement":{"code":"91","nom":"Essonne"},"region":{"code":"11","nom":"Île-de-France"}},{"nom":"Forges-les-Bains","code":"91249","codesPostaux":["91470"],"centre":{"type":"Point","coordinates":[2.0811,48.6182]},"surface":1473.09,"population":4241,"departement":{"code":"91","nom":"Essonne"},"region":{"code":"11","nom":"Île-de-France"}},{"nom":"Gif-sur-Yvette","code":"91272","codesPostaux":["91190"],"centre":{"type":"Point","coordinates":[2.1342,48.6964]},"surface":1189.36,"population":22544,"departement":{"code":"91","nom":"Essonne"},"region":{"code":"11","nom":"Île-de-France"}},{"nom":"Gironville-sur-Essonne","code":"91273","codesPostaux":["91720"],"centre":{"type":"Point","coordinates":[2.3451,48.3655]},"surface":1329.68,"population":760,"departement":{"code":"91","nom":"Essonne"},"region":{"code":"11","nom":"Île-de-France"}},{"nom":"Gometz-la-Ville","code":"91274","codesPostaux":["91400"],"centre":{"type":"Point","coordinates":[2.1127,48.675]},"surface":968.44,"population":1536,"departement":{"code":"91","nom":"Essonne"},"region":{"code":"11","nom":"Île-de-France"}},{"nom":"Gometz-le-Châtel","code":"91275","codesPostaux":["91940"],"centre":{"type":"Point","coordinates":[2.142,48.6729]},"surface":505.38,"population":2630,"departement":{"code":"91","nom":"Essonne"},"region":{"code":"11","nom":"Île-de-France"}},{"nom":"Les Granges-le-Roi","code":"91284","codesPostaux":["91410"],"centre":{"type":"Point","coordinates":[2.0124,48.4994]},"surface":1277.94,"population":1197,"departement":{"code":"91","nom":"Essonne"},"region":{"code":"11","nom":"Île-de-France"}},{"nom":"Grigny","code":"91286","codesPostaux":["91350"],"centre":{"type":"Point","coordinates":[2.3861,48.6584]},"surface":502.33,"population":26842,"departement":{"code":"91","nom":"Essonne"},"region":{"code":"11","nom":"Île-de-France"}},{"nom":"Guibeville","code":"91292","codesPostaux":["91630"],"centre":{"type":"Point","coordinates":[2.2714,48.567]},"surface":263.21,"population":923,"departement":{"code":"91","nom":"Essonne"},"region":{"code":"11","nom":"Île-de-France"}},{"nom":"Guigneville-sur-Essonne","code":"91293","codesPostaux":["91590"],"centre":{"type":"Point","coordinates":[2.3755,48.4636]},"surface":922.66,"population":904,"departement":{"code":"91","nom":"Essonne"},"region":{"code":"11","nom":"Île-de-France"}},{"nom":"Guillerval","code":"91294","codesPostaux":["91690"],"centre":{"type":"Point","coordinates":[2.0802,48.3662]},"surface":1732.19,"population":808,"departement":{"code":"91","nom":"Essonne"},"region":{"code":"11","nom":"Île-de-France"}},{"nom":"Igny","code":"91312","codesPostaux":["91430"],"centre":{"type":"Point","coordinates":[2.2229,48.7375]},"surface":383.68,"population":10833,"departement":{"code":"91","nom":"Essonne"},"region":{"code":"11","nom":"Île-de-France"}},{"nom":"Itteville","code":"91315","codesPostaux":["91760"],"centre":{"type":"Point","coordinates":[2.3398,48.5144]},"surface":1228.26,"population":6746,"departement":{"code":"91","nom":"Essonne"},"region":{"code":"11","nom":"Île-de-France"}},{"nom":"Janville-sur-Juine","code":"91318","codesPostaux":["91510"],"centre":{"type":"Point","coordinates":[2.2493,48.4991]},"surface":1062.9,"population":2041,"departement":{"code":"91","nom":"Essonne"},"region":{"code":"11","nom":"Île-de-France"}},{"nom":"Janvry","code":"91319","codesPostaux":["91640"],"centre":{"type":"Point","coordinates":[2.1564,48.6456]},"surface":831.93,"population":654,"departement":{"code":"91","nom":"Essonne"},"region":{"code":"11","nom":"Île-de-France"}},{"nom":"Juvisy-sur-Orge","code":"91326","codesPostaux":["91260"],"centre":{"type":"Point","coordinates":[2.3722,48.6917]},"surface":224.36,"population":19292,"departement":{"code":"91","nom":"Essonne"},"region":{"code":"11","nom":"Île-de-France"}},{"nom":"Lardy","code":"91330","codesPostaux":["91510"],"centre":{"type":"Point","coordinates":[2.2707,48.5284]},"surface":766.77,"population":5530,"departement":{"code":"91","nom":"Essonne"},"region":{"code":"11","nom":"Île-de-France"}},{"nom":"Leudeville","code":"91332","codesPostaux":["91630"],"centre":{"type":"Point","coordinates":[2.3291,48.5726]},"surface":784.89,"population":1562,"departement":{"code":"91","nom":"Essonne"},"region":{"code":"11","nom":"Île-de-France"}},{"nom":"Leuville-sur-Orge","code":"91333","codesPostaux":["91310"],"centre":{"type":"Point","coordinates":[2.2695,48.6135]},"surface":252.57,"population":4271,"departement":{"code":"91","nom":"Essonne"},"region":{"code":"11","nom":"Île-de-France"}},{"nom":"Limours","code":"91338","codesPostaux":["91470"],"centre":{"type":"Point","coordinates":[2.0823,48.6463]},"surface":1411.98,"population":6517,"departement":{"code":"91","nom":"Essonne"},"region":{"code":"11","nom":"Île-de-France"}},{"nom":"Linas","code":"91339","codesPostaux":["91310"],"centre":{"type":"Point","coordinates":[2.2525,48.6261]},"surface":758.52,"population":7987,"departement":{"code":"91","nom":"Essonne"},"region":{"code":"11","nom":"Île-de-France"}},{"nom":"Lisses","code":"91340","codesPostaux":["91090"],"centre":{"type":"Point","coordinates":[2.4259,48.5935]},"surface":1044.71,"population":7373,"departement":{"code":"91","nom":"Essonne"},"region":{"code":"11","nom":"Île-de-France"}},{"nom":"Longjumeau","code":"91345","codesPostaux":["91160"],"centre":{"type":"Point","coordinates":[2.3057,48.6923]},"surface":489.67,"population":21996,"departement":{"code":"91","nom":"Essonne"},"region":{"code":"11","nom":"Île-de-France"}},{"nom":"Longpont-sur-Orge","code":"91347","codesPostaux":["91310"],"centre":{"type":"Point","coordinates":[2.2859,48.639]},"surface":509.18,"population":6482,"departement":{"code":"91","nom":"Essonne"},"region":{"code":"11","nom":"Île-de-France"}},{"nom":"Maisse","code":"91359","codesPostaux":["91720"],"centre":{"type":"Point","coordinates":[2.3744,48.3961]},"surface":2151.49,"population":2797,"departement":{"code":"91","nom":"Essonne"},"region":{"code":"11","nom":"Île-de-France"}},{"nom":"Marcoussis","code":"91363","codesPostaux":["91460"],"centre":{"type":"Point","coordinates":[2.2078,48.6491]},"surface":1672.45,"population":8618,"departement":{"code":"91","nom":"Essonne"},"region":{"code":"11","nom":"Île-de-France"}},{"nom":"Marolles-en-Beauce","code":"91374","codesPostaux":["91150"],"centre":{"type":"Point","coordinates":[2.2067,48.3713]},"surface":598.05,"population":237,"departement":{"code":"91","nom":"Essonne"},"region":{"code":"11","nom":"Île-de-France"}},{"nom":"Marolles-en-Hurepoix","code":"91376","codesPostaux":["91630"],"centre":{"type":"Point","coordinates":[2.2992,48.5641]},"surface":652.77,"population":5708,"departement":{"code":"91","nom":"Essonne"},"region":{"code":"11","nom":"Île-de-France"}},{"nom":"Massy","code":"91377","codesPostaux":["91300"],"centre":{"type":"Point","coordinates":[2.2696,48.7263]},"surface":939.87,"population":51729,"departement":{"code":"91","nom":"Essonne"},"region":{"code":"11","nom":"Île-de-France"}},{"nom":"Mauchamps","code":"91378","codesPostaux":["91730"],"centre":{"type":"Point","coordinates":[2.1976,48.5287]},"surface":318.43,"population":387,"departement":{"code":"91","nom":"Essonne"},"region":{"code":"11","nom":"Île-de-France"}},{"nom":"Mennecy","code":"91386","codesPostaux":["91540"],"centre":{"type":"Point","coordinates":[2.4362,48.5592]},"surface":1117.96,"population":16433,"departement":{"code":"91","nom":"Essonne"},"region":{"code":"11","nom":"Île-de-France"}},{"nom":"Le Mérévillois","code":"91390","codesPostaux":["91660"],"centre":{"type":"Point","coordinates":[2.0963,48.3201]},"surface":3318.16,"population":3477,"departement":{"code":"91","nom":"Essonne"},"region":{"code":"11","nom":"Île-de-France"}},{"nom":"Mérobert","code":"91393","codesPostaux":["91780"],"centre":{"type":"Point","coordinates":[1.9919,48.4191]},"surface":1061.7,"population":635,"departement":{"code":"91","nom":"Essonne"},"region":{"code":"11","nom":"Île-de-France"}},{"nom":"Mespuits","code":"91399","codesPostaux":["91150"],"centre":{"type":"Point","coordinates":[2.2802,48.3574]},"surface":996.33,"population":184,"departement":{"code":"91","nom":"Essonne"},"region":{"code":"11","nom":"Île-de-France"}},{"nom":"Milly-la-Forêt","code":"91405","codesPostaux":["91490"],"centre":{"type":"Point","coordinates":[2.4771,48.3966]},"surface":3372.31,"population":4562,"departement":{"code":"91","nom":"Essonne"},"region":{"code":"11","nom":"Île-de-France"}},{"nom":"Moigny-sur-École","code":"91408","codesPostaux":["91490"],"centre":{"type":"Point","coordinates":[2.4412,48.4367]},"surface":1224.4,"population":1294,"departement":{"code":"91","nom":"Essonne"},"region":{"code":"11","nom":"Île-de-France"}},{"nom":"Les Molières","code":"91411","codesPostaux":["91470"],"centre":{"type":"Point","coordinates":[2.0682,48.6736]},"surface":703.51,"population":1975,"departement":{"code":"91","nom":"Essonne"},"region":{"code":"11","nom":"Île-de-France"}},{"nom":"Mondeville","code":"91412","codesPostaux":["91590"],"centre":{"type":"Point","coordinates":[2.4227,48.4924]},"surface":678.14,"population":726,"departement":{"code":"91","nom":"Essonne"},"region":{"code":"11","nom":"Île-de-France"}},{"nom":"Monnerville","code":"91414","codesPostaux":["91930"],"centre":{"type":"Point","coordinates":[2.0379,48.3471]},"surface":828.48,"population":376,"departement":{"code":"91","nom":"Essonne"},"region":{"code":"11","nom":"Île-de-France"}},{"nom":"Montgeron","code":"91421","codesPostaux":["91230"],"centre":{"type":"Point","coordinates":[2.4638,48.6952]},"surface":1117.81,"population":24022,"departement":{"code":"91","nom":"Essonne"},"region":{"code":"11","nom":"Île-de-France"}},{"nom":"Montlhéry","code":"91425","codesPostaux":["91310"],"centre":{"type":"Point","coordinates":[2.266,48.6392]},"surface":331.53,"population":9772,"departement":{"code":"91","nom":"Essonne"},"region":{"code":"11","nom":"Île-de-France"}},{"nom":"Morangis","code":"91432","codesPostaux":["91420"],"centre":{"type":"Point","coordinates":[2.3361,48.7022]},"surface":481.48,"population":14129,"departement":{"code":"91","nom":"Essonne"},"region":{"code":"11","nom":"Île-de-France"}},{"nom":"Morigny-Champigny","code":"91433","codesPostaux":["91150"],"centre":{"type":"Point","coordinates":[2.2025,48.4383]},"surface":3098.39,"population":4412,"departement":{"code":"91","nom":"Essonne"},"region":{"code":"11","nom":"Île-de-France"}},{"nom":"Morsang-sur-Orge","code":"91434","codesPostaux":["91390"],"centre":{"type":"Point","coordinates":[2.3513,48.6564]},"surface":438.48,"population":21667,"departement":{"code":"91","nom":"Essonne"},"region":{"code":"11","nom":"Île-de-France"}},{"nom":"Morsang-sur-Seine","code":"91435","codesPostaux":["91250"],"centre":{"type":"Point","coordinates":[2.5013,48.5775]},"surface":442.47,"population":583,"departement":{"code":"91","nom":"Essonne"},"region":{"code":"11","nom":"Île-de-France"}},{"nom":"Nainville-les-Roches","code":"91441","codesPostaux":["91750"],"centre":{"type":"Point","coordinates":[2.4943,48.5053]},"surface":598.91,"population":564,"departement":{"code":"91","nom":"Essonne"},"region":{"code":"11","nom":"Île-de-France"}},{"nom":"La Norville","code":"91457","codesPostaux":["91290"],"centre":{"type":"Point","coordinates":[2.266,48.583]},"surface":457.26,"population":4268,"departement":{"code":"91","nom":"Essonne"},"region":{"code":"11","nom":"Île-de-France"}},{"nom":"Nozay","code":"91458","codesPostaux":["91620"],"centre":{"type":"Point","coordinates":[2.2366,48.6594]},"surface":736.85,"population":4471,"departement":{"code":"91","nom":"Essonne"},"region":{"code":"11","nom":"Île-de-France"}},{"nom":"Ollainville","code":"91461","codesPostaux":["91340"],"centre":{"type":"Point","coordinates":[2.2204,48.6068]},"surface":1141.28,"population":5455,"departement":{"code":"91","nom":"Essonne"},"region":{"code":"11","nom":"Île-de-France"}},{"nom":"Oncy-sur-École","code":"91463","codesPostaux":["91490"],"centre":{"type":"Point","coordinates":[2.4564,48.3803]},"surface":540.77,"population":1042,"departement":{"code":"91","nom":"Essonne"},"region":{"code":"11","nom":"Île-de-France"}},{"nom":"Ormoy","code":"91468","codesPostaux":["91540"],"centre":{"type":"Point","coordinates":[2.4576,48.5714]},"surface":189.09,"population":3225,"departement":{"code":"91","nom":"Essonne"},"region":{"code":"11","nom":"Île-de-France"}},{"nom":"Ormoy-la-Rivière","code":"91469","codesPostaux":["91150"],"centre":{"type":"Point","coordinates":[2.1652,48.4024]},"surface":1047.51,"population":943,"departement":{"code":"91","nom":"Essonne"},"region":{"code":"11","nom":"Île-de-France"}},{"nom":"Orsay","code":"91471","codesPostaux":["91400"],"centre":{"type":"Point","coordinates":[2.1896,48.6972]},"surface":742.34,"population":16498,"departement":{"code":"91","nom":"Essonne"},"region":{"code":"11","nom":"Île-de-France"}},{"nom":"Orveau","code":"91473","codesPostaux":["91590"],"centre":{"type":"Point","coordinates":[2.297,48.4489]},"surface":427.79,"population":141,"departement":{"code":"91","nom":"Essonne"},"region":{"code":"11","nom":"Île-de-France"}},{"nom":"Palaiseau","code":"91477","codesPostaux":["91120"],"centre":{"type":"Point","coordinates":[2.2293,48.7155]},"surface":1166.44,"population":37471,"departement":{"code":"91","nom":"Essonne"},"region":{"code":"11","nom":"Île-de-France"}},{"nom":"Paray-Vieille-Poste","code":"91479","codesPostaux":["91550","94390"],"centre":{"type":"Point","coordinates":[2.3577,48.7239]},"surface":603.59,"population":8202,"departement":{"code":"91","nom":"Essonne"},"region":{"code":"11","nom":"Île-de-France"}},{"nom":"Pecqueuse","code":"91482","codesPostaux":["91470"],"centre":{"type":"Point","coordinates":[2.0361,48.646]},"surface":744.78,"population":580,"departement":{"code":"91","nom":"Essonne"},"region":{"code":"11","nom":"Île-de-France"}},{"nom":"Le Plessis-Pâté","code":"91494","codesPostaux":["91220"],"centre":{"type":"Point","coordinates":[2.3404,48.6054]},"surface":759.42,"population":4154,"departement":{"code":"91","nom":"Essonne"},"region":{"code":"11","nom":"Île-de-France"}},{"nom":"Plessis-Saint-Benoist","code":"91495","codesPostaux":["91410"],"centre":{"type":"Point","coordinates":[2.0052,48.445]},"surface":917.18,"population":325,"departement":{"code":"91","nom":"Essonne"},"region":{"code":"11","nom":"Île-de-France"}},{"nom":"Prunay-sur-Essonne","code":"91507","codesPostaux":["91720"],"centre":{"type":"Point","coordinates":[2.3562,48.3524]},"surface":512.18,"population":324,"departement":{"code":"91","nom":"Essonne"},"region":{"code":"11","nom":"Île-de-France"}},{"nom":"Puiselet-le-Marais","code":"91508","codesPostaux":["91150"],"centre":{"type":"Point","coordinates":[2.2635,48.3947]},"surface":1128.01,"population":261,"departement":{"code":"91","nom":"Essonne"},"region":{"code":"11","nom":"Île-de-France"}},{"nom":"Pussay","code":"91511","codesPostaux":["91740"],"centre":{"type":"Point","coordinates":[1.9981,48.3501]},"surface":1159.12,"population":2288,"departement":{"code":"91","nom":"Essonne"},"region":{"code":"11","nom":"Île-de-France"}},{"nom":"Quincy-sous-Sénart","code":"91514","codesPostaux":["91480"],"centre":{"type":"Point","coordinates":[2.5259,48.6722]},"surface":523.71,"population":9477,"departement":{"code":"91","nom":"Essonne"},"region":{"code":"11","nom":"Île-de-France"}},{"nom":"Richarville","code":"91519","codesPostaux":["91410"],"centre":{"type":"Point","coordinates":[2.0006,48.4696]},"surface":1049,"population":386,"departement":{"code":"91","nom":"Essonne"},"region":{"code":"11","nom":"Île-de-France"}},{"nom":"Ris-Orangis","code":"91521","codesPostaux":["91130"],"centre":{"type":"Point","coordinates":[2.4104,48.6457]},"surface":836.27,"population":31189,"departement":{"code":"91","nom":"Essonne"},"region":{"code":"11","nom":"Île-de-France"}},{"nom":"Roinville","code":"91525","codesPostaux":["91410"],"centre":{"type":"Point","coordinates":[2.0534,48.5183]},"surface":1350.81,"population":1319,"departement":{"code":"91","nom":"Essonne"},"region":{"code":"11","nom":"Île-de-France"}},{"nom":"Roinvilliers","code":"91526","codesPostaux":["91150"],"centre":{"type":"Point","coordinates":[2.2321,48.3461]},"surface":717.48,"population":112,"departement":{"code":"91","nom":"Essonne"},"region":{"code":"11","nom":"Île-de-France"}},{"nom":"Saclas","code":"91533","codesPostaux":["91690"],"centre":{"type":"Point","coordinates":[2.1103,48.3576]},"surface":1365.83,"population":1819,"departement":{"code":"91","nom":"Essonne"},"region":{"code":"11","nom":"Île-de-France"}},{"nom":"Saclay","code":"91534","codesPostaux":["91400"],"centre":{"type":"Point","coordinates":[2.1693,48.7367]},"surface":1374.81,"population":4437,"departement":{"code":"91","nom":"Essonne"},"region":{"code":"11","nom":"Île-de-France"}},{"nom":"Saint-Aubin","code":"91538","codesPostaux":["91190"],"centre":{"type":"Point","coordinates":[2.1384,48.7148]},"surface":356.33,"population":661,"departement":{"code":"91","nom":"Essonne"},"region":{"code":"11","nom":"Île-de-France"}},{"nom":"Saint-Chéron","code":"91540","codesPostaux":["91530"],"centre":{"type":"Point","coordinates":[2.1249,48.5499]},"surface":1153.07,"population":5132,"departement":{"code":"91","nom":"Essonne"},"region":{"code":"11","nom":"Île-de-France"}},{"nom":"Saint-Cyr-la-Rivière","code":"91544","codesPostaux":["91690"],"centre":{"type":"Point","coordinates":[2.1377,48.3508]},"surface":882.24,"population":466,"departement":{"code":"91","nom":"Essonne"},"region":{"code":"11","nom":"Île-de-France"}},{"nom":"Saint-Cyr-sous-Dourdan","code":"91546","codesPostaux":["91410"],"centre":{"type":"Point","coordinates":[2.0361,48.5675]},"surface":1005.13,"population":982,"departement":{"code":"91","nom":"Essonne"},"region":{"code":"11","nom":"Île-de-France"}},{"nom":"Saint-Escobille","code":"91547","codesPostaux":["91410"],"centre":{"type":"Point","coordinates":[1.9605,48.4223]},"surface":1201.08,"population":454,"departement":{"code":"91","nom":"Essonne"},"region":{"code":"11","nom":"Île-de-France"}},{"nom":"Sainte-Geneviève-des-Bois","code":"91549","codesPostaux":["91700"],"centre":{"type":"Point","coordinates":[2.3272,48.643]},"surface":938.34,"population":35438,"departement":{"code":"91","nom":"Essonne"},"region":{"code":"11","nom":"Île-de-France"}},{"nom":"Saint-Germain-lès-Arpajon","code":"91552","codesPostaux":["91180"],"centre":{"type":"Point","coordinates":[2.2644,48.5982]},"surface":631.79,"population":11623,"departement":{"code":"91","nom":"Essonne"},"region":{"code":"11","nom":"Île-de-France"}},{"nom":"Saint-Germain-lès-Corbeil","code":"91553","codesPostaux":["91250"],"centre":{"type":"Point","coordinates":[2.4919,48.6275]},"surface":405.59,"population":7469,"departement":{"code":"91","nom":"Essonne"},"region":{"code":"11","nom":"Île-de-France"}},{"nom":"Saint-Hilaire","code":"91556","codesPostaux":["91780"],"centre":{"type":"Point","coordinates":[2.0872,48.4429]},"surface":680.01,"population":401,"departement":{"code":"91","nom":"Essonne"},"region":{"code":"11","nom":"Île-de-France"}},{"nom":"Saint-Jean-de-Beauregard","code":"91560","codesPostaux":["91940"],"centre":{"type":"Point","coordinates":[2.1723,48.6666]},"surface":401.26,"population":471,"departement":{"code":"91","nom":"Essonne"},"region":{"code":"11","nom":"Île-de-France"}},{"nom":"Saint-Maurice-Montcouronne","code":"91568","codesPostaux":["91530"],"centre":{"type":"Point","coordinates":[2.1229,48.5746]},"surface":911.94,"population":1543,"departement":{"code":"91","nom":"Essonne"},"region":{"code":"11","nom":"Île-de-France"}},{"nom":"Saint-Michel-sur-Orge","code":"91570","codesPostaux":["91240"],"centre":{"type":"Point","coordinates":[2.313,48.6326]},"surface":530.78,"population":21776,"departement":{"code":"91","nom":"Essonne"},"region":{"code":"11","nom":"Île-de-France"}},{"nom":"Saint-Pierre-du-Perray","code":"91573","codesPostaux":["91280"],"centre":{"type":"Point","coordinates":[2.5152,48.6075]},"surface":1175.67,"population":11993,"departement":{"code":"91","nom":"Essonne"},"region":{"code":"11","nom":"Île-de-France"}},{"nom":"Saintry-sur-Seine","code":"91577","codesPostaux":["91250"],"centre":{"type":"Point","coordinates":[2.4955,48.5946]},"surface":332.02,"population":5882,"departement":{"code":"91","nom":"Essonne"},"region":{"code":"11","nom":"Île-de-France"}},{"nom":"Saint-Sulpice-de-Favières","code":"91578","codesPostaux":["91910"],"centre":{"type":"Point","coordinates":[2.1766,48.5344]},"surface":441.68,"population":272,"departement":{"code":"91","nom":"Essonne"},"region":{"code":"11","nom":"Île-de-France"}},{"nom":"Saint-Vrain","code":"91579","codesPostaux":["91770"],"centre":{"type":"Point","coordinates":[2.3254,48.5361]},"surface":1155.71,"population":3089,"departement":{"code":"91","nom":"Essonne"},"region":{"code":"11","nom":"Île-de-France"}},{"nom":"Saint-Yon","code":"91581","codesPostaux":["91650"],"centre":{"type":"Point","coordinates":[2.192,48.5612]},"surface":471.66,"population":923,"departement":{"code":"91","nom":"Essonne"},"region":{"code":"11","nom":"Île-de-France"}},{"nom":"Saulx-les-Chartreux","code":"91587","codesPostaux":["91160"],"centre":{"type":"Point","coordinates":[2.2648,48.6869]},"surface":771.62,"population":6733,"departement":{"code":"91","nom":"Essonne"},"region":{"code":"11","nom":"Île-de-France"}},{"nom":"Savigny-sur-Orge","code":"91589","codesPostaux":["91600"],"centre":{"type":"Point","coordinates":[2.3493,48.6851]},"surface":697.12,"population":37601,"departement":{"code":"91","nom":"Essonne"},"region":{"code":"11","nom":"Île-de-France"}},{"nom":"Sermaise","code":"91593","codesPostaux":["91530"],"centre":{"type":"Point","coordinates":[2.0915,48.5308]},"surface":1382.21,"population":1617,"departement":{"code":"91","nom":"Essonne"},"region":{"code":"11","nom":"Île-de-France"}},{"nom":"Soisy-sur-École","code":"91599","codesPostaux":["91840"],"centre":{"type":"Point","coordinates":[2.474,48.4783]},"surface":1151.83,"population":1174,"departement":{"code":"91","nom":"Essonne"},"region":{"code":"11","nom":"Île-de-France"}},{"nom":"Soisy-sur-Seine","code":"91600","codesPostaux":["91450"],"centre":{"type":"Point","coordinates":[2.4666,48.6593]},"surface":867.71,"population":7418,"departement":{"code":"91","nom":"Essonne"},"region":{"code":"11","nom":"Île-de-France"}},{"nom":"Souzy-la-Briche","code":"91602","codesPostaux":["91580"],"centre":{"type":"Point","coordinates":[2.149,48.525]},"surface":738.64,"population":503,"departement":{"code":"91","nom":"Essonne"},"region":{"code":"11","nom":"Île-de-France"}},{"nom":"Congerville-Thionville","code":"91613","codesPostaux":["91740"],"centre":{"type":"Point","coordinates":[1.9912,48.3833]},"surface":841.79,"population":211,"departement":{"code":"91","nom":"Essonne"},"region":{"code":"11","nom":"Île-de-France"}},{"nom":"Tigery","code":"91617","codesPostaux":["91250"],"centre":{"type":"Point","coordinates":[2.5189,48.6459]},"surface":939.74,"population":4333,"departement":{"code":"91","nom":"Essonne"},"region":{"code":"11","nom":"Île-de-France"}},{"nom":"Torfou","code":"91619","codesPostaux":["91730"],"centre":{"type":"Point","coordinates":[2.2335,48.5314]},"surface":351.99,"population":294,"departement":{"code":"91","nom":"Essonne"},"region":{"code":"11","nom":"Île-de-France"}},{"nom":"Valpuiseaux","code":"91629","codesPostaux":["91720"],"centre":{"type":"Point","coordinates":[2.2996,48.3963]},"surface":1877.79,"population":617,"departement":{"code":"91","nom":"Essonne"},"region":{"code":"11","nom":"Île-de-France"}},{"nom":"Le Val-Saint-Germain","code":"91630","codesPostaux":["91530"],"centre":{"type":"Point","coordinates":[2.0808,48.5712]},"surface":1261.53,"population":1576,"departement":{"code":"91","nom":"Essonne"},"region":{"code":"11","nom":"Île-de-France"}},{"nom":"Varennes-Jarcy","code":"91631","codesPostaux":["91480"],"centre":{"type":"Point","coordinates":[2.5631,48.6793]},"surface":553.95,"population":2465,"departement":{"code":"91","nom":"Essonne"},"region":{"code":"11","nom":"Île-de-France"}},{"nom":"Vaugrigneuse","code":"91634","codesPostaux":["91640"],"centre":{"type":"Point","coordinates":[2.1041,48.6012]},"surface":612.91,"population":1458,"departement":{"code":"91","nom":"Essonne"},"region":{"code":"11","nom":"Île-de-France"}},{"nom":"Vauhallan","code":"91635","codesPostaux":["91430"],"centre":{"type":"Point","coordinates":[2.1996,48.7302]},"surface":333.77,"population":1945,"departement":{"code":"91","nom":"Essonne"},"region":{"code":"11","nom":"Île-de-France"}},{"nom":"Vayres-sur-Essonne","code":"91639","codesPostaux":["91820"],"centre":{"type":"Point","coordinates":[2.349,48.4323]},"surface":841.27,"population":978,"departement":{"code":"91","nom":"Essonne"},"region":{"code":"11","nom":"Île-de-France"}},{"nom":"Verrières-le-Buisson","code":"91645","codesPostaux":["91370"],"centre":{"type":"Point","coordinates":[2.2545,48.7511]},"surface":999.77,"population":15057,"departement":{"code":"91","nom":"Essonne"},"region":{"code":"11","nom":"Île-de-France"}},{"nom":"Vert-le-Grand","code":"91648","codesPostaux":["91810"],"centre":{"type":"Point","coordinates":[2.3711,48.583]},"surface":1612.7,"population":2444,"departement":{"code":"91","nom":"Essonne"},"region":{"code":"11","nom":"Île-de-France"}},{"nom":"Vert-le-Petit","code":"91649","codesPostaux":["91710"],"centre":{"type":"Point","coordinates":[2.3668,48.5508]},"surface":684.25,"population":2714,"departement":{"code":"91","nom":"Essonne"},"region":{"code":"11","nom":"Île-de-France"}},{"nom":"Videlles","code":"91654","codesPostaux":["91890"],"centre":{"type":"Point","coordinates":[2.4171,48.467]},"surface":877.75,"population":581,"departement":{"code":"91","nom":"Essonne"},"region":{"code":"11","nom":"Île-de-France"}},{"nom":"Vigneux-sur-Seine","code":"91657","codesPostaux":["91270"],"centre":{"type":"Point","coordinates":[2.4274,48.7021]},"surface":897.19,"population":31466,"departement":{"code":"91","nom":"Essonne"},"region":{"code":"11","nom":"Île-de-France"}},{"nom":"Villabé","code":"91659","codesPostaux":["91100"],"centre":{"type":"Point","coordinates":[2.4516,48.5864]},"surface":468.42,"population":5830,"departement":{"code":"91","nom":"Essonne"},"region":{"code":"11","nom":"Île-de-France"}},{"nom":"Villebon-sur-Yvette","code":"91661","codesPostaux":["91140"],"centre":{"type":"Point","coordinates":[2.2366,48.6965]},"surface":750.84,"population":10291,"departement":{"code":"91","nom":"Essonne"},"region":{"code":"11","nom":"Île-de-France"}},{"nom":"Villeconin","code":"91662","codesPostaux":["91580"],"centre":{"type":"Point","coordinates":[2.1258,48.4981]},"surface":1466.25,"population":766,"departement":{"code":"91","nom":"Essonne"},"region":{"code":"11","nom":"Île-de-France"}},{"nom":"La Ville-du-Bois","code":"91665","codesPostaux":["91620"],"centre":{"type":"Point","coordinates":[2.2644,48.6601]},"surface":354.12,"population":8161,"departement":{"code":"91","nom":"Essonne"},"region":{"code":"11","nom":"Île-de-France"}},{"nom":"Villejust","code":"91666","codesPostaux":["91140"],"centre":{"type":"Point","coordinates":[2.2207,48.6788]},"surface":536.11,"population":2558,"departement":{"code":"91","nom":"Essonne"},"region":{"code":"11","nom":"Île-de-France"}},{"nom":"Villemoisson-sur-Orge","code":"91667","codesPostaux":["91360"],"centre":{"type":"Point","coordinates":[2.3298,48.6599]},"surface":232.03,"population":7332,"departement":{"code":"91","nom":"Essonne"},"region":{"code":"11","nom":"Île-de-France"}},{"nom":"Villeneuve-sur-Auvers","code":"91671","codesPostaux":["91580"],"centre":{"type":"Point","coordinates":[2.2524,48.4646]},"surface":710.82,"population":593,"departement":{"code":"91","nom":"Essonne"},"region":{"code":"11","nom":"Île-de-France"}},{"nom":"Villiers-le-Bâcle","code":"91679","codesPostaux":["91190"],"centre":{"type":"Point","coordinates":[2.1224,48.7282]},"surface":606.04,"population":1031,"departement":{"code":"91","nom":"Essonne"},"region":{"code":"11","nom":"Île-de-France"}},{"nom":"Villiers-sur-Orge","code":"91685","codesPostaux":["91700"],"centre":{"type":"Point","coordinates":[2.2995,48.6601]},"surface":177.97,"population":4545,"departement":{"code":"91","nom":"Essonne"},"region":{"code":"11","nom":"Île-de-France"}},{"nom":"Viry-Châtillon","code":"91687","codesPostaux":["91170"],"centre":{"type":"Point","coordinates":[2.3758,48.6662]},"surface":611.82,"population":30838,"departement":{"code":"91","nom":"Essonne"},"region":{"code":"11","nom":"Île-de-France"}},{"nom":"Wissous","code":"91689","codesPostaux":["91320"],"centre":{"type":"Point","coordinates":[2.3278,48.7308]},"surface":914.24,"population":7151,"departement":{"code":"91","nom":"Essonne"},"region":{"code":"11","nom":"Île-de-France"}},{"nom":"Yerres","code":"91691","codesPostaux":["91330"],"centre":{"type":"Point","coordinates":[2.4932,48.7129]},"surface":996.73,"population":27906,"departement":{"code":"91","nom":"Essonne"},"region":{"code":"11","nom":"Île-de-France"}},{"nom":"Les Ulis","code":"91692","codesPostaux":["91940"],"centre":{"type":"Point","coordinates":[2.1864,48.6817]},"surface":547.69,"population":25886,"departement":{"code":"91","nom":"Essonne"},"region":{"code":"11","nom":"Île-de-France"}}]