[{"nom":"Abondant","code":"28001","codesPostaux":["28410"],"centre":{"type":"Point","coordinates":[1.4236,48.7983]},"surface":3509.82,"population":2434,"departement":{"code":"28","nom":"Eure-et-Loir"},"region":{"code":"24","nom":"Centre-Val de Loire"}},{"nom":"Allainville","code":"28003","codesPostaux":["28500"],"centre":{"type":"Point","coordinates":[1.2907,48.7211]},"surface":533.63,"population":159,"departement":{"code":"28","nom":"Eure-et-Loir"},"region":{"code":"24","nom":"Centre-Val de Loire"}},{"nom":"Allonnes","code":"28004","codesPostaux":["28150"],"centre":{"type":"Point","coordinates":[1.6524,48.3312]},"surface":1031.82,"population":321,"departement":{"code":"28","nom":"Eure-et-Loir"},"region":{"code":"24","nom":"Centre-Val de Loire"}},{"nom":"Alluyes","code":"28005","codesPostaux":["28800"],"centre":{"type":"Point","coordinates":[1.3666,48.2251]},"surface":1981.39,"population":756,"departement":{"code":"28","nom":"Eure-et-Loir"},"region":{"code":"24","nom":"Centre-Val de Loire"}},{"nom":"Amilly","code":"28006","codesPostaux":["28300"],"centre":{"type":"Point","coordinates":[1.4073,48.4424]},"surface":1978.95,"population":1855,"departement":{"code":"28","nom":"Eure-et-Loir"},"region":{"code":"24","nom":"Centre-Val de Loire"}},{"nom":"Anet","code":"28007","codesPostaux":["28260"],"centre":{"type":"Point","coordinates":[1.4432,48.851]},"surface":794.82,"population":2721,"departement":{"code":"28","nom":"Eure-et-Loir"},"region":{"code":"24","nom":"Centre-Val de Loire"}},{"nom":"Ardelles","code":"28008","codesPostaux":["28170"],"centre":{"type":"Point","coordinates":[1.1768,48.5445]},"surface":1040.57,"population":211,"departement":{"code":"28","nom":"Eure-et-Loir"},"region":{"code":"24","nom":"Centre-Val de Loire"}},{"nom":"Ardelu","code":"28009","codesPostaux":["28700"],"centre":{"type":"Point","coordinates":[1.9135,48.3544]},"surface":408.37,"population":72,"departement":{"code":"28","nom":"Eure-et-Loir"},"region":{"code":"24","nom":"Centre-Val de Loire"}},{"nom":"Argenvilliers","code":"28010","codesPostaux":["28480"],"centre":{"type":"Point","coordinates":[0.9724,48.2753]},"surface":1837.82,"population":310,"departement":{"code":"28","nom":"Eure-et-Loir"},"region":{"code":"24","nom":"Centre-Val de Loire"}},{"nom":"Vald'Yerre","code":"28012","codesPostaux":["28290"],"centre":{"type":"Point","coordinates":[1.1128,48.092]},"surface":14630.33,"population":3609,"departement":{"code":"28","nom":"Eure-et-Loir"},"region":{"code":"24","nom":"Centre-Val de Loire"}},{"nom":"Aunay-sous-Auneau","code":"28013","codesPostaux":["28700"],"centre":{"type":"Point","coordinates":[1.818,48.4442]},"surface":1960.32,"population":1484,"departement":{"code":"28","nom":"Eure-et-Loir"},"region":{"code":"24","nom":"Centre-Val de Loire"}},{"nom":"Aunay-sous-Crécy","code":"28014","codesPostaux":["28500"],"centre":{"type":"Point","coordinates":[1.3054,48.6576]},"surface":849.76,"population":646,"departement":{"code":"28","nom":"Eure-et-Loir"},"region":{"code":"24","nom":"Centre-Val de Loire"}},{"nom":"Auneau-Bleury-Saint-Symphorien","code":"28015","codesPostaux":["28700"],"centre":{"type":"Point","coordinates":[1.7642,48.5]},"surface":3434.94,"population":6419,"departement":{"code":"28","nom":"Eure-et-Loir"},"region":{"code":"24","nom":"Centre-Val de Loire"}},{"nom":"Les Autels-Villevillon","code":"28016","codesPostaux":["28330"],"centre":{"type":"Point","coordinates":[0.9924,48.1778]},"surface":1023.35,"population":106,"departement":{"code":"28","nom":"Eure-et-Loir"},"region":{"code":"24","nom":"Centre-Val de Loire"}},{"nom":"Authon-du-Perche","code":"28018","codesPostaux":["28330"],"centre":{"type":"Point","coordinates":[0.8916,48.185]},"surface":3518.61,"population":1480,"departement":{"code":"28","nom":"Eure-et-Loir"},"region":{"code":"24","nom":"Centre-Val de Loire"}},{"nom":"Baigneaux","code":"28019","codesPostaux":["28140"],"centre":{"type":"Point","coordinates":[1.8201,48.1266]},"surface":1196.94,"population":232,"departement":{"code":"28","nom":"Eure-et-Loir"},"region":{"code":"24","nom":"Centre-Val de Loire"}},{"nom":"Bailleau-le-Pin","code":"28021","codesPostaux":["28120"],"centre":{"type":"Point","coordinates":[1.3265,48.3567]},"surface":1669.89,"population":1684,"departement":{"code":"28","nom":"Eure-et-Loir"},"region":{"code":"24","nom":"Centre-Val de Loire"}},{"nom":"Bailleau-l'Évêque","code":"28022","codesPostaux":["28300"],"centre":{"type":"Point","coordinates":[1.3988,48.488]},"surface":1981.76,"population":1175,"departement":{"code":"28","nom":"Eure-et-Loir"},"region":{"code":"24","nom":"Centre-Val de Loire"}},{"nom":"Bailleau-Armenonville","code":"28023","codesPostaux":["28320"],"centre":{"type":"Point","coordinates":[1.6404,48.5308]},"surface":1780.77,"population":1299,"departement":{"code":"28","nom":"Eure-et-Loir"},"region":{"code":"24","nom":"Centre-Val de Loire"}},{"nom":"Barjouville","code":"28024","codesPostaux":["28630"],"centre":{"type":"Point","coordinates":[1.4713,48.4044]},"surface":413.64,"population":1742,"departement":{"code":"28","nom":"Eure-et-Loir"},"region":{"code":"24","nom":"Centre-Val de Loire"}},{"nom":"Baudreville","code":"28026","codesPostaux":["28310"],"centre":{"type":"Point","coordinates":[1.8922,48.3241]},"surface":1311.68,"population":247,"departement":{"code":"28","nom":"Eure-et-Loir"},"region":{"code":"24","nom":"Centre-Val de Loire"}},{"nom":"La Bazoche-Gouet","code":"28027","codesPostaux":["28330"],"centre":{"type":"Point","coordinates":[0.9803,48.1356]},"surface":3784.25,"population":1234,"departement":{"code":"28","nom":"Eure-et-Loir"},"region":{"code":"24","nom":"Centre-Val de Loire"}},{"nom":"Bazoches-en-Dunois","code":"28028","codesPostaux":["28140"],"centre":{"type":"Point","coordinates":[1.5751,48.0911]},"surface":1880.91,"population":263,"departement":{"code":"28","nom":"Eure-et-Loir"},"region":{"code":"24","nom":"Centre-Val de Loire"}},{"nom":"Bazoches-les-Hautes","code":"28029","codesPostaux":["28140"],"centre":{"type":"Point","coordinates":[1.825,48.1622]},"surface":1711.49,"population":330,"departement":{"code":"28","nom":"Eure-et-Loir"},"region":{"code":"24","nom":"Centre-Val de Loire"}},{"nom":"Beauche","code":"28030","codesPostaux":["28270"],"centre":{"type":"Point","coordinates":[0.9818,48.6785]},"surface":1688.96,"population":279,"departement":{"code":"28","nom":"Eure-et-Loir"},"region":{"code":"24","nom":"Centre-Val de Loire"}},{"nom":"Beaumont-les-Autels","code":"28031","codesPostaux":["28480"],"centre":{"type":"Point","coordinates":[0.9613,48.2416]},"surface":2139.82,"population":438,"departement":{"code":"28","nom":"Eure-et-Loir"},"region":{"code":"24","nom":"Centre-Val de Loire"}},{"nom":"Beauvilliers","code":"28032","codesPostaux":["28150"],"centre":{"type":"Point","coordinates":[1.6561,48.2994]},"surface":2325.53,"population":340,"departement":{"code":"28","nom":"Eure-et-Loir"},"region":{"code":"24","nom":"Centre-Val de Loire"}},{"nom":"Belhomert-Guéhouville","code":"28033","codesPostaux":["28240"],"centre":{"type":"Point","coordinates":[1.0541,48.501]},"surface":1096.72,"population":810,"departement":{"code":"28","nom":"Eure-et-Loir"},"region":{"code":"24","nom":"Centre-Val de Loire"}},{"nom":"Berchères-Saint-Germain","code":"28034","codesPostaux":["28300"],"centre":{"type":"Point","coordinates":[1.4569,48.5365]},"surface":2785.62,"population":905,"departement":{"code":"28","nom":"Eure-et-Loir"},"region":{"code":"24","nom":"Centre-Val de Loire"}},{"nom":"Berchères-les-Pierres","code":"28035","codesPostaux":["28630"],"centre":{"type":"Point","coordinates":[1.5595,48.3758]},"surface":2009.04,"population":1000,"departement":{"code":"28","nom":"Eure-et-Loir"},"region":{"code":"24","nom":"Centre-Val de Loire"}},{"nom":"Berchères-sur-Vesgre","code":"28036","codesPostaux":["28260"],"centre":{"type":"Point","coordinates":[1.5511,48.8443]},"surface":1223.72,"population":862,"departement":{"code":"28","nom":"Eure-et-Loir"},"region":{"code":"24","nom":"Centre-Val de Loire"}},{"nom":"Bérou-la-Mulotière","code":"28037","codesPostaux":["28270"],"centre":{"type":"Point","coordinates":[1.0741,48.742]},"surface":1320.29,"population":345,"departement":{"code":"28","nom":"Eure-et-Loir"},"region":{"code":"24","nom":"Centre-Val de Loire"}},{"nom":"Béthonvilliers","code":"28038","codesPostaux":["28330"],"centre":{"type":"Point","coordinates":[0.9016,48.2304]},"surface":1237.86,"population":132,"departement":{"code":"28","nom":"Eure-et-Loir"},"region":{"code":"24","nom":"Centre-Val de Loire"}},{"nom":"Béville-le-Comte","code":"28039","codesPostaux":["28700"],"centre":{"type":"Point","coordinates":[1.7032,48.4378]},"surface":2025,"population":1705,"departement":{"code":"28","nom":"Eure-et-Loir"},"region":{"code":"24","nom":"Centre-Val de Loire"}},{"nom":"Billancelles","code":"28040","codesPostaux":["28190"],"centre":{"type":"Point","coordinates":[1.2131,48.4945]},"surface":1206.63,"population":310,"departement":{"code":"28","nom":"Eure-et-Loir"},"region":{"code":"24","nom":"Centre-Val de Loire"}},{"nom":"Blandainville","code":"28041","codesPostaux":["28120"],"centre":{"type":"Point","coordinates":[1.294,48.3119]},"surface":1378.85,"population":283,"departement":{"code":"28","nom":"Eure-et-Loir"},"region":{"code":"24","nom":"Centre-Val de Loire"}},{"nom":"Boissy-en-Drouais","code":"28045","codesPostaux":["28500"],"centre":{"type":"Point","coordinates":[1.251,48.7297]},"surface":607.28,"population":226,"departement":{"code":"28","nom":"Eure-et-Loir"},"region":{"code":"24","nom":"Centre-Val de Loire"}},{"nom":"Boissy-lès-Perche","code":"28046","codesPostaux":["28340"],"centre":{"type":"Point","coordinates":[0.9006,48.679]},"surface":3370.61,"population":497,"departement":{"code":"28","nom":"Eure-et-Loir"},"region":{"code":"24","nom":"Centre-Val de Loire"}},{"nom":"Boisville-la-Saint-Père","code":"28047","codesPostaux":["28150"],"centre":{"type":"Point","coordinates":[1.7008,48.3331]},"surface":2518.1,"population":719,"departement":{"code":"28","nom":"Eure-et-Loir"},"region":{"code":"24","nom":"Centre-Val de Loire"}},{"nom":"La Bourdinière-Saint-Loup","code":"28048","codesPostaux":["28360"],"centre":{"type":"Point","coordinates":[1.4272,48.3183]},"surface":2032.38,"population":741,"departement":{"code":"28","nom":"Eure-et-Loir"},"region":{"code":"24","nom":"Centre-Val de Loire"}},{"nom":"Boncé","code":"28049","codesPostaux":["28150"],"centre":{"type":"Point","coordinates":[1.5211,48.3062]},"surface":898.83,"population":212,"departement":{"code":"28","nom":"Eure-et-Loir"},"region":{"code":"24","nom":"Centre-Val de Loire"}},{"nom":"Boncourt","code":"28050","codesPostaux":["28260"],"centre":{"type":"Point","coordinates":[1.4645,48.8445]},"surface":370.05,"population":274,"departement":{"code":"28","nom":"Eure-et-Loir"},"region":{"code":"24","nom":"Centre-Val de Loire"}},{"nom":"Bonneval","code":"28051","codesPostaux":["28800"],"centre":{"type":"Point","coordinates":[1.3844,48.1787]},"surface":2884.67,"population":4868,"departement":{"code":"28","nom":"Eure-et-Loir"},"region":{"code":"24","nom":"Centre-Val de Loire"}},{"nom":"Bouglainval","code":"28052","codesPostaux":["28130"],"centre":{"type":"Point","coordinates":[1.5091,48.5522]},"surface":1447.75,"population":743,"departement":{"code":"28","nom":"Eure-et-Loir"},"region":{"code":"24","nom":"Centre-Val de Loire"}},{"nom":"Le Boullay-les-Deux-Églises","code":"28053","codesPostaux":["28170"],"centre":{"type":"Point","coordinates":[1.3275,48.6302]},"surface":1385.99,"population":242,"departement":{"code":"28","nom":"Eure-et-Loir"},"region":{"code":"24","nom":"Centre-Val de Loire"}},{"nom":"Le Boullay-Mivoye","code":"28054","codesPostaux":["28210"],"centre":{"type":"Point","coordinates":[1.4082,48.6551]},"surface":1105.37,"population":526,"departement":{"code":"28","nom":"Eure-et-Loir"},"region":{"code":"24","nom":"Centre-Val de Loire"}},{"nom":"Le Boullay-Thierry","code":"28055","codesPostaux":["28210"],"centre":{"type":"Point","coordinates":[1.4357,48.6352]},"surface":1302.79,"population":594,"departement":{"code":"28","nom":"Eure-et-Loir"},"region":{"code":"24","nom":"Centre-Val de Loire"}},{"nom":"Boutigny-Prouais","code":"28056","codesPostaux":["28410"],"centre":{"type":"Point","coordinates":[1.5674,48.7363]},"surface":3296.94,"population":1704,"departement":{"code":"28","nom":"Eure-et-Loir"},"region":{"code":"24","nom":"Centre-Val de Loire"}},{"nom":"Bouville","code":"28057","codesPostaux":["28800"],"centre":{"type":"Point","coordinates":[1.3804,48.2631]},"surface":1568.6,"population":530,"departement":{"code":"28","nom":"Eure-et-Loir"},"region":{"code":"24","nom":"Centre-Val de Loire"}},{"nom":"Bréchamps","code":"28058","codesPostaux":["28210"],"centre":{"type":"Point","coordinates":[1.5193,48.6713]},"surface":550.7,"population":362,"departement":{"code":"28","nom":"Eure-et-Loir"},"region":{"code":"24","nom":"Centre-Val de Loire"}},{"nom":"Brezolles","code":"28059","codesPostaux":["28270"],"centre":{"type":"Point","coordinates":[1.064,48.6898]},"surface":1427.06,"population":1785,"departement":{"code":"28","nom":"Eure-et-Loir"},"region":{"code":"24","nom":"Centre-Val de Loire"}},{"nom":"Briconville","code":"28060","codesPostaux":["28300"],"centre":{"type":"Point","coordinates":[1.3901,48.5166]},"surface":625.61,"population":271,"departement":{"code":"28","nom":"Eure-et-Loir"},"region":{"code":"24","nom":"Centre-Val de Loire"}},{"nom":"Brou","code":"28061","codesPostaux":["28160"],"centre":{"type":"Point","coordinates":[1.1557,48.2189]},"surface":1974.66,"population":3230,"departement":{"code":"28","nom":"Eure-et-Loir"},"region":{"code":"24","nom":"Centre-Val de Loire"}},{"nom":"Broué","code":"28062","codesPostaux":["28410"],"centre":{"type":"Point","coordinates":[1.5251,48.752]},"surface":1219.41,"population":837,"departement":{"code":"28","nom":"Eure-et-Loir"},"region":{"code":"24","nom":"Centre-Val de Loire"}},{"nom":"Bû","code":"28064","codesPostaux":["28410"],"centre":{"type":"Point","coordinates":[1.4888,48.8041]},"surface":2303.52,"population":2077,"departement":{"code":"28","nom":"Eure-et-Loir"},"region":{"code":"24","nom":"Centre-Val de Loire"}},{"nom":"Bullainville","code":"28065","codesPostaux":["28800"],"centre":{"type":"Point","coordinates":[1.5073,48.1717]},"surface":671.32,"population":115,"departement":{"code":"28","nom":"Eure-et-Loir"},"region":{"code":"24","nom":"Centre-Val de Loire"}},{"nom":"Cernay","code":"28067","codesPostaux":["28120"],"centre":{"type":"Point","coordinates":[1.2316,48.3871]},"surface":792.61,"population":80,"departement":{"code":"28","nom":"Eure-et-Loir"},"region":{"code":"24","nom":"Centre-Val de Loire"}},{"nom":"Challet","code":"28068","codesPostaux":["28300"],"centre":{"type":"Point","coordinates":[1.4276,48.5529]},"surface":1015.02,"population":429,"departement":{"code":"28","nom":"Eure-et-Loir"},"region":{"code":"24","nom":"Centre-Val de Loire"}},{"nom":"Champhol","code":"28070","codesPostaux":["28300"],"centre":{"type":"Point","coordinates":[1.5129,48.4679]},"surface":543.18,"population":3643,"departement":{"code":"28","nom":"Eure-et-Loir"},"region":{"code":"24","nom":"Centre-Val de Loire"}},{"nom":"Champrond-en-Gâtine","code":"28071","codesPostaux":["28240"],"centre":{"type":"Point","coordinates":[1.073,48.3993]},"surface":3435.33,"population":744,"departement":{"code":"28","nom":"Eure-et-Loir"},"region":{"code":"24","nom":"Centre-Val de Loire"}},{"nom":"Champrond-en-Perchet","code":"28072","codesPostaux":["28400"],"centre":{"type":"Point","coordinates":[0.8878,48.31]},"surface":926.7,"population":388,"departement":{"code":"28","nom":"Eure-et-Loir"},"region":{"code":"24","nom":"Centre-Val de Loire"}},{"nom":"Champseru","code":"28073","codesPostaux":["28700"],"centre":{"type":"Point","coordinates":[1.6494,48.489]},"surface":1508.61,"population":345,"departement":{"code":"28","nom":"Eure-et-Loir"},"region":{"code":"24","nom":"Centre-Val de Loire"}},{"nom":"La Chapelle-d'Aunainville","code":"28074","codesPostaux":["28700"],"centre":{"type":"Point","coordinates":[1.7952,48.4154]},"surface":745.98,"population":239,"departement":{"code":"28","nom":"Eure-et-Loir"},"region":{"code":"24","nom":"Centre-Val de Loire"}},{"nom":"La Chapelle-du-Noyer","code":"28075","codesPostaux":["28200"],"centre":{"type":"Point","coordinates":[1.3147,48.0402]},"surface":1339.4,"population":1015,"departement":{"code":"28","nom":"Eure-et-Loir"},"region":{"code":"24","nom":"Centre-Val de Loire"}},{"nom":"La Chapelle-Forainvilliers","code":"28076","codesPostaux":["28500"],"centre":{"type":"Point","coordinates":[1.4916,48.7284]},"surface":542.84,"population":211,"departement":{"code":"28","nom":"Eure-et-Loir"},"region":{"code":"24","nom":"Centre-Val de Loire"}},{"nom":"La Chapelle-Fortin","code":"28077","codesPostaux":["28340"],"centre":{"type":"Point","coordinates":[0.8603,48.6486]},"surface":1455.08,"population":167,"departement":{"code":"28","nom":"Eure-et-Loir"},"region":{"code":"24","nom":"Centre-Val de Loire"}},{"nom":"Chapelle-Guillaume","code":"28078","codesPostaux":["28330"],"centre":{"type":"Point","coordinates":[0.8963,48.1205]},"surface":2007.97,"population":181,"departement":{"code":"28","nom":"Eure-et-Loir"},"region":{"code":"24","nom":"Centre-Val de Loire"}},{"nom":"Chapelle-Royale","code":"28079","codesPostaux":["28290"],"centre":{"type":"Point","coordinates":[1.0439,48.1528]},"surface":1003.41,"population":333,"departement":{"code":"28","nom":"Eure-et-Loir"},"region":{"code":"24","nom":"Centre-Val de Loire"}},{"nom":"Charbonnières","code":"28080","codesPostaux":["28330"],"centre":{"type":"Point","coordinates":[0.9448,48.1891]},"surface":2109.68,"population":263,"departement":{"code":"28","nom":"Eure-et-Loir"},"region":{"code":"24","nom":"Centre-Val de Loire"}},{"nom":"Charonville","code":"28081","codesPostaux":["28120"],"centre":{"type":"Point","coordinates":[1.3145,48.2796]},"surface":971.88,"population":293,"departement":{"code":"28","nom":"Eure-et-Loir"},"region":{"code":"24","nom":"Centre-Val de Loire"}},{"nom":"Charpont","code":"28082","codesPostaux":["28500"],"centre":{"type":"Point","coordinates":[1.4329,48.6945]},"surface":721.37,"population":622,"departement":{"code":"28","nom":"Eure-et-Loir"},"region":{"code":"24","nom":"Centre-Val de Loire"}},{"nom":"Chartainvilliers","code":"28084","codesPostaux":["28130"],"centre":{"type":"Point","coordinates":[1.5475,48.5453]},"surface":914.44,"population":654,"departement":{"code":"28","nom":"Eure-et-Loir"},"region":{"code":"24","nom":"Centre-Val de Loire"}},{"nom":"Chartres","code":"28085","codesPostaux":["28000"],"centre":{"type":"Point","coordinates":[1.5046,48.4481]},"surface":1692.69,"population":38324,"departement":{"code":"28","nom":"Eure-et-Loir"},"region":{"code":"24","nom":"Centre-Val de Loire"}},{"nom":"Chassant","code":"28086","codesPostaux":["28480"],"centre":{"type":"Point","coordinates":[1.0652,48.2915]},"surface":446.05,"population":299,"departement":{"code":"28","nom":"Eure-et-Loir"},"region":{"code":"24","nom":"Centre-Val de Loire"}},{"nom":"Châtaincourt","code":"28087","codesPostaux":["28270"],"centre":{"type":"Point","coordinates":[1.237,48.6906]},"surface":1479.58,"population":221,"departement":{"code":"28","nom":"Eure-et-Loir"},"region":{"code":"24","nom":"Centre-Val de Loire"}},{"nom":"Châteaudun","code":"28088","codesPostaux":["28200"],"centre":{"type":"Point","coordinates":[1.3207,48.0718]},"surface":2841.86,"population":12830,"departement":{"code":"28","nom":"Eure-et-Loir"},"region":{"code":"24","nom":"Centre-Val de Loire"}},{"nom":"Châteauneuf-en-Thymerais","code":"28089","codesPostaux":["28170"],"centre":{"type":"Point","coordinates":[1.2391,48.5928]},"surface":408.82,"population":2641,"departement":{"code":"28","nom":"Eure-et-Loir"},"region":{"code":"24","nom":"Centre-Val de Loire"}},{"nom":"Les Châtelets","code":"28090","codesPostaux":["28270"],"centre":{"type":"Point","coordinates":[1.0201,48.6568]},"surface":988.4,"population":111,"departement":{"code":"28","nom":"Eure-et-Loir"},"region":{"code":"24","nom":"Centre-Val de Loire"}},{"nom":"Les Châtelliers-Notre-Dame","code":"28091","codesPostaux":["28120"],"centre":{"type":"Point","coordinates":[1.2091,48.347]},"surface":1099.99,"population":148,"departement":{"code":"28","nom":"Eure-et-Loir"},"region":{"code":"24","nom":"Centre-Val de Loire"}},{"nom":"Châtenay","code":"28092","codesPostaux":["28700"],"centre":{"type":"Point","coordinates":[1.8841,48.3537]},"surface":1038.85,"population":241,"departement":{"code":"28","nom":"Eure-et-Loir"},"region":{"code":"24","nom":"Centre-Val de Loire"}},{"nom":"Chaudon","code":"28094","codesPostaux":["28210"],"centre":{"type":"Point","coordinates":[1.496,48.6561]},"surface":1148.35,"population":1688,"departement":{"code":"28","nom":"Eure-et-Loir"},"region":{"code":"24","nom":"Centre-Val de Loire"}},{"nom":"Chauffours","code":"28095","codesPostaux":["28120"],"centre":{"type":"Point","coordinates":[1.3387,48.3941]},"surface":753.53,"population":292,"departement":{"code":"28","nom":"Eure-et-Loir"},"region":{"code":"24","nom":"Centre-Val de Loire"}},{"nom":"La Chaussée-d'Ivry","code":"28096","codesPostaux":["28260"],"centre":{"type":"Point","coordinates":[1.493,48.8906]},"surface":845.32,"population":1321,"departement":{"code":"28","nom":"Eure-et-Loir"},"region":{"code":"24","nom":"Centre-Val de Loire"}},{"nom":"Cherisy","code":"28098","codesPostaux":["28500"],"centre":{"type":"Point","coordinates":[1.4359,48.7573]},"surface":1244.66,"population":1842,"departement":{"code":"28","nom":"Eure-et-Loir"},"region":{"code":"24","nom":"Centre-Val de Loire"}},{"nom":"Chuisnes","code":"28099","codesPostaux":["28190"],"centre":{"type":"Point","coordinates":[1.1881,48.4367]},"surface":2318.69,"population":1126,"departement":{"code":"28","nom":"Eure-et-Loir"},"region":{"code":"24","nom":"Centre-Val de Loire"}},{"nom":"Cintray","code":"28100","codesPostaux":["28300"],"centre":{"type":"Point","coordinates":[1.3643,48.445]},"surface":399.29,"population":479,"departement":{"code":"28","nom":"Eure-et-Loir"},"region":{"code":"24","nom":"Centre-Val de Loire"}},{"nom":"Clévilliers","code":"28102","codesPostaux":["28300"],"centre":{"type":"Point","coordinates":[1.382,48.5523]},"surface":1590.72,"population":765,"departement":{"code":"28","nom":"Eure-et-Loir"},"region":{"code":"24","nom":"Centre-Val de Loire"}},{"nom":"Cloyes-les-Trois-Rivières","code":"28103","codesPostaux":["28220"],"centre":{"type":"Point","coordinates":[1.2997,48.0069]},"surface":11971.01,"population":5607,"departement":{"code":"28","nom":"Eure-et-Loir"},"region":{"code":"24","nom":"Centre-Val de Loire"}},{"nom":"Coltainville","code":"28104","codesPostaux":["28300"],"centre":{"type":"Point","coordinates":[1.5928,48.4941]},"surface":1795.53,"population":915,"departement":{"code":"28","nom":"Eure-et-Loir"},"region":{"code":"24","nom":"Centre-Val de Loire"}},{"nom":"Combres","code":"28105","codesPostaux":["28480"],"centre":{"type":"Point","coordinates":[1.0572,48.3345]},"surface":1512.37,"population":547,"departement":{"code":"28","nom":"Eure-et-Loir"},"region":{"code":"24","nom":"Centre-Val de Loire"}},{"nom":"Conie-Molitard","code":"28106","codesPostaux":["28200"],"centre":{"type":"Point","coordinates":[1.4448,48.1131]},"surface":1521.7,"population":387,"departement":{"code":"28","nom":"Eure-et-Loir"},"region":{"code":"24","nom":"Centre-Val de Loire"}},{"nom":"Corancez","code":"28107","codesPostaux":["28630"],"centre":{"type":"Point","coordinates":[1.5149,48.3678]},"surface":688.33,"population":372,"departement":{"code":"28","nom":"Eure-et-Loir"},"region":{"code":"24","nom":"Centre-Val de Loire"}},{"nom":"Cormainville","code":"28108","codesPostaux":["28140"],"centre":{"type":"Point","coordinates":[1.6041,48.1308]},"surface":1811.11,"population":213,"departement":{"code":"28","nom":"Eure-et-Loir"},"region":{"code":"24","nom":"Centre-Val de Loire"}},{"nom":"Les Corvées-les-Yys","code":"28109","codesPostaux":["28240"],"centre":{"type":"Point","coordinates":[1.1477,48.3666]},"surface":1372.3,"population":326,"departement":{"code":"28","nom":"Eure-et-Loir"},"region":{"code":"24","nom":"Centre-Val de Loire"}},{"nom":"Le Coudray","code":"28110","codesPostaux":["28630"],"centre":{"type":"Point","coordinates":[1.5026,48.4188]},"surface":556.53,"population":4038,"departement":{"code":"28","nom":"Eure-et-Loir"},"region":{"code":"24","nom":"Centre-Val de Loire"}},{"nom":"Coudray-au-Perche","code":"28111","codesPostaux":["28330"],"centre":{"type":"Point","coordinates":[0.8609,48.2361]},"surface":1467.26,"population":364,"departement":{"code":"28","nom":"Eure-et-Loir"},"region":{"code":"24","nom":"Centre-Val de Loire"}},{"nom":"Coulombs","code":"28113","codesPostaux":["28210"],"centre":{"type":"Point","coordinates":[1.5527,48.6562]},"surface":1263.95,"population":1363,"departement":{"code":"28","nom":"Eure-et-Loir"},"region":{"code":"24","nom":"Centre-Val de Loire"}},{"nom":"Courbehaye","code":"28114","codesPostaux":["28140"],"centre":{"type":"Point","coordinates":[1.6089,48.1474]},"surface":1985.26,"population":138,"departement":{"code":"28","nom":"Eure-et-Loir"},"region":{"code":"24","nom":"Centre-Val de Loire"}},{"nom":"Courville-sur-Eure","code":"28116","codesPostaux":["28190"],"centre":{"type":"Point","coordinates":[1.2483,48.4533]},"surface":1118.1,"population":2791,"departement":{"code":"28","nom":"Eure-et-Loir"},"region":{"code":"24","nom":"Centre-Val de Loire"}},{"nom":"Crécy-Couvé","code":"28117","codesPostaux":["28500"],"centre":{"type":"Point","coordinates":[1.2842,48.6776]},"surface":667.23,"population":255,"departement":{"code":"28","nom":"Eure-et-Loir"},"region":{"code":"24","nom":"Centre-Val de Loire"}},{"nom":"Croisilles","code":"28118","codesPostaux":["28210"],"centre":{"type":"Point","coordinates":[1.4984,48.6905]},"surface":574.46,"population":422,"departement":{"code":"28","nom":"Eure-et-Loir"},"region":{"code":"24","nom":"Centre-Val de Loire"}},{"nom":"La Croix-du-Perche","code":"28119","codesPostaux":["28480"],"centre":{"type":"Point","coordinates":[1.0427,48.2816]},"surface":1256.44,"population":147,"departement":{"code":"28","nom":"Eure-et-Loir"},"region":{"code":"24","nom":"Centre-Val de Loire"}},{"nom":"Crucey-Villages","code":"28120","codesPostaux":["28270"],"centre":{"type":"Point","coordinates":[1.1036,48.6749]},"surface":4445.73,"population":463,"departement":{"code":"28","nom":"Eure-et-Loir"},"region":{"code":"24","nom":"Centre-Val de Loire"}},{"nom":"Dambron","code":"28121","codesPostaux":["28140"],"centre":{"type":"Point","coordinates":[1.8734,48.1152]},"surface":1192.76,"population":93,"departement":{"code":"28","nom":"Eure-et-Loir"},"region":{"code":"24","nom":"Centre-Val de Loire"}},{"nom":"Dammarie","code":"28122","codesPostaux":["28360"],"centre":{"type":"Point","coordinates":[1.4964,48.3384]},"surface":3279.19,"population":1505,"departement":{"code":"28","nom":"Eure-et-Loir"},"region":{"code":"24","nom":"Centre-Val de Loire"}},{"nom":"Dampierre-sous-Brou","code":"28123","codesPostaux":["28160"],"centre":{"type":"Point","coordinates":[1.1103,48.2232]},"surface":1453.59,"population":443,"departement":{"code":"28","nom":"Eure-et-Loir"},"region":{"code":"24","nom":"Centre-Val de Loire"}},{"nom":"Dampierre-sur-Avre","code":"28124","codesPostaux":["28350"],"centre":{"type":"Point","coordinates":[1.1437,48.7575]},"surface":1834,"population":756,"departement":{"code":"28","nom":"Eure-et-Loir"},"region":{"code":"24","nom":"Centre-Val de Loire"}},{"nom":"Dancy","code":"28126","codesPostaux":["28800"],"centre":{"type":"Point","coordinates":[1.464,48.1526]},"surface":990.74,"population":202,"departement":{"code":"28","nom":"Eure-et-Loir"},"region":{"code":"24","nom":"Centre-Val de Loire"}},{"nom":"Dangeau","code":"28127","codesPostaux":["28160"],"centre":{"type":"Point","coordinates":[1.2712,48.2065]},"surface":5497.78,"population":1259,"departement":{"code":"28","nom":"Eure-et-Loir"},"region":{"code":"24","nom":"Centre-Val de Loire"}},{"nom":"Dangers","code":"28128","codesPostaux":["28190"],"centre":{"type":"Point","coordinates":[1.3505,48.5082]},"surface":739.21,"population":433,"departement":{"code":"28","nom":"Eure-et-Loir"},"region":{"code":"24","nom":"Centre-Val de Loire"}},{"nom":"Denonville","code":"28129","codesPostaux":["28700"],"centre":{"type":"Point","coordinates":[1.8022,48.393]},"surface":1299.39,"population":798,"departement":{"code":"28","nom":"Eure-et-Loir"},"region":{"code":"24","nom":"Centre-Val de Loire"}},{"nom":"Digny","code":"28130","codesPostaux":["28250"],"centre":{"type":"Point","coordinates":[1.1378,48.5338]},"surface":4066.94,"population":1003,"departement":{"code":"28","nom":"Eure-et-Loir"},"region":{"code":"24","nom":"Centre-Val de Loire"}},{"nom":"Donnemain-Saint-Mamès","code":"28132","codesPostaux":["28200"],"centre":{"type":"Point","coordinates":[1.3669,48.1012]},"surface":1281.39,"population":654,"departement":{"code":"28","nom":"Eure-et-Loir"},"region":{"code":"24","nom":"Centre-Val de Loire"}},{"nom":"Dreux","code":"28134","codesPostaux":["28100"],"centre":{"type":"Point","coordinates":[1.3578,48.7482]},"surface":2423.79,"population":31543,"departement":{"code":"28","nom":"Eure-et-Loir"},"region":{"code":"24","nom":"Centre-Val de Loire"}},{"nom":"Droue-sur-Drouette","code":"28135","codesPostaux":["28230"],"centre":{"type":"Point","coordinates":[1.7012,48.5999]},"surface":535.14,"population":1212,"departement":{"code":"28","nom":"Eure-et-Loir"},"region":{"code":"24","nom":"Centre-Val de Loire"}},{"nom":"Écluzelles","code":"28136","codesPostaux":["28500"],"centre":{"type":"Point","coordinates":[1.4218,48.7088]},"surface":326.48,"population":162,"departement":{"code":"28","nom":"Eure-et-Loir"},"region":{"code":"24","nom":"Centre-Val de Loire"}},{"nom":"Écrosnes","code":"28137","codesPostaux":["28320"],"centre":{"type":"Point","coordinates":[1.7349,48.5525]},"surface":2389.22,"population":869,"departement":{"code":"28","nom":"Eure-et-Loir"},"region":{"code":"24","nom":"Centre-Val de Loire"}},{"nom":"Épeautrolles","code":"28139","codesPostaux":["28120"],"centre":{"type":"Point","coordinates":[1.3352,48.3135]},"surface":929.6,"population":165,"departement":{"code":"28","nom":"Eure-et-Loir"},"region":{"code":"24","nom":"Centre-Val de Loire"}},{"nom":"Épernon","code":"28140","codesPostaux":["28230"],"centre":{"type":"Point","coordinates":[1.6859,48.5947]},"surface":656.3,"population":5715,"departement":{"code":"28","nom":"Eure-et-Loir"},"region":{"code":"24","nom":"Centre-Val de Loire"}},{"nom":"Ermenonville-la-Grande","code":"28141","codesPostaux":["28120"],"centre":{"type":"Point","coordinates":[1.3785,48.337]},"surface":1208.83,"population":311,"departement":{"code":"28","nom":"Eure-et-Loir"},"region":{"code":"24","nom":"Centre-Val de Loire"}},{"nom":"Ermenonville-la-Petite","code":"28142","codesPostaux":["28120"],"centre":{"type":"Point","coordinates":[1.3448,48.29]},"surface":512.93,"population":192,"departement":{"code":"28","nom":"Eure-et-Loir"},"region":{"code":"24","nom":"Centre-Val de Loire"}},{"nom":"Escorpain","code":"28143","codesPostaux":["28270"],"centre":{"type":"Point","coordinates":[1.2145,48.7205]},"surface":955.41,"population":223,"departement":{"code":"28","nom":"Eure-et-Loir"},"region":{"code":"24","nom":"Centre-Val de Loire"}},{"nom":"Les Étilleux","code":"28144","codesPostaux":["28330"],"centre":{"type":"Point","coordinates":[0.8151,48.2439]},"surface":844.54,"population":204,"departement":{"code":"28","nom":"Eure-et-Loir"},"region":{"code":"24","nom":"Centre-Val de Loire"}},{"nom":"Faverolles","code":"28146","codesPostaux":["28210"],"centre":{"type":"Point","coordinates":[1.5818,48.6799]},"surface":1004.21,"population":820,"departement":{"code":"28","nom":"Eure-et-Loir"},"region":{"code":"24","nom":"Centre-Val de Loire"}},{"nom":"Favières","code":"28147","codesPostaux":["28170"],"centre":{"type":"Point","coordinates":[1.2337,48.5317]},"surface":1279.27,"population":637,"departement":{"code":"28","nom":"Eure-et-Loir"},"region":{"code":"24","nom":"Centre-Val de Loire"}},{"nom":"Le Favril","code":"28148","codesPostaux":["28190"],"centre":{"type":"Point","coordinates":[1.1171,48.457]},"surface":2392.27,"population":360,"departement":{"code":"28","nom":"Eure-et-Loir"},"region":{"code":"24","nom":"Centre-Val de Loire"}},{"nom":"La Ferté-Vidame","code":"28149","codesPostaux":["28340"],"centre":{"type":"Point","coordinates":[0.8929,48.5988]},"surface":4034.73,"population":543,"departement":{"code":"28","nom":"Eure-et-Loir"},"region":{"code":"24","nom":"Centre-Val de Loire"}},{"nom":"Fessanvilliers-Mattanvilliers","code":"28151","codesPostaux":["28270"],"centre":{"type":"Point","coordinates":[1.0376,48.7017]},"surface":1181.36,"population":168,"departement":{"code":"28","nom":"Eure-et-Loir"},"region":{"code":"24","nom":"Centre-Val de Loire"}},{"nom":"Flacey","code":"28153","codesPostaux":["28800"],"centre":{"type":"Point","coordinates":[1.3319,48.1505]},"surface":1416.02,"population":208,"departement":{"code":"28","nom":"Eure-et-Loir"},"region":{"code":"24","nom":"Centre-Val de Loire"}},{"nom":"Fontaine-la-Guyon","code":"28154","codesPostaux":["28190"],"centre":{"type":"Point","coordinates":[1.2986,48.4742]},"surface":1469,"population":1684,"departement":{"code":"28","nom":"Eure-et-Loir"},"region":{"code":"24","nom":"Centre-Val de Loire"}},{"nom":"Fontaine-les-Ribouts","code":"28155","codesPostaux":["28170"],"centre":{"type":"Point","coordinates":[1.2484,48.657]},"surface":713.37,"population":186,"departement":{"code":"28","nom":"Eure-et-Loir"},"region":{"code":"24","nom":"Centre-Val de Loire"}},{"nom":"Fontaine-Simon","code":"28156","codesPostaux":["28240"],"centre":{"type":"Point","coordinates":[0.9881,48.513]},"surface":1712.04,"population":888,"departement":{"code":"28","nom":"Eure-et-Loir"},"region":{"code":"24","nom":"Centre-Val de Loire"}},{"nom":"Fontenay-sur-Conie","code":"28157","codesPostaux":["28140"],"centre":{"type":"Point","coordinates":[1.6855,48.167]},"surface":1340.07,"population":150,"departement":{"code":"28","nom":"Eure-et-Loir"},"region":{"code":"24","nom":"Centre-Val de Loire"}},{"nom":"Fontenay-sur-Eure","code":"28158","codesPostaux":["28630"],"centre":{"type":"Point","coordinates":[1.4217,48.4069]},"surface":1380.22,"population":1206,"departement":{"code":"28","nom":"Eure-et-Loir"},"region":{"code":"24","nom":"Centre-Val de Loire"}},{"nom":"La Framboisière","code":"28159","codesPostaux":["28250"],"centre":{"type":"Point","coordinates":[1.0157,48.5975]},"surface":519.18,"population":333,"departement":{"code":"28","nom":"Eure-et-Loir"},"region":{"code":"24","nom":"Centre-Val de Loire"}},{"nom":"Francourville","code":"28160","codesPostaux":["28700"],"centre":{"type":"Point","coordinates":[1.6583,48.4008]},"surface":1864.12,"population":941,"departement":{"code":"28","nom":"Eure-et-Loir"},"region":{"code":"24","nom":"Centre-Val de Loire"}},{"nom":"Frazé","code":"28161","codesPostaux":["28160"],"centre":{"type":"Point","coordinates":[1.0947,48.2629]},"surface":2777.87,"population":482,"departement":{"code":"28","nom":"Eure-et-Loir"},"region":{"code":"24","nom":"Centre-Val de Loire"}},{"nom":"Fresnay-le-Comte","code":"28162","codesPostaux":["28360"],"centre":{"type":"Point","coordinates":[1.4833,48.3046]},"surface":832.21,"population":281,"departement":{"code":"28","nom":"Eure-et-Loir"},"region":{"code":"24","nom":"Centre-Val de Loire"}},{"nom":"Fresnay-le-Gilmert","code":"28163","codesPostaux":["28300"],"centre":{"type":"Point","coordinates":[1.4196,48.513]},"surface":606.22,"population":217,"departement":{"code":"28","nom":"Eure-et-Loir"},"region":{"code":"24","nom":"Centre-Val de Loire"}},{"nom":"Fresnay-l'Évêque","code":"28164","codesPostaux":["28310"],"centre":{"type":"Point","coordinates":[1.8101,48.2618]},"surface":2924.67,"population":739,"departement":{"code":"28","nom":"Eure-et-Loir"},"region":{"code":"24","nom":"Centre-Val de Loire"}},{"nom":"Friaize","code":"28166","codesPostaux":["28240"],"centre":{"type":"Point","coordinates":[1.1217,48.4318]},"surface":1066.3,"population":256,"departement":{"code":"28","nom":"Eure-et-Loir"},"region":{"code":"24","nom":"Centre-Val de Loire"}},{"nom":"Fruncé","code":"28167","codesPostaux":["28190"],"centre":{"type":"Point","coordinates":[1.1937,48.4069]},"surface":1699.8,"population":376,"departement":{"code":"28","nom":"Eure-et-Loir"},"region":{"code":"24","nom":"Centre-Val de Loire"}},{"nom":"Gallardon","code":"28168","codesPostaux":["28320"],"centre":{"type":"Point","coordinates":[1.6865,48.5351]},"surface":1133.25,"population":3530,"departement":{"code":"28","nom":"Eure-et-Loir"},"region":{"code":"24","nom":"Centre-Val de Loire"}},{"nom":"Garancières-en-Beauce","code":"28169","codesPostaux":["28700"],"centre":{"type":"Point","coordinates":[1.9106,48.4352]},"surface":1136.92,"population":238,"departement":{"code":"28","nom":"Eure-et-Loir"},"region":{"code":"24","nom":"Centre-Val de Loire"}},{"nom":"Garancières-en-Drouais","code":"28170","codesPostaux":["28500"],"centre":{"type":"Point","coordinates":[1.2824,48.7041]},"surface":652.39,"population":272,"departement":{"code":"28","nom":"Eure-et-Loir"},"region":{"code":"24","nom":"Centre-Val de Loire"}},{"nom":"Garnay","code":"28171","codesPostaux":["28500"],"centre":{"type":"Point","coordinates":[1.3371,48.6983]},"surface":1436.59,"population":1019,"departement":{"code":"28","nom":"Eure-et-Loir"},"region":{"code":"24","nom":"Centre-Val de Loire"}},{"nom":"Gas","code":"28172","codesPostaux":["28320"],"centre":{"type":"Point","coordinates":[1.661,48.565]},"surface":1225.03,"population":718,"departement":{"code":"28","nom":"Eure-et-Loir"},"region":{"code":"24","nom":"Centre-Val de Loire"}},{"nom":"Gasville-Oisème","code":"28173","codesPostaux":["28300"],"centre":{"type":"Point","coordinates":[1.5536,48.4734]},"surface":916.61,"population":1467,"departement":{"code":"28","nom":"Eure-et-Loir"},"region":{"code":"24","nom":"Centre-Val de Loire"}},{"nom":"La Gaudaine","code":"28175","codesPostaux":["28400"],"centre":{"type":"Point","coordinates":[0.9595,48.2978]},"surface":919.7,"population":178,"departement":{"code":"28","nom":"Eure-et-Loir"},"region":{"code":"24","nom":"Centre-Val de Loire"}},{"nom":"Le Gault-Saint-Denis","code":"28176","codesPostaux":["28800"],"centre":{"type":"Point","coordinates":[1.4808,48.2413]},"surface":2373.53,"population":666,"departement":{"code":"28","nom":"Eure-et-Loir"},"region":{"code":"24","nom":"Centre-Val de Loire"}},{"nom":"Gellainville","code":"28177","codesPostaux":["28630"],"centre":{"type":"Point","coordinates":[1.5362,48.414]},"surface":1206.76,"population":765,"departement":{"code":"28","nom":"Eure-et-Loir"},"region":{"code":"24","nom":"Centre-Val de Loire"}},{"nom":"Germainville","code":"28178","codesPostaux":["28500"],"centre":{"type":"Point","coordinates":[1.4735,48.7462]},"surface":879.27,"population":338,"departement":{"code":"28","nom":"Eure-et-Loir"},"region":{"code":"24","nom":"Centre-Val de Loire"}},{"nom":"Gilles","code":"28180","codesPostaux":["28260"],"centre":{"type":"Point","coordinates":[1.5175,48.9088]},"surface":727.46,"population":498,"departement":{"code":"28","nom":"Eure-et-Loir"},"region":{"code":"24","nom":"Centre-Val de Loire"}},{"nom":"Gohory","code":"28182","codesPostaux":["28160"],"centre":{"type":"Point","coordinates":[1.2212,48.1647]},"surface":961.38,"population":319,"departement":{"code":"28","nom":"Eure-et-Loir"},"region":{"code":"24","nom":"Centre-Val de Loire"}},{"nom":"Gommerville","code":"28183","codesPostaux":["28310","28700"],"centre":{"type":"Point","coordinates":[1.947,48.3458]},"surface":3261.4,"population":663,"departement":{"code":"28","nom":"Eure-et-Loir"},"region":{"code":"24","nom":"Centre-Val de Loire"}},{"nom":"Gouillons","code":"28184","codesPostaux":["28310"],"centre":{"type":"Point","coordinates":[1.8374,48.3435]},"surface":1211.82,"population":335,"departement":{"code":"28","nom":"Eure-et-Loir"},"region":{"code":"24","nom":"Centre-Val de Loire"}},{"nom":"Goussainville","code":"28185","codesPostaux":["28410"],"centre":{"type":"Point","coordinates":[1.5566,48.7831]},"surface":1323.72,"population":1335,"departement":{"code":"28","nom":"Eure-et-Loir"},"region":{"code":"24","nom":"Centre-Val de Loire"}},{"nom":"Guainville","code":"28187","codesPostaux":["28260"],"centre":{"type":"Point","coordinates":[1.4811,48.9186]},"surface":1437.54,"population":696,"departement":{"code":"28","nom":"Eure-et-Loir"},"region":{"code":"24","nom":"Centre-Val de Loire"}},{"nom":"Le Gué-de-Longroi","code":"28188","codesPostaux":["28700"],"centre":{"type":"Point","coordinates":[1.7067,48.4916]},"surface":693.39,"population":860,"departement":{"code":"28","nom":"Eure-et-Loir"},"region":{"code":"24","nom":"Centre-Val de Loire"}},{"nom":"Guilleville","code":"28189","codesPostaux":["28310"],"centre":{"type":"Point","coordinates":[1.8022,48.2244]},"surface":1354.18,"population":156,"departement":{"code":"28","nom":"Eure-et-Loir"},"region":{"code":"24","nom":"Centre-Val de Loire"}},{"nom":"Guillonville","code":"28190","codesPostaux":["28140"],"centre":{"type":"Point","coordinates":[1.6458,48.094]},"surface":2741.16,"population":459,"departement":{"code":"28","nom":"Eure-et-Loir"},"region":{"code":"24","nom":"Centre-Val de Loire"}},{"nom":"Hanches","code":"28191","codesPostaux":["28130"],"centre":{"type":"Point","coordinates":[1.6436,48.6048]},"surface":1634.58,"population":2696,"departement":{"code":"28","nom":"Eure-et-Loir"},"region":{"code":"24","nom":"Centre-Val de Loire"}},{"nom":"Happonvilliers","code":"28192","codesPostaux":["28480"],"centre":{"type":"Point","coordinates":[1.1063,48.3344]},"surface":1919.82,"population":296,"departement":{"code":"28","nom":"Eure-et-Loir"},"region":{"code":"24","nom":"Centre-Val de Loire"}},{"nom":"Havelu","code":"28193","codesPostaux":["28410"],"centre":{"type":"Point","coordinates":[1.5335,48.7873]},"surface":376.37,"population":127,"departement":{"code":"28","nom":"Eure-et-Loir"},"region":{"code":"24","nom":"Centre-Val de Loire"}},{"nom":"Houville-la-Branche","code":"28194","codesPostaux":["28700"],"centre":{"type":"Point","coordinates":[1.6383,48.4449]},"surface":1391.39,"population":420,"departement":{"code":"28","nom":"Eure-et-Loir"},"region":{"code":"24","nom":"Centre-Val de Loire"}},{"nom":"Houx","code":"28195","codesPostaux":["28130"],"centre":{"type":"Point","coordinates":[1.6207,48.5686]},"surface":634.85,"population":746,"departement":{"code":"28","nom":"Eure-et-Loir"},"region":{"code":"24","nom":"Centre-Val de Loire"}},{"nom":"Illiers-Combray","code":"28196","codesPostaux":["28120"],"centre":{"type":"Point","coordinates":[1.2132,48.3018]},"surface":3389.51,"population":3210,"departement":{"code":"28","nom":"Eure-et-Loir"},"region":{"code":"24","nom":"Centre-Val de Loire"}},{"nom":"Intréville","code":"28197","codesPostaux":["28310"],"centre":{"type":"Point","coordinates":[1.9366,48.2985]},"surface":896.19,"population":118,"departement":{"code":"28","nom":"Eure-et-Loir"},"region":{"code":"24","nom":"Centre-Val de Loire"}},{"nom":"Jallans","code":"28198","codesPostaux":["28200"],"centre":{"type":"Point","coordinates":[1.3872,48.0773]},"surface":907.94,"population":786,"departement":{"code":"28","nom":"Eure-et-Loir"},"region":{"code":"24","nom":"Centre-Val de Loire"}},{"nom":"Janville-en-Beauce","code":"28199","codesPostaux":["28310"],"centre":{"type":"Point","coordinates":[1.8474,48.1998]},"surface":4261.62,"population":2464,"departement":{"code":"28","nom":"Eure-et-Loir"},"region":{"code":"24","nom":"Centre-Val de Loire"}},{"nom":"Jaudrais","code":"28200","codesPostaux":["28250"],"centre":{"type":"Point","coordinates":[1.1202,48.5752]},"surface":1538.19,"population":396,"departement":{"code":"28","nom":"Eure-et-Loir"},"region":{"code":"24","nom":"Centre-Val de Loire"}},{"nom":"Jouy","code":"28201","codesPostaux":["28300"],"centre":{"type":"Point","coordinates":[1.544,48.5138]},"surface":1299.24,"population":1988,"departement":{"code":"28","nom":"Eure-et-Loir"},"region":{"code":"24","nom":"Centre-Val de Loire"}},{"nom":"Lamblore","code":"28202","codesPostaux":["28340"],"centre":{"type":"Point","coordinates":[0.9188,48.6254]},"surface":1082.88,"population":318,"departement":{"code":"28","nom":"Eure-et-Loir"},"region":{"code":"24","nom":"Centre-Val de Loire"}},{"nom":"Landelles","code":"28203","codesPostaux":["28190"],"centre":{"type":"Point","coordinates":[1.1906,48.4636]},"surface":1043.86,"population":628,"departement":{"code":"28","nom":"Eure-et-Loir"},"region":{"code":"24","nom":"Centre-Val de Loire"}},{"nom":"Laons","code":"28206","codesPostaux":["28270"],"centre":{"type":"Point","coordinates":[1.192,48.6991]},"surface":1585.62,"population":648,"departement":{"code":"28","nom":"Eure-et-Loir"},"region":{"code":"24","nom":"Centre-Val de Loire"}},{"nom":"Léthuin","code":"28207","codesPostaux":["28700"],"centre":{"type":"Point","coordinates":[1.8586,48.3772]},"surface":709.69,"population":240,"departement":{"code":"28","nom":"Eure-et-Loir"},"region":{"code":"24","nom":"Centre-Val de Loire"}},{"nom":"Levainville","code":"28208","codesPostaux":["28700"],"centre":{"type":"Point","coordinates":[1.7458,48.4925]},"surface":555.95,"population":379,"departement":{"code":"28","nom":"Eure-et-Loir"},"region":{"code":"24","nom":"Centre-Val de Loire"}},{"nom":"Lèves","code":"28209","codesPostaux":["28300"],"centre":{"type":"Point","coordinates":[1.4692,48.4801]},"surface":751.39,"population":5685,"departement":{"code":"28","nom":"Eure-et-Loir"},"region":{"code":"24","nom":"Centre-Val de Loire"}},{"nom":"Levesville-la-Chenard","code":"28210","codesPostaux":["28310"],"centre":{"type":"Point","coordinates":[1.8306,48.302]},"surface":1403.47,"population":229,"departement":{"code":"28","nom":"Eure-et-Loir"},"region":{"code":"24","nom":"Centre-Val de Loire"}},{"nom":"Logron","code":"28211","codesPostaux":["28200"],"centre":{"type":"Point","coordinates":[1.2528,48.1382]},"surface":2277.18,"population":577,"departement":{"code":"28","nom":"Eure-et-Loir"},"region":{"code":"24","nom":"Centre-Val de Loire"}},{"nom":"Loigny-la-Bataille","code":"28212","codesPostaux":["28140"],"centre":{"type":"Point","coordinates":[1.7243,48.1302]},"surface":1815.35,"population":218,"departement":{"code":"28","nom":"Eure-et-Loir"},"region":{"code":"24","nom":"Centre-Val de Loire"}},{"nom":"Lormaye","code":"28213","codesPostaux":["28210"],"centre":{"type":"Point","coordinates":[1.5429,48.6393]},"surface":145.15,"population":686,"departement":{"code":"28","nom":"Eure-et-Loir"},"region":{"code":"24","nom":"Centre-Val de Loire"}},{"nom":"La Loupe","code":"28214","codesPostaux":["28240"],"centre":{"type":"Point","coordinates":[1.0261,48.4733]},"surface":736.94,"population":3191,"departement":{"code":"28","nom":"Eure-et-Loir"},"region":{"code":"24","nom":"Centre-Val de Loire"}},{"nom":"Louville-la-Chenard","code":"28215","codesPostaux":["28150"],"centre":{"type":"Point","coordinates":[1.7934,48.3268]},"surface":1990.01,"population":245,"departement":{"code":"28","nom":"Eure-et-Loir"},"region":{"code":"24","nom":"Centre-Val de Loire"}},{"nom":"Louvilliers-en-Drouais","code":"28216","codesPostaux":["28500"],"centre":{"type":"Point","coordinates":[1.283,48.7338]},"surface":416.37,"population":230,"departement":{"code":"28","nom":"Eure-et-Loir"},"region":{"code":"24","nom":"Centre-Val de Loire"}},{"nom":"Louvilliers-lès-Perche","code":"28217","codesPostaux":["28250"],"centre":{"type":"Point","coordinates":[1.0624,48.6192]},"surface":1455.43,"population":207,"departement":{"code":"28","nom":"Eure-et-Loir"},"region":{"code":"24","nom":"Centre-Val de Loire"}},{"nom":"Lucé","code":"28218","codesPostaux":["28110"],"centre":{"type":"Point","coordinates":[1.4525,48.4337]},"surface":616.59,"population":15921,"departement":{"code":"28","nom":"Eure-et-Loir"},"region":{"code":"24","nom":"Centre-Val de Loire"}},{"nom":"Luigny","code":"28219","codesPostaux":["28480"],"centre":{"type":"Point","coordinates":[1.0246,48.2393]},"surface":1623.08,"population":430,"departement":{"code":"28","nom":"Eure-et-Loir"},"region":{"code":"24","nom":"Centre-Val de Loire"}},{"nom":"Luisant","code":"28220","codesPostaux":["28600"],"centre":{"type":"Point","coordinates":[1.4668,48.4239]},"surface":442.17,"population":6945,"departement":{"code":"28","nom":"Eure-et-Loir"},"region":{"code":"24","nom":"Centre-Val de Loire"}},{"nom":"Lumeau","code":"28221","codesPostaux":["28140"],"centre":{"type":"Point","coordinates":[1.7728,48.1047]},"surface":1527.61,"population":138,"departement":{"code":"28","nom":"Eure-et-Loir"},"region":{"code":"24","nom":"Centre-Val de Loire"}},{"nom":"Luplanté","code":"28222","codesPostaux":["28360"],"centre":{"type":"Point","coordinates":[1.385,48.2987]},"surface":1669.84,"population":384,"departement":{"code":"28","nom":"Eure-et-Loir"},"region":{"code":"24","nom":"Centre-Val de Loire"}},{"nom":"Luray","code":"28223","codesPostaux":["28500"],"centre":{"type":"Point","coordinates":[1.3985,48.7144]},"surface":453.36,"population":1566,"departement":{"code":"28","nom":"Eure-et-Loir"},"region":{"code":"24","nom":"Centre-Val de Loire"}},{"nom":"Magny","code":"28225","codesPostaux":["28120"],"centre":{"type":"Point","coordinates":[1.2665,48.3478]},"surface":1320.51,"population":664,"departement":{"code":"28","nom":"Eure-et-Loir"},"region":{"code":"24","nom":"Centre-Val de Loire"}},{"nom":"Maillebois","code":"28226","codesPostaux":["28170"],"centre":{"type":"Point","coordinates":[1.1527,48.63]},"surface":4125.84,"population":941,"departement":{"code":"28","nom":"Eure-et-Loir"},"region":{"code":"24","nom":"Centre-Val de Loire"}},{"nom":"Maintenon","code":"28227","codesPostaux":["28130"],"centre":{"type":"Point","coordinates":[1.5815,48.5828]},"surface":1149.61,"population":4494,"departement":{"code":"28","nom":"Eure-et-Loir"},"region":{"code":"24","nom":"Centre-Val de Loire"}},{"nom":"Mainvilliers","code":"28229","codesPostaux":["28300"],"centre":{"type":"Point","coordinates":[1.4471,48.4651]},"surface":1203.5,"population":10629,"departement":{"code":"28","nom":"Eure-et-Loir"},"region":{"code":"24","nom":"Centre-Val de Loire"}},{"nom":"Maisons","code":"28230","codesPostaux":["28700"],"centre":{"type":"Point","coordinates":[1.846,48.4038]},"surface":957.19,"population":408,"departement":{"code":"28","nom":"Eure-et-Loir"},"region":{"code":"24","nom":"Centre-Val de Loire"}},{"nom":"La Mancelière","code":"28231","codesPostaux":["28270"],"centre":{"type":"Point","coordinates":[0.9858,48.6413]},"surface":593.51,"population":150,"departement":{"code":"28","nom":"Eure-et-Loir"},"region":{"code":"24","nom":"Centre-Val de Loire"}},{"nom":"Manou","code":"28232","codesPostaux":["28240"],"centre":{"type":"Point","coordinates":[0.9614,48.5372]},"surface":1363.48,"population":608,"departement":{"code":"28","nom":"Eure-et-Loir"},"region":{"code":"24","nom":"Centre-Val de Loire"}},{"nom":"Marboué","code":"28233","codesPostaux":["28200"],"centre":{"type":"Point","coordinates":[1.3056,48.1245]},"surface":2666.29,"population":1108,"departement":{"code":"28","nom":"Eure-et-Loir"},"region":{"code":"24","nom":"Centre-Val de Loire"}},{"nom":"Marchéville","code":"28234","codesPostaux":["28120"],"centre":{"type":"Point","coordinates":[1.2401,48.3603]},"surface":1259.63,"population":507,"departement":{"code":"28","nom":"Eure-et-Loir"},"region":{"code":"24","nom":"Centre-Val de Loire"}},{"nom":"Marchezais","code":"28235","codesPostaux":["28410"],"centre":{"type":"Point","coordinates":[1.5135,48.775]},"surface":222.21,"population":413,"departement":{"code":"28","nom":"Eure-et-Loir"},"region":{"code":"24","nom":"Centre-Val de Loire"}},{"nom":"Arcisses","code":"28236","codesPostaux":["28400"],"centre":{"type":"Point","coordinates":[0.89,48.3365]},"surface":4580.93,"population":2197,"departement":{"code":"28","nom":"Eure-et-Loir"},"region":{"code":"24","nom":"Centre-Val de Loire"}},{"nom":"Marolles-les-Buis","code":"28237","codesPostaux":["28400"],"centre":{"type":"Point","coordinates":[0.9437,48.3674]},"surface":1320.05,"population":205,"departement":{"code":"28","nom":"Eure-et-Loir"},"region":{"code":"24","nom":"Centre-Val de Loire"}},{"nom":"Marville-Moutiers-Brûlé","code":"28239","codesPostaux":["28500"],"centre":{"type":"Point","coordinates":[1.3779,48.6742]},"surface":2041.58,"population":1024,"departement":{"code":"28","nom":"Eure-et-Loir"},"region":{"code":"24","nom":"Centre-Val de Loire"}},{"nom":"Meaucé","code":"28240","codesPostaux":["28240"],"centre":{"type":"Point","coordinates":[0.9826,48.485]},"surface":1159.65,"population":501,"departement":{"code":"28","nom":"Eure-et-Loir"},"region":{"code":"24","nom":"Centre-Val de Loire"}},{"nom":"Méréglise","code":"28242","codesPostaux":["28120"],"centre":{"type":"Point","coordinates":[1.1861,48.2931]},"surface":445.51,"population":105,"departement":{"code":"28","nom":"Eure-et-Loir"},"region":{"code":"24","nom":"Centre-Val de Loire"}},{"nom":"Mérouville","code":"28243","codesPostaux":["28310"],"centre":{"type":"Point","coordinates":[1.9014,48.3013]},"surface":970.73,"population":214,"departement":{"code":"28","nom":"Eure-et-Loir"},"region":{"code":"24","nom":"Centre-Val de Loire"}},{"nom":"Meslay-le-Grenet","code":"28245","codesPostaux":["28120"],"centre":{"type":"Point","coordinates":[1.3918,48.3704]},"surface":894.41,"population":379,"departement":{"code":"28","nom":"Eure-et-Loir"},"region":{"code":"24","nom":"Centre-Val de Loire"}},{"nom":"Meslay-le-Vidame","code":"28246","codesPostaux":["28360"],"centre":{"type":"Point","coordinates":[1.4824,48.2757]},"surface":1485,"population":508,"departement":{"code":"28","nom":"Eure-et-Loir"},"region":{"code":"24","nom":"Centre-Val de Loire"}},{"nom":"Le Mesnil-Simon","code":"28247","codesPostaux":["28260"],"centre":{"type":"Point","coordinates":[1.5315,48.8895]},"surface":922.56,"population":565,"departement":{"code":"28","nom":"Eure-et-Loir"},"region":{"code":"24","nom":"Centre-Val de Loire"}},{"nom":"Le Mesnil-Thomas","code":"28248","codesPostaux":["28250"],"centre":{"type":"Point","coordinates":[1.0953,48.588]},"surface":1633.08,"population":335,"departement":{"code":"28","nom":"Eure-et-Loir"},"region":{"code":"24","nom":"Centre-Val de Loire"}},{"nom":"Mévoisins","code":"28249","codesPostaux":["28130"],"centre":{"type":"Point","coordinates":[1.5997,48.5524]},"surface":431.74,"population":615,"departement":{"code":"28","nom":"Eure-et-Loir"},"region":{"code":"24","nom":"Centre-Val de Loire"}},{"nom":"Mézières-en-Drouais","code":"28251","codesPostaux":["28500"],"centre":{"type":"Point","coordinates":[1.4419,48.7257]},"surface":850.82,"population":1059,"departement":{"code":"28","nom":"Eure-et-Loir"},"region":{"code":"24","nom":"Centre-Val de Loire"}},{"nom":"Miermaigne","code":"28252","codesPostaux":["28480"],"centre":{"type":"Point","coordinates":[1.0006,48.2471]},"surface":1117.66,"population":164,"departement":{"code":"28","nom":"Eure-et-Loir"},"region":{"code":"24","nom":"Centre-Val de Loire"}},{"nom":"Mignières","code":"28253","codesPostaux":["28630"],"centre":{"type":"Point","coordinates":[1.4244,48.3653]},"surface":1307.86,"population":1163,"departement":{"code":"28","nom":"Eure-et-Loir"},"region":{"code":"24","nom":"Centre-Val de Loire"}},{"nom":"Mittainvilliers-Vérigny","code":"28254","codesPostaux":["28190"],"centre":{"type":"Point","coordinates":[1.3308,48.5137]},"surface":2479.76,"population":801,"departement":{"code":"28","nom":"Eure-et-Loir"},"region":{"code":"24","nom":"Centre-Val de Loire"}},{"nom":"Moinville-la-Jeulin","code":"28255","codesPostaux":["28700"],"centre":{"type":"Point","coordinates":[1.7012,48.3752]},"surface":606.85,"population":159,"departement":{"code":"28","nom":"Eure-et-Loir"},"region":{"code":"24","nom":"Centre-Val de Loire"}},{"nom":"Moléans","code":"28256","codesPostaux":["28200"],"centre":{"type":"Point","coordinates":[1.4016,48.1143]},"surface":1104.05,"population":433,"departement":{"code":"28","nom":"Eure-et-Loir"},"region":{"code":"24","nom":"Centre-Val de Loire"}},{"nom":"Mondonville-Saint-Jean","code":"28257","codesPostaux":["28700"],"centre":{"type":"Point","coordinates":[1.8251,48.3623]},"surface":550.14,"population":96,"departement":{"code":"28","nom":"Eure-et-Loir"},"region":{"code":"24","nom":"Centre-Val de Loire"}},{"nom":"Montboissier","code":"28259","codesPostaux":["28800"],"centre":{"type":"Point","coordinates":[1.412,48.2292]},"surface":1417.2,"population":341,"departement":{"code":"28","nom":"Eure-et-Loir"},"region":{"code":"24","nom":"Centre-Val de Loire"}},{"nom":"Montharville","code":"28260","codesPostaux":["28800"],"centre":{"type":"Point","coordinates":[1.326,48.1771]},"surface":646.93,"population":105,"departement":{"code":"28","nom":"Eure-et-Loir"},"region":{"code":"24","nom":"Centre-Val de Loire"}},{"nom":"Montigny-le-Chartif","code":"28261","codesPostaux":["28120"],"centre":{"type":"Point","coordinates":[1.1255,48.2903]},"surface":2620.88,"population":586,"departement":{"code":"28","nom":"Eure-et-Loir"},"region":{"code":"24","nom":"Centre-Val de Loire"}},{"nom":"Montigny-sur-Avre","code":"28263","codesPostaux":["28270"],"centre":{"type":"Point","coordinates":[1.0116,48.7207]},"surface":745.66,"population":256,"departement":{"code":"28","nom":"Eure-et-Loir"},"region":{"code":"24","nom":"Centre-Val de Loire"}},{"nom":"Montireau","code":"28264","codesPostaux":["28240"],"centre":{"type":"Point","coordinates":[1.0369,48.4146]},"surface":1046.96,"population":136,"departement":{"code":"28","nom":"Eure-et-Loir"},"region":{"code":"24","nom":"Centre-Val de Loire"}},{"nom":"Montlandon","code":"28265","codesPostaux":["28240"],"centre":{"type":"Point","coordinates":[1.0258,48.3873]},"surface":294.56,"population":252,"departement":{"code":"28","nom":"Eure-et-Loir"},"region":{"code":"24","nom":"Centre-Val de Loire"}},{"nom":"Montreuil","code":"28267","codesPostaux":["28500"],"centre":{"type":"Point","coordinates":[1.3807,48.7791]},"surface":628.17,"population":538,"departement":{"code":"28","nom":"Eure-et-Loir"},"region":{"code":"24","nom":"Centre-Val de Loire"}},{"nom":"Morainville","code":"28268","codesPostaux":["28700"],"centre":{"type":"Point","coordinates":[1.8314,48.3794]},"surface":386.18,"population":18,"departement":{"code":"28","nom":"Eure-et-Loir"},"region":{"code":"24","nom":"Centre-Val de Loire"}},{"nom":"Morancez","code":"28269","codesPostaux":["28630"],"centre":{"type":"Point","coordinates":[1.5058,48.3998]},"surface":714.25,"population":1935,"departement":{"code":"28","nom":"Eure-et-Loir"},"region":{"code":"24","nom":"Centre-Val de Loire"}},{"nom":"Moriers","code":"28270","codesPostaux":["28800"],"centre":{"type":"Point","coordinates":[1.4408,48.2191]},"surface":908,"population":223,"departement":{"code":"28","nom":"Eure-et-Loir"},"region":{"code":"24","nom":"Centre-Val de Loire"}},{"nom":"Morvilliers","code":"28271","codesPostaux":["28340"],"centre":{"type":"Point","coordinates":[0.9452,48.6521]},"surface":997.99,"population":137,"departement":{"code":"28","nom":"Eure-et-Loir"},"region":{"code":"24","nom":"Centre-Val de Loire"}},{"nom":"Mottereau","code":"28272","codesPostaux":["28160"],"centre":{"type":"Point","coordinates":[1.1613,48.2499]},"surface":882.07,"population":152,"departement":{"code":"28","nom":"Eure-et-Loir"},"region":{"code":"24","nom":"Centre-Val de Loire"}},{"nom":"Moulhard","code":"28273","codesPostaux":["28160"],"centre":{"type":"Point","coordinates":[1.0077,48.2108]},"surface":1143.9,"population":139,"departement":{"code":"28","nom":"Eure-et-Loir"},"region":{"code":"24","nom":"Centre-Val de Loire"}},{"nom":"Moutiers","code":"28274","codesPostaux":["28150"],"centre":{"type":"Point","coordinates":[1.7595,48.2974]},"surface":2140.19,"population":246,"departement":{"code":"28","nom":"Eure-et-Loir"},"region":{"code":"24","nom":"Centre-Val de Loire"}},{"nom":"Néron","code":"28275","codesPostaux":["28210"],"centre":{"type":"Point","coordinates":[1.4987,48.5979]},"surface":1928.04,"population":687,"departement":{"code":"28","nom":"Eure-et-Loir"},"region":{"code":"24","nom":"Centre-Val de Loire"}},{"nom":"Neuvy-en-Dunois","code":"28277","codesPostaux":["28800"],"centre":{"type":"Point","coordinates":[1.5429,48.1984]},"surface":2583.62,"population":300,"departement":{"code":"28","nom":"Eure-et-Loir"},"region":{"code":"24","nom":"Centre-Val de Loire"}},{"nom":"Nogent-le-Phaye","code":"28278","codesPostaux":["28630"],"centre":{"type":"Point","coordinates":[1.5809,48.4497]},"surface":1498.61,"population":1452,"departement":{"code":"28","nom":"Eure-et-Loir"},"region":{"code":"24","nom":"Centre-Val de Loire"}},{"nom":"Nogent-le-Roi","code":"28279","codesPostaux":["28210"],"centre":{"type":"Point","coordinates":[1.5206,48.6315]},"surface":1317.39,"population":4021,"departement":{"code":"28","nom":"Eure-et-Loir"},"region":{"code":"24","nom":"Centre-Val de Loire"}},{"nom":"Nogent-le-Rotrou","code":"28280","codesPostaux":["28400"],"centre":{"type":"Point","coordinates":[0.8071,48.3197]},"surface":2337.29,"population":9292,"departement":{"code":"28","nom":"Eure-et-Loir"},"region":{"code":"24","nom":"Centre-Val de Loire"}},{"nom":"Nogent-sur-Eure","code":"28281","codesPostaux":["28120"],"centre":{"type":"Point","coordinates":[1.3868,48.3896]},"surface":918.46,"population":510,"departement":{"code":"28","nom":"Eure-et-Loir"},"region":{"code":"24","nom":"Centre-Val de Loire"}},{"nom":"Nonvilliers-Grandhoux","code":"28282","codesPostaux":["28120"],"centre":{"type":"Point","coordinates":[1.1416,48.3399]},"surface":2200.33,"population":429,"departement":{"code":"28","nom":"Eure-et-Loir"},"region":{"code":"24","nom":"Centre-Val de Loire"}},{"nom":"Nottonville","code":"28283","codesPostaux":["28140"],"centre":{"type":"Point","coordinates":[1.5232,48.1262]},"surface":2477.76,"population":279,"departement":{"code":"28","nom":"Eure-et-Loir"},"region":{"code":"24","nom":"Centre-Val de Loire"}},{"nom":"Oinville-Saint-Liphard","code":"28284","codesPostaux":["28310"],"centre":{"type":"Point","coordinates":[1.9276,48.2359]},"surface":2186.14,"population":279,"departement":{"code":"28","nom":"Eure-et-Loir"},"region":{"code":"24","nom":"Centre-Val de Loire"}},{"nom":"Oinville-sous-Auneau","code":"28285","codesPostaux":["28700"],"centre":{"type":"Point","coordinates":[1.7096,48.4704]},"surface":1045.33,"population":313,"departement":{"code":"28","nom":"Eure-et-Loir"},"region":{"code":"24","nom":"Centre-Val de Loire"}},{"nom":"Ollé","code":"28286","codesPostaux":["28120"],"centre":{"type":"Point","coordinates":[1.2926,48.3874]},"surface":1307.94,"population":625,"departement":{"code":"28","nom":"Eure-et-Loir"},"region":{"code":"24","nom":"Centre-Val de Loire"}},{"nom":"Orgères-en-Beauce","code":"28287","codesPostaux":["28140"],"centre":{"type":"Point","coordinates":[1.6865,48.1376]},"surface":1540.7,"population":1007,"departement":{"code":"28","nom":"Eure-et-Loir"},"region":{"code":"24","nom":"Centre-Val de Loire"}},{"nom":"Ormoy","code":"28289","codesPostaux":["28210"],"centre":{"type":"Point","coordinates":[1.4724,48.6224]},"surface":916.14,"population":229,"departement":{"code":"28","nom":"Eure-et-Loir"},"region":{"code":"24","nom":"Centre-Val de Loire"}},{"nom":"Orrouer","code":"28290","codesPostaux":["28190"],"centre":{"type":"Point","coordinates":[1.2813,48.4049]},"surface":1320.5,"population":282,"departement":{"code":"28","nom":"Eure-et-Loir"},"region":{"code":"24","nom":"Centre-Val de Loire"}},{"nom":"Ouarville","code":"28291","codesPostaux":["28150"],"centre":{"type":"Point","coordinates":[1.765,48.361]},"surface":2042.1,"population":548,"departement":{"code":"28","nom":"Eure-et-Loir"},"region":{"code":"24","nom":"Centre-Val de Loire"}},{"nom":"Ouerre","code":"28292","codesPostaux":["28500"],"centre":{"type":"Point","coordinates":[1.4938,48.7081]},"surface":1273.23,"population":785,"departement":{"code":"28","nom":"Eure-et-Loir"},"region":{"code":"24","nom":"Centre-Val de Loire"}},{"nom":"Oulins","code":"28293","codesPostaux":["28260"],"centre":{"type":"Point","coordinates":[1.4939,48.8661]},"surface":1031.44,"population":1171,"departement":{"code":"28","nom":"Eure-et-Loir"},"region":{"code":"24","nom":"Centre-Val de Loire"}},{"nom":"Oysonville","code":"28294","codesPostaux":["28700"],"centre":{"type":"Point","coordinates":[1.9481,48.3918]},"surface":963.17,"population":517,"departement":{"code":"28","nom":"Eure-et-Loir"},"region":{"code":"24","nom":"Centre-Val de Loire"}},{"nom":"Péronville","code":"28296","codesPostaux":["28140"],"centre":{"type":"Point","coordinates":[1.5753,48.0611]},"surface":2503.95,"population":254,"departement":{"code":"28","nom":"Eure-et-Loir"},"region":{"code":"24","nom":"Centre-Val de Loire"}},{"nom":"Pierres","code":"28298","codesPostaux":["28130"],"centre":{"type":"Point","coordinates":[1.5566,48.5883]},"surface":1052.98,"population":2788,"departement":{"code":"28","nom":"Eure-et-Loir"},"region":{"code":"24","nom":"Centre-Val de Loire"}},{"nom":"Les Pinthières","code":"28299","codesPostaux":["28210"],"centre":{"type":"Point","coordinates":[1.5748,48.7044]},"surface":404.3,"population":165,"departement":{"code":"28","nom":"Eure-et-Loir"},"region":{"code":"24","nom":"Centre-Val de Loire"}},{"nom":"Poinville","code":"28300","codesPostaux":["28310"],"centre":{"type":"Point","coordinates":[1.8994,48.1758]},"surface":814.73,"population":176,"departement":{"code":"28","nom":"Eure-et-Loir"},"region":{"code":"24","nom":"Centre-Val de Loire"}},{"nom":"Poisvilliers","code":"28301","codesPostaux":["28300"],"centre":{"type":"Point","coordinates":[1.46,48.5072]},"surface":1064.89,"population":445,"departement":{"code":"28","nom":"Eure-et-Loir"},"region":{"code":"24","nom":"Centre-Val de Loire"}},{"nom":"Pontgouin","code":"28302","codesPostaux":["28190"],"centre":{"type":"Point","coordinates":[1.1372,48.4902]},"surface":2541.51,"population":1110,"departement":{"code":"28","nom":"Eure-et-Loir"},"region":{"code":"24","nom":"Centre-Val de Loire"}},{"nom":"Poupry","code":"28303","codesPostaux":["28140"],"centre":{"type":"Point","coordinates":[1.8343,48.1005]},"surface":1461.16,"population":96,"departement":{"code":"28","nom":"Eure-et-Loir"},"region":{"code":"24","nom":"Centre-Val de Loire"}},{"nom":"Prasville","code":"28304","codesPostaux":["28150"],"centre":{"type":"Point","coordinates":[1.7145,48.271]},"surface":1651.12,"population":451,"departement":{"code":"28","nom":"Eure-et-Loir"},"region":{"code":"24","nom":"Centre-Val de Loire"}},{"nom":"Pré-Saint-Évroult","code":"28305","codesPostaux":["28800"],"centre":{"type":"Point","coordinates":[1.4526,48.1885]},"surface":2160.62,"population":283,"departement":{"code":"28","nom":"Eure-et-Loir"},"region":{"code":"24","nom":"Centre-Val de Loire"}},{"nom":"Pré-Saint-Martin","code":"28306","codesPostaux":["28800"],"centre":{"type":"Point","coordinates":[1.4715,48.2222]},"surface":729.27,"population":174,"departement":{"code":"28","nom":"Eure-et-Loir"},"region":{"code":"24","nom":"Centre-Val de Loire"}},{"nom":"Prudemanche","code":"28308","codesPostaux":["28270"],"centre":{"type":"Point","coordinates":[1.1375,48.7202]},"surface":1544.38,"population":262,"departement":{"code":"28","nom":"Eure-et-Loir"},"region":{"code":"24","nom":"Centre-Val de Loire"}},{"nom":"Prunay-le-Gillon","code":"28309","codesPostaux":["28360"],"centre":{"type":"Point","coordinates":[1.6381,48.3678]},"surface":2570.39,"population":1164,"departement":{"code":"28","nom":"Eure-et-Loir"},"region":{"code":"24","nom":"Centre-Val de Loire"}},{"nom":"La Puisaye","code":"28310","codesPostaux":["28250"],"centre":{"type":"Point","coordinates":[0.9697,48.6127]},"surface":2055.87,"population":248,"departement":{"code":"28","nom":"Eure-et-Loir"},"region":{"code":"24","nom":"Centre-Val de Loire"}},{"nom":"Puiseux","code":"28312","codesPostaux":["28170"],"centre":{"type":"Point","coordinates":[1.368,48.6396]},"surface":521.8,"population":136,"departement":{"code":"28","nom":"Eure-et-Loir"},"region":{"code":"24","nom":"Centre-Val de Loire"}},{"nom":"Réclainville","code":"28313","codesPostaux":["28150"],"centre":{"type":"Point","coordinates":[1.7423,48.3387]},"surface":996.04,"population":203,"departement":{"code":"28","nom":"Eure-et-Loir"},"region":{"code":"24","nom":"Centre-Val de Loire"}},{"nom":"Les Ressuintes","code":"28314","codesPostaux":["28340"],"centre":{"type":"Point","coordinates":[0.9264,48.5947]},"surface":747.28,"population":152,"departement":{"code":"28","nom":"Eure-et-Loir"},"region":{"code":"24","nom":"Centre-Val de Loire"}},{"nom":"Revercourt","code":"28315","codesPostaux":["28270"],"centre":{"type":"Point","coordinates":[1.0787,48.7217]},"surface":551.61,"population":26,"departement":{"code":"28","nom":"Eure-et-Loir"},"region":{"code":"24","nom":"Centre-Val de Loire"}},{"nom":"Rohaire","code":"28316","codesPostaux":["28340"],"centre":{"type":"Point","coordinates":[0.8404,48.6668]},"surface":1003.15,"population":132,"departement":{"code":"28","nom":"Eure-et-Loir"},"region":{"code":"24","nom":"Centre-Val de Loire"}},{"nom":"Roinville","code":"28317","codesPostaux":["28700"],"centre":{"type":"Point","coordinates":[1.7584,48.4449]},"surface":683.21,"population":588,"departement":{"code":"28","nom":"Eure-et-Loir"},"region":{"code":"24","nom":"Centre-Val de Loire"}},{"nom":"Neuville Saint Denis","code":"28319","codesPostaux":["28310"],"centre":{"type":"Point","coordinates":[1.9222,48.2774]},"surface":4176.47,"population":647,"departement":{"code":"28","nom":"Eure-et-Loir"},"region":{"code":"24","nom":"Centre-Val de Loire"}},{"nom":"Rouvres","code":"28321","codesPostaux":["28260"],"centre":{"type":"Point","coordinates":[1.4744,48.8327]},"surface":1648.49,"population":802,"departement":{"code":"28","nom":"Eure-et-Loir"},"region":{"code":"24","nom":"Centre-Val de Loire"}},{"nom":"Rueil-la-Gadelière","code":"28322","codesPostaux":["28270"],"centre":{"type":"Point","coordinates":[0.9628,48.706]},"surface":1890.3,"population":465,"departement":{"code":"28","nom":"Eure-et-Loir"},"region":{"code":"24","nom":"Centre-Val de Loire"}},{"nom":"Saint-Ange-et-Torçay","code":"28323","codesPostaux":["28170"],"centre":{"type":"Point","coordinates":[1.2095,48.6478]},"surface":1664.29,"population":284,"departement":{"code":"28","nom":"Eure-et-Loir"},"region":{"code":"24","nom":"Centre-Val de Loire"}},{"nom":"Saint-Arnoult-des-Bois","code":"28324","codesPostaux":["28190"],"centre":{"type":"Point","coordinates":[1.2568,48.4919]},"surface":2064.44,"population":897,"departement":{"code":"28","nom":"Eure-et-Loir"},"region":{"code":"24","nom":"Centre-Val de Loire"}},{"nom":"Saint-Aubin-des-Bois","code":"28325","codesPostaux":["28300"],"centre":{"type":"Point","coordinates":[1.345,48.4666]},"surface":1824.44,"population":1159,"departement":{"code":"28","nom":"Eure-et-Loir"},"region":{"code":"24","nom":"Centre-Val de Loire"}},{"nom":"Saint-Avit-les-Guespières","code":"28326","codesPostaux":["28120"],"centre":{"type":"Point","coordinates":[1.2602,48.2673]},"surface":1273.19,"population":342,"departement":{"code":"28","nom":"Eure-et-Loir"},"region":{"code":"24","nom":"Centre-Val de Loire"}},{"nom":"Saint-Bomer","code":"28327","codesPostaux":["28330"],"centre":{"type":"Point","coordinates":[0.8263,48.1957]},"surface":1347.29,"population":194,"departement":{"code":"28","nom":"Eure-et-Loir"},"region":{"code":"24","nom":"Centre-Val de Loire"}},{"nom":"Saint-Christophe","code":"28329","codesPostaux":["28200"],"centre":{"type":"Point","coordinates":[1.3709,48.133]},"surface":615.47,"population":143,"departement":{"code":"28","nom":"Eure-et-Loir"},"region":{"code":"24","nom":"Centre-Val de Loire"}},{"nom":"Villemaury","code":"28330","codesPostaux":["28200"],"centre":{"type":"Point","coordinates":[1.4492,48.0477]},"surface":7733.84,"population":1283,"departement":{"code":"28","nom":"Eure-et-Loir"},"region":{"code":"24","nom":"Centre-Val de Loire"}},{"nom":"Saintigny","code":"28331","codesPostaux":["28480"],"centre":{"type":"Point","coordinates":[1.0029,48.3506]},"surface":4525.37,"population":922,"departement":{"code":"28","nom":"Eure-et-Loir"},"region":{"code":"24","nom":"Centre-Val de Loire"}},{"nom":"Sainte-Gemme-Moronval","code":"28332","codesPostaux":["28500"],"centre":{"type":"Point","coordinates":[1.416,48.7357]},"surface":553.68,"population":1114,"departement":{"code":"28","nom":"Eure-et-Loir"},"region":{"code":"24","nom":"Centre-Val de Loire"}},{"nom":"Saint-Denis-des-Puits","code":"28333","codesPostaux":["28240"],"centre":{"type":"Point","coordinates":[1.1609,48.3812]},"surface":1377.93,"population":150,"departement":{"code":"28","nom":"Eure-et-Loir"},"region":{"code":"24","nom":"Centre-Val de Loire"}},{"nom":"Saint-Denis-Lanneray","code":"28334","codesPostaux":["28200"],"centre":{"type":"Point","coordinates":[1.2465,48.0851]},"surface":4075.73,"population":2086,"departement":{"code":"28","nom":"Eure-et-Loir"},"region":{"code":"24","nom":"Centre-Val de Loire"}},{"nom":"Saint-Éliph","code":"28335","codesPostaux":["28240"],"centre":{"type":"Point","coordinates":[1.0381,48.4534]},"surface":2381.25,"population":828,"departement":{"code":"28","nom":"Eure-et-Loir"},"region":{"code":"24","nom":"Centre-Val de Loire"}},{"nom":"Saint-Éman","code":"28336","codesPostaux":["28120"],"centre":{"type":"Point","coordinates":[1.2028,48.3276]},"surface":463.06,"population":94,"departement":{"code":"28","nom":"Eure-et-Loir"},"region":{"code":"24","nom":"Centre-Val de Loire"}},{"nom":"Saint-Georges-sur-Eure","code":"28337","codesPostaux":["28190"],"centre":{"type":"Point","coordinates":[1.3583,48.4214]},"surface":1552.49,"population":2797,"departement":{"code":"28","nom":"Eure-et-Loir"},"region":{"code":"24","nom":"Centre-Val de Loire"}},{"nom":"Saint-Germain-le-Gaillard","code":"28339","codesPostaux":["28190"],"centre":{"type":"Point","coordinates":[1.2569,48.4246]},"surface":827,"population":368,"departement":{"code":"28","nom":"Eure-et-Loir"},"region":{"code":"24","nom":"Centre-Val de Loire"}},{"nom":"Saint-Jean-de-Rebervilliers","code":"28341","codesPostaux":["28170"],"centre":{"type":"Point","coordinates":[1.2601,48.6204]},"surface":1093.74,"population":235,"departement":{"code":"28","nom":"Eure-et-Loir"},"region":{"code":"24","nom":"Centre-Val de Loire"}},{"nom":"Saint-Jean-Pierre-Fixte","code":"28342","codesPostaux":["28400"],"centre":{"type":"Point","coordinates":[0.8333,48.2948]},"surface":707.13,"population":271,"departement":{"code":"28","nom":"Eure-et-Loir"},"region":{"code":"24","nom":"Centre-Val de Loire"}},{"nom":"Saint-Laurent-la-Gâtine","code":"28343","codesPostaux":["28210"],"centre":{"type":"Point","coordinates":[1.54,48.6924]},"surface":699.54,"population":470,"departement":{"code":"28","nom":"Eure-et-Loir"},"region":{"code":"24","nom":"Centre-Val de Loire"}},{"nom":"Saint-Léger-des-Aubées","code":"28344","codesPostaux":["28700"],"centre":{"type":"Point","coordinates":[1.7504,48.417]},"surface":1338.5,"population":254,"departement":{"code":"28","nom":"Eure-et-Loir"},"region":{"code":"24","nom":"Centre-Val de Loire"}},{"nom":"Saint-Lubin-de-Cravant","code":"28346","codesPostaux":["28270"],"centre":{"type":"Point","coordinates":[1.0987,48.7076]},"surface":693.27,"population":54,"departement":{"code":"28","nom":"Eure-et-Loir"},"region":{"code":"24","nom":"Centre-Val de Loire"}},{"nom":"Saint-Lubin-de-la-Haye","code":"28347","codesPostaux":["28410"],"centre":{"type":"Point","coordinates":[1.5622,48.82]},"surface":1429.38,"population":937,"departement":{"code":"28","nom":"Eure-et-Loir"},"region":{"code":"24","nom":"Centre-Val de Loire"}},{"nom":"Saint-Lubin-des-Joncherets","code":"28348","codesPostaux":["28350"],"centre":{"type":"Point","coordinates":[1.1923,48.7465]},"surface":1443.15,"population":4116,"departement":{"code":"28","nom":"Eure-et-Loir"},"region":{"code":"24","nom":"Centre-Val de Loire"}},{"nom":"Saint-Lucien","code":"28349","codesPostaux":["28210"],"centre":{"type":"Point","coordinates":[1.6235,48.641]},"surface":882.2,"population":283,"departement":{"code":"28","nom":"Eure-et-Loir"},"region":{"code":"24","nom":"Centre-Val de Loire"}},{"nom":"Saint-Luperce","code":"28350","codesPostaux":["28190"],"centre":{"type":"Point","coordinates":[1.3079,48.4403]},"surface":1446.97,"population":1005,"departement":{"code":"28","nom":"Eure-et-Loir"},"region":{"code":"24","nom":"Centre-Val de Loire"}},{"nom":"Saint-Maixme-Hauterive","code":"28351","codesPostaux":["28170"],"centre":{"type":"Point","coordinates":[1.1914,48.594]},"surface":3204.77,"population":420,"departement":{"code":"28","nom":"Eure-et-Loir"},"region":{"code":"24","nom":"Centre-Val de Loire"}},{"nom":"Saint-Martin-de-Nigelles","code":"28352","codesPostaux":["28130"],"centre":{"type":"Point","coordinates":[1.6166,48.6134]},"surface":1249.54,"population":1587,"departement":{"code":"28","nom":"Eure-et-Loir"},"region":{"code":"24","nom":"Centre-Val de Loire"}},{"nom":"Saint-Maur-sur-le-Loir","code":"28353","codesPostaux":["28800"],"centre":{"type":"Point","coordinates":[1.4184,48.152]},"surface":1669.05,"population":411,"departement":{"code":"28","nom":"Eure-et-Loir"},"region":{"code":"24","nom":"Centre-Val de Loire"}},{"nom":"Saint-Maurice-Saint-Germain","code":"28354","codesPostaux":["28240"],"centre":{"type":"Point","coordinates":[1.0748,48.4941]},"surface":1216.79,"population":528,"departement":{"code":"28","nom":"Eure-et-Loir"},"region":{"code":"24","nom":"Centre-Val de Loire"}},{"nom":"Saint-Ouen-Marchefroy","code":"28355","codesPostaux":["28260"],"centre":{"type":"Point","coordinates":[1.5347,48.8537]},"surface":936.43,"population":290,"departement":{"code":"28","nom":"Eure-et-Loir"},"region":{"code":"24","nom":"Centre-Val de Loire"}},{"nom":"Saint-Piat","code":"28357","codesPostaux":["28130"],"centre":{"type":"Point","coordinates":[1.585,48.5477]},"surface":1149.16,"population":1120,"departement":{"code":"28","nom":"Eure-et-Loir"},"region":{"code":"24","nom":"Centre-Val de Loire"}},{"nom":"Saint-Prest","code":"28358","codesPostaux":["28300"],"centre":{"type":"Point","coordinates":[1.5156,48.4924]},"surface":1685.78,"population":2115,"departement":{"code":"28","nom":"Eure-et-Loir"},"region":{"code":"24","nom":"Centre-Val de Loire"}},{"nom":"Saint-Rémy-sur-Avre","code":"28359","codesPostaux":["28380"],"centre":{"type":"Point","coordinates":[1.2381,48.7486]},"surface":1305.21,"population":4058,"departement":{"code":"28","nom":"Eure-et-Loir"},"region":{"code":"24","nom":"Centre-Val de Loire"}},{"nom":"Saint-Sauveur-Marville","code":"28360","codesPostaux":["28170"],"centre":{"type":"Point","coordinates":[1.2811,48.6077]},"surface":1892.94,"population":921,"departement":{"code":"28","nom":"Eure-et-Loir"},"region":{"code":"24","nom":"Centre-Val de Loire"}},{"nom":"Saint-Victor-de-Buthon","code":"28362","codesPostaux":["28240"],"centre":{"type":"Point","coordinates":[0.9756,48.4108]},"surface":2825.19,"population":510,"departement":{"code":"28","nom":"Eure-et-Loir"},"region":{"code":"24","nom":"Centre-Val de Loire"}},{"nom":"Sainville","code":"28363","codesPostaux":["28700"],"centre":{"type":"Point","coordinates":[1.8802,48.4149]},"surface":2203.03,"population":1046,"departement":{"code":"28","nom":"Eure-et-Loir"},"region":{"code":"24","nom":"Centre-Val de Loire"}},{"nom":"Sancheville","code":"28364","codesPostaux":["28800"],"centre":{"type":"Point","coordinates":[1.579,48.1806]},"surface":2197.24,"population":742,"departement":{"code":"28","nom":"Eure-et-Loir"},"region":{"code":"24","nom":"Centre-Val de Loire"}},{"nom":"Sandarville","code":"28365","codesPostaux":["28120"],"centre":{"type":"Point","coordinates":[1.3479,48.3448]},"surface":956.91,"population":423,"departement":{"code":"28","nom":"Eure-et-Loir"},"region":{"code":"24","nom":"Centre-Val de Loire"}},{"nom":"Santeuil","code":"28366","codesPostaux":["28700"],"centre":{"type":"Point","coordinates":[1.7399,48.3807]},"surface":928.83,"population":324,"departement":{"code":"28","nom":"Eure-et-Loir"},"region":{"code":"24","nom":"Centre-Val de Loire"}},{"nom":"Santilly","code":"28367","codesPostaux":["28310"],"centre":{"type":"Point","coordinates":[1.8813,48.151]},"surface":1790.19,"population":303,"departement":{"code":"28","nom":"Eure-et-Loir"},"region":{"code":"24","nom":"Centre-Val de Loire"}},{"nom":"La Saucelle","code":"28368","codesPostaux":["28250"],"centre":{"type":"Point","coordinates":[1.0296,48.6279]},"surface":1423.27,"population":198,"departement":{"code":"28","nom":"Eure-et-Loir"},"region":{"code":"24","nom":"Centre-Val de Loire"}},{"nom":"Saulnières","code":"28369","codesPostaux":["28500"],"centre":{"type":"Point","coordinates":[1.2657,48.6655]},"surface":1073.52,"population":751,"departement":{"code":"28","nom":"Eure-et-Loir"},"region":{"code":"24","nom":"Centre-Val de Loire"}},{"nom":"Saumeray","code":"28370","codesPostaux":["28800"],"centre":{"type":"Point","coordinates":[1.3169,48.2552]},"surface":1951.15,"population":465,"departement":{"code":"28","nom":"Eure-et-Loir"},"region":{"code":"24","nom":"Centre-Val de Loire"}},{"nom":"Saussay","code":"28371","codesPostaux":["28260"],"centre":{"type":"Point","coordinates":[1.4102,48.8503]},"surface":470.04,"population":1080,"departement":{"code":"28","nom":"Eure-et-Loir"},"region":{"code":"24","nom":"Centre-Val de Loire"}},{"nom":"Senantes","code":"28372","codesPostaux":["28210"],"centre":{"type":"Point","coordinates":[1.5818,48.6568]},"surface":769.42,"population":528,"departement":{"code":"28","nom":"Eure-et-Loir"},"region":{"code":"24","nom":"Centre-Val de Loire"}},{"nom":"Senonches","code":"28373","codesPostaux":["28250"],"centre":{"type":"Point","coordinates":[1.0144,48.5584]},"surface":6261.88,"population":3045,"departement":{"code":"28","nom":"Eure-et-Loir"},"region":{"code":"24","nom":"Centre-Val de Loire"}},{"nom":"Serazereux","code":"28374","codesPostaux":["28170"],"centre":{"type":"Point","coordinates":[1.4382,48.5938]},"surface":1571.87,"population":536,"departement":{"code":"28","nom":"Eure-et-Loir"},"region":{"code":"24","nom":"Centre-Val de Loire"}},{"nom":"Serville","code":"28375","codesPostaux":["28410"],"centre":{"type":"Point","coordinates":[1.4889,48.7698]},"surface":564.93,"population":359,"departement":{"code":"28","nom":"Eure-et-Loir"},"region":{"code":"24","nom":"Centre-Val de Loire"}},{"nom":"Sorel-Moussel","code":"28377","codesPostaux":["28260"],"centre":{"type":"Point","coordinates":[1.3989,48.8255]},"surface":1299.14,"population":1758,"departement":{"code":"28","nom":"Eure-et-Loir"},"region":{"code":"24","nom":"Centre-Val de Loire"}},{"nom":"Souancé-au-Perche","code":"28378","codesPostaux":["28400"],"centre":{"type":"Point","coordinates":[0.8355,48.2697]},"surface":1900.72,"population":486,"departement":{"code":"28","nom":"Eure-et-Loir"},"region":{"code":"24","nom":"Centre-Val de Loire"}},{"nom":"Soulaires","code":"28379","codesPostaux":["28130"],"centre":{"type":"Point","coordinates":[1.5905,48.5184]},"surface":599.48,"population":471,"departement":{"code":"28","nom":"Eure-et-Loir"},"region":{"code":"24","nom":"Centre-Val de Loire"}},{"nom":"Sours","code":"28380","codesPostaux":["28630"],"centre":{"type":"Point","coordinates":[1.5977,48.4126]},"surface":3319.97,"population":1959,"departement":{"code":"28","nom":"Eure-et-Loir"},"region":{"code":"24","nom":"Centre-Val de Loire"}},{"nom":"Terminiers","code":"28382","codesPostaux":["28140"],"centre":{"type":"Point","coordinates":[1.7337,48.0923]},"surface":3198.77,"population":881,"departement":{"code":"28","nom":"Eure-et-Loir"},"region":{"code":"24","nom":"Centre-Val de Loire"}},{"nom":"Theuville","code":"28383","codesPostaux":["28150","28360"],"centre":{"type":"Point","coordinates":[1.5909,48.3281]},"surface":3043.86,"population":729,"departement":{"code":"28","nom":"Eure-et-Loir"},"region":{"code":"24","nom":"Centre-Val de Loire"}},{"nom":"Le Thieulin","code":"28385","codesPostaux":["28240"],"centre":{"type":"Point","coordinates":[1.1384,48.4053]},"surface":1192.44,"population":423,"departement":{"code":"28","nom":"Eure-et-Loir"},"region":{"code":"24","nom":"Centre-Val de Loire"}},{"nom":"Thimert-Gâtelles","code":"28386","codesPostaux":["28170"],"centre":{"type":"Point","coordinates":[1.2549,48.5521]},"surface":4277.46,"population":1231,"departement":{"code":"28","nom":"Eure-et-Loir"},"region":{"code":"24","nom":"Centre-Val de Loire"}},{"nom":"Thiron-Gardais","code":"28387","codesPostaux":["28480"],"centre":{"type":"Point","coordinates":[1.0137,48.3047]},"surface":1346.47,"population":962,"departement":{"code":"28","nom":"Eure-et-Loir"},"region":{"code":"24","nom":"Centre-Val de Loire"}},{"nom":"Thivars","code":"28388","codesPostaux":["28630"],"centre":{"type":"Point","coordinates":[1.4469,48.3799]},"surface":925.77,"population":1119,"departement":{"code":"28","nom":"Eure-et-Loir"},"region":{"code":"24","nom":"Centre-Val de Loire"}},{"nom":"Thiville","code":"28389","codesPostaux":["28200"],"centre":{"type":"Point","coordinates":[1.3723,48.0177]},"surface":2822.15,"population":334,"departement":{"code":"28","nom":"Eure-et-Loir"},"region":{"code":"24","nom":"Centre-Val de Loire"}},{"nom":"Tillay-le-Péneux","code":"28390","codesPostaux":["28140"],"centre":{"type":"Point","coordinates":[1.7592,48.1562]},"surface":2233.44,"population":316,"departement":{"code":"28","nom":"Eure-et-Loir"},"region":{"code":"24","nom":"Centre-Val de Loire"}},{"nom":"Toury","code":"28391","codesPostaux":["28310"],"centre":{"type":"Point","coordinates":[1.9425,48.1954]},"surface":1895.51,"population":2640,"departement":{"code":"28","nom":"Eure-et-Loir"},"region":{"code":"24","nom":"Centre-Val de Loire"}},{"nom":"Trancrainville","code":"28392","codesPostaux":["28310"],"centre":{"type":"Point","coordinates":[1.8631,48.2378]},"surface":1169.68,"population":169,"departement":{"code":"28","nom":"Eure-et-Loir"},"region":{"code":"24","nom":"Centre-Val de Loire"}},{"nom":"Tremblay-les-Villages","code":"28393","codesPostaux":["28170"],"centre":{"type":"Point","coordinates":[1.3871,48.59]},"surface":6352.17,"population":2206,"departement":{"code":"28","nom":"Eure-et-Loir"},"region":{"code":"24","nom":"Centre-Val de Loire"}},{"nom":"Tréon","code":"28394","codesPostaux":["28500"],"centre":{"type":"Point","coordinates":[1.3213,48.6714]},"surface":1100.5,"population":1418,"departement":{"code":"28","nom":"Eure-et-Loir"},"region":{"code":"24","nom":"Centre-Val de Loire"}},{"nom":"Trizay-Coutretot-Saint-Serge","code":"28395","codesPostaux":["28400"],"centre":{"type":"Point","coordinates":[0.8826,48.2942]},"surface":1118.8,"population":430,"departement":{"code":"28","nom":"Eure-et-Loir"},"region":{"code":"24","nom":"Centre-Val de Loire"}},{"nom":"Trizay-lès-Bonneval","code":"28396","codesPostaux":["28800"],"centre":{"type":"Point","coordinates":[1.3336,48.1993]},"surface":990.45,"population":323,"departement":{"code":"28","nom":"Eure-et-Loir"},"region":{"code":"24","nom":"Centre-Val de Loire"}},{"nom":"Umpeau","code":"28397","codesPostaux":["28700"],"centre":{"type":"Point","coordinates":[1.6658,48.4686]},"surface":1144.96,"population":404,"departement":{"code":"28","nom":"Eure-et-Loir"},"region":{"code":"24","nom":"Centre-Val de Loire"}},{"nom":"Unverre","code":"28398","codesPostaux":["28160"],"centre":{"type":"Point","coordinates":[1.0586,48.1997]},"surface":6222.95,"population":1203,"departement":{"code":"28","nom":"Eure-et-Loir"},"region":{"code":"24","nom":"Centre-Val de Loire"}},{"nom":"Varize","code":"28400","codesPostaux":["28140"],"centre":{"type":"Point","coordinates":[1.5262,48.0814]},"surface":1385.04,"population":184,"departement":{"code":"28","nom":"Eure-et-Loir"},"region":{"code":"24","nom":"Centre-Val de Loire"}},{"nom":"Vaupillon","code":"28401","codesPostaux":["28240"],"centre":{"type":"Point","coordinates":[0.9705,48.4589]},"surface":1274.76,"population":466,"departement":{"code":"28","nom":"Eure-et-Loir"},"region":{"code":"24","nom":"Centre-Val de Loire"}},{"nom":"Ver-lès-Chartres","code":"28403","codesPostaux":["28630"],"centre":{"type":"Point","coordinates":[1.4841,48.379]},"surface":947.33,"population":776,"departement":{"code":"28","nom":"Eure-et-Loir"},"region":{"code":"24","nom":"Centre-Val de Loire"}},{"nom":"Vernouillet","code":"28404","codesPostaux":["28500"],"centre":{"type":"Point","coordinates":[1.352,48.7141]},"surface":1225.96,"population":12310,"departement":{"code":"28","nom":"Eure-et-Loir"},"region":{"code":"24","nom":"Centre-Val de Loire"}},{"nom":"Vert-en-Drouais","code":"28405","codesPostaux":["28500"],"centre":{"type":"Point","coordinates":[1.2924,48.7499]},"surface":973,"population":1123,"departement":{"code":"28","nom":"Eure-et-Loir"},"region":{"code":"24","nom":"Centre-Val de Loire"}},{"nom":"Éole-en-Beauce","code":"28406","codesPostaux":["28150"],"centre":{"type":"Point","coordinates":[1.6716,48.2108]},"surface":10415.1,"population":1238,"departement":{"code":"28","nom":"Eure-et-Loir"},"region":{"code":"24","nom":"Centre-Val de Loire"}},{"nom":"Vichères","code":"28407","codesPostaux":["28480"],"centre":{"type":"Point","coordinates":[0.9068,48.2636]},"surface":1235.27,"population":289,"departement":{"code":"28","nom":"Eure-et-Loir"},"region":{"code":"24","nom":"Centre-Val de Loire"}},{"nom":"Vierville","code":"28408","codesPostaux":["28700"],"centre":{"type":"Point","coordinates":[1.9045,48.3848]},"surface":672.21,"population":107,"departement":{"code":"28","nom":"Eure-et-Loir"},"region":{"code":"24","nom":"Centre-Val de Loire"}},{"nom":"Vieuvicq","code":"28409","codesPostaux":["28120"],"centre":{"type":"Point","coordinates":[1.2085,48.261]},"surface":1577.49,"population":442,"departement":{"code":"28","nom":"Eure-et-Loir"},"region":{"code":"24","nom":"Centre-Val de Loire"}},{"nom":"Villampuy","code":"28410","codesPostaux":["28200"],"centre":{"type":"Point","coordinates":[1.5137,48.0386]},"surface":1673.74,"population":296,"departement":{"code":"28","nom":"Eure-et-Loir"},"region":{"code":"24","nom":"Centre-Val de Loire"}},{"nom":"Villars","code":"28411","codesPostaux":["28150"],"centre":{"type":"Point","coordinates":[1.5413,48.2317]},"surface":841.75,"population":179,"departement":{"code":"28","nom":"Eure-et-Loir"},"region":{"code":"24","nom":"Centre-Val de Loire"}},{"nom":"Villebon","code":"28414","codesPostaux":["28190"],"centre":{"type":"Point","coordinates":[1.1987,48.3875]},"surface":225.8,"population":53,"departement":{"code":"28","nom":"Eure-et-Loir"},"region":{"code":"24","nom":"Centre-Val de Loire"}},{"nom":"Villemeux-sur-Eure","code":"28415","codesPostaux":["28210"],"centre":{"type":"Point","coordinates":[1.4582,48.6678]},"surface":1887.71,"population":1780,"departement":{"code":"28","nom":"Eure-et-Loir"},"region":{"code":"24","nom":"Centre-Val de Loire"}},{"nom":"Villiers-le-Morhier","code":"28417","codesPostaux":["28130"],"centre":{"type":"Point","coordinates":[1.577,48.6212]},"surface":1056.83,"population":1351,"departement":{"code":"28","nom":"Eure-et-Loir"},"region":{"code":"24","nom":"Centre-Val de Loire"}},{"nom":"Villiers-Saint-Orien","code":"28418","codesPostaux":["28800"],"centre":{"type":"Point","coordinates":[1.4966,48.1424]},"surface":1511.81,"population":162,"departement":{"code":"28","nom":"Eure-et-Loir"},"region":{"code":"24","nom":"Centre-Val de Loire"}},{"nom":"Vitray-en-Beauce","code":"28419","codesPostaux":["28360"],"centre":{"type":"Point","coordinates":[1.4181,48.2759]},"surface":1093.13,"population":346,"departement":{"code":"28","nom":"Eure-et-Loir"},"region":{"code":"24","nom":"Centre-Val de Loire"}},{"nom":"Voise","code":"28421","codesPostaux":["28700"],"centre":{"type":"Point","coordinates":[1.7079,48.4032]},"surface":1031.87,"population":245,"departement":{"code":"28","nom":"Eure-et-Loir"},"region":{"code":"24","nom":"Centre-Val de Loire"}},{"nom":"Les Villages Vovéens","code":"28422","codesPostaux":["28150"],"centre":{"type":"Point","coordinates":[1.5995,48.2714]},"surface":6383.17,"population":4009,"departement":{"code":"28","nom":"Eure-et-Loir"},"region":{"code":"24","nom":"Centre-Val de Loire"}},{"nom":"Yermenonville","code":"28423","codesPostaux":["28130"],"centre":{"type":"Point","coordinates":[1.6222,48.5484]},"surface":513.61,"population":621,"departement":{"code":"28","nom":"Eure-et-Loir"},"region":{"code":"24","nom":"Centre-Val de Loire"}},{"nom":"Yèvres","code":"28424","codesPostaux":["28160"],"centre":{"type":"Point","coordinates":[1.1877,48.1935]},"surface":4179.07,"population":1677,"departement":{"code":"28","nom":"Eure-et-Loir"},"region":{"code":"24","nom":"Centre-Val de Loire"}},{"nom":"Ymeray","code":"28425","codesPostaux":["28320"],"centre":{"type":"Point","coordinates":[1.7049,48.508]},"surface":686.4,"population":615,"departement":{"code":"28","nom":"Eure-et-Loir"},"region":{"code":"24","nom":"Centre-Val de Loire"}},{"nom":"Ymonville","code":"28426","codesPostaux":["28150"],"centre":{"type":"Point","coordinates":[1.7505,48.2481]},"surface":2092.94,"population":475,"departement":{"code":"28","nom":"Eure-et-Loir"},"region":{"code":"24","nom":"Centre-Val de Loire"}}]