[{"nom":"Albas","code":"46001","codesPostaux":["46140"],"centre":{"type":"Point","coordinates":[1.2425,44.4636]},"surface":2174.18,"population":529,"departement":{"code":"46","nom":"Lot"},"region":{"code":"76","nom":"Occitanie"}},{"nom":"Albiac","code":"46002","codesPostaux":["46500"],"centre":{"type":"Point","coordinates":[1.8135,44.77]},"surface":381.88,"population":95,"departement":{"code":"46","nom":"Lot"},"region":{"code":"76","nom":"Occitanie"}},{"nom":"Alvignac","code":"46003","codesPostaux":["46500"],"centre":{"type":"Point","coordinates":[1.6927,44.8383]},"surface":1303.68,"population":699,"departement":{"code":"46","nom":"Lot"},"region":{"code":"76","nom":"Occitanie"}},{"nom":"Anglars","code":"46004","codesPostaux":["46120"],"centre":{"type":"Point","coordinates":[1.8978,44.7502]},"surface":1000.31,"population":218,"departement":{"code":"46","nom":"Lot"},"region":{"code":"76","nom":"Occitanie"}},{"nom":"Anglars-Juillac","code":"46005","codesPostaux":["46140"],"centre":{"type":"Point","coordinates":[1.2099,44.4849]},"surface":554.6,"population":330,"departement":{"code":"46","nom":"Lot"},"region":{"code":"76","nom":"Occitanie"}},{"nom":"Anglars-Nozac","code":"46006","codesPostaux":["46300"],"centre":{"type":"Point","coordinates":[1.405,44.7823]},"surface":979.82,"population":400,"departement":{"code":"46","nom":"Lot"},"region":{"code":"76","nom":"Occitanie"}},{"nom":"Arcambal","code":"46007","codesPostaux":["46090"],"centre":{"type":"Point","coordinates":[1.5432,44.4557]},"surface":2346.46,"population":1004,"departement":{"code":"46","nom":"Lot"},"region":{"code":"76","nom":"Occitanie"}},{"nom":"Les Arques","code":"46008","codesPostaux":["46250"],"centre":{"type":"Point","coordinates":[1.2417,44.6]},"surface":1505.97,"population":214,"departement":{"code":"46","nom":"Lot"},"region":{"code":"76","nom":"Occitanie"}},{"nom":"Assier","code":"46009","codesPostaux":["46320"],"centre":{"type":"Point","coordinates":[1.8725,44.6721]},"surface":1665.05,"population":709,"departement":{"code":"46","nom":"Lot"},"region":{"code":"76","nom":"Occitanie"}},{"nom":"Aujols","code":"46010","codesPostaux":["46090"],"centre":{"type":"Point","coordinates":[1.5402,44.4234]},"surface":1630.44,"population":383,"departement":{"code":"46","nom":"Lot"},"region":{"code":"76","nom":"Occitanie"}},{"nom":"Autoire","code":"46011","codesPostaux":["46400"],"centre":{"type":"Point","coordinates":[1.8261,44.8577]},"surface":738.4,"population":376,"departement":{"code":"46","nom":"Lot"},"region":{"code":"76","nom":"Occitanie"}},{"nom":"Aynac","code":"46012","codesPostaux":["46120"],"centre":{"type":"Point","coordinates":[1.8524,44.7891]},"surface":2165.55,"population":561,"departement":{"code":"46","nom":"Lot"},"region":{"code":"76","nom":"Occitanie"}},{"nom":"Bach","code":"46013","codesPostaux":["46230"],"centre":{"type":"Point","coordinates":[1.6798,44.343]},"surface":2106.96,"population":211,"departement":{"code":"46","nom":"Lot"},"region":{"code":"76","nom":"Occitanie"}},{"nom":"Bagnac-sur-Célé","code":"46015","codesPostaux":["46270"],"centre":{"type":"Point","coordinates":[2.1458,44.6652]},"surface":2229.26,"population":1467,"departement":{"code":"46","nom":"Lot"},"region":{"code":"76","nom":"Occitanie"}},{"nom":"Baladou","code":"46016","codesPostaux":["46600"],"centre":{"type":"Point","coordinates":[1.5573,44.925]},"surface":1554.02,"population":396,"departement":{"code":"46","nom":"Lot"},"region":{"code":"76","nom":"Occitanie"}},{"nom":"Bannes","code":"46017","codesPostaux":["46400"],"centre":{"type":"Point","coordinates":[1.9171,44.8138]},"surface":1014.22,"population":143,"departement":{"code":"46","nom":"Lot"},"region":{"code":"76","nom":"Occitanie"}},{"nom":"Le Bastit","code":"46018","codesPostaux":["46500"],"centre":{"type":"Point","coordinates":[1.6782,44.7101]},"surface":2797.57,"population":145,"departement":{"code":"46","nom":"Lot"},"region":{"code":"76","nom":"Occitanie"}},{"nom":"Beauregard","code":"46020","codesPostaux":["46260"],"centre":{"type":"Point","coordinates":[1.7773,44.3507]},"surface":1506.48,"population":238,"departement":{"code":"46","nom":"Lot"},"region":{"code":"76","nom":"Occitanie"}},{"nom":"Béduer","code":"46021","codesPostaux":["46100"],"centre":{"type":"Point","coordinates":[1.9232,44.572]},"surface":2497.17,"population":749,"departement":{"code":"46","nom":"Lot"},"region":{"code":"76","nom":"Occitanie"}},{"nom":"Bélaye","code":"46022","codesPostaux":["46140"],"centre":{"type":"Point","coordinates":[1.1868,44.4513]},"surface":1865.77,"population":214,"departement":{"code":"46","nom":"Lot"},"region":{"code":"76","nom":"Occitanie"}},{"nom":"Belfort-du-Quercy","code":"46023","codesPostaux":["46230"],"centre":{"type":"Point","coordinates":[1.5485,44.2702]},"surface":3604.76,"population":504,"departement":{"code":"46","nom":"Lot"},"region":{"code":"76","nom":"Occitanie"}},{"nom":"Belmont-Bretenoux","code":"46024","codesPostaux":["46130"],"centre":{"type":"Point","coordinates":[1.884,44.8857]},"surface":659.16,"population":408,"departement":{"code":"46","nom":"Lot"},"region":{"code":"76","nom":"Occitanie"}},{"nom":"Belmont-Sainte-Foi","code":"46026","codesPostaux":["46230"],"centre":{"type":"Point","coordinates":[1.6331,44.2902]},"surface":897.07,"population":130,"departement":{"code":"46","nom":"Lot"},"region":{"code":"76","nom":"Occitanie"}},{"nom":"Berganty","code":"46027","codesPostaux":["46090"],"centre":{"type":"Point","coordinates":[1.6303,44.4421]},"surface":703.28,"population":146,"departement":{"code":"46","nom":"Lot"},"region":{"code":"76","nom":"Occitanie"}},{"nom":"Bétaille","code":"46028","codesPostaux":["46110"],"centre":{"type":"Point","coordinates":[1.7424,44.9439]},"surface":1394.2,"population":1058,"departement":{"code":"46","nom":"Lot"},"region":{"code":"76","nom":"Occitanie"}},{"nom":"Biars-sur-Cère","code":"46029","codesPostaux":["46130"],"centre":{"type":"Point","coordinates":[1.8556,44.9277]},"surface":366.36,"population":1957,"departement":{"code":"46","nom":"Lot"},"region":{"code":"76","nom":"Occitanie"}},{"nom":"Bio","code":"46030","codesPostaux":["46500"],"centre":{"type":"Point","coordinates":[1.7896,44.7769]},"surface":1080.62,"population":350,"departement":{"code":"46","nom":"Lot"},"region":{"code":"76","nom":"Occitanie"}},{"nom":"Blars","code":"46031","codesPostaux":["46330"],"centre":{"type":"Point","coordinates":[1.7277,44.5747]},"surface":2582.54,"population":137,"departement":{"code":"46","nom":"Lot"},"region":{"code":"76","nom":"Occitanie"}},{"nom":"Boissières","code":"46032","codesPostaux":["46150"],"centre":{"type":"Point","coordinates":[1.4036,44.5494]},"surface":1313.54,"population":371,"departement":{"code":"46","nom":"Lot"},"region":{"code":"76","nom":"Occitanie"}},{"nom":"Porte-du-Quercy","code":"46033","codesPostaux":["46800"],"centre":{"type":"Point","coordinates":[1.1354,44.414]},"surface":4917.26,"population":532,"departement":{"code":"46","nom":"Lot"},"region":{"code":"76","nom":"Occitanie"}},{"nom":"Le Bourg","code":"46034","codesPostaux":["46120"],"centre":{"type":"Point","coordinates":[1.9174,44.7094]},"surface":1331.88,"population":298,"departement":{"code":"46","nom":"Lot"},"region":{"code":"76","nom":"Occitanie"}},{"nom":"Boussac","code":"46035","codesPostaux":["46100"],"centre":{"type":"Point","coordinates":[1.9181,44.5967]},"surface":791.46,"population":185,"departement":{"code":"46","nom":"Lot"},"region":{"code":"76","nom":"Occitanie"}},{"nom":"Le Bouyssou","code":"46036","codesPostaux":["46120"],"centre":{"type":"Point","coordinates":[1.9459,44.695]},"surface":558.26,"population":121,"departement":{"code":"46","nom":"Lot"},"region":{"code":"76","nom":"Occitanie"}},{"nom":"Bouziès","code":"46037","codesPostaux":["46330"],"centre":{"type":"Point","coordinates":[1.6384,44.4776]},"surface":824.82,"population":93,"departement":{"code":"46","nom":"Lot"},"region":{"code":"76","nom":"Occitanie"}},{"nom":"Bretenoux","code":"46038","codesPostaux":["46130"],"centre":{"type":"Point","coordinates":[1.8422,44.9146]},"surface":571.54,"population":1468,"departement":{"code":"46","nom":"Lot"},"region":{"code":"76","nom":"Occitanie"}},{"nom":"Brengues","code":"46039","codesPostaux":["46320"],"centre":{"type":"Point","coordinates":[1.8296,44.58]},"surface":2080.81,"population":195,"departement":{"code":"46","nom":"Lot"},"region":{"code":"76","nom":"Occitanie"}},{"nom":"Cabrerets","code":"46040","codesPostaux":["46330"],"centre":{"type":"Point","coordinates":[1.6216,44.5155]},"surface":4399.69,"population":220,"departement":{"code":"46","nom":"Lot"},"region":{"code":"76","nom":"Occitanie"}},{"nom":"Cadrieu","code":"46041","codesPostaux":["46160"],"centre":{"type":"Point","coordinates":[1.8745,44.5013]},"surface":526.46,"population":174,"departement":{"code":"46","nom":"Lot"},"region":{"code":"76","nom":"Occitanie"}},{"nom":"Cahors","code":"46042","codesPostaux":["46000"],"centre":{"type":"Point","coordinates":[1.439,44.4565]},"surface":6488.33,"population":20050,"departement":{"code":"46","nom":"Lot"},"region":{"code":"76","nom":"Occitanie"}},{"nom":"Cahus","code":"46043","codesPostaux":["46130"],"centre":{"type":"Point","coordinates":[1.9128,44.9619]},"surface":1018.59,"population":185,"departement":{"code":"46","nom":"Lot"},"region":{"code":"76","nom":"Occitanie"}},{"nom":"Caillac","code":"46044","codesPostaux":["46140"],"centre":{"type":"Point","coordinates":[1.3471,44.4911]},"surface":755.15,"population":581,"departement":{"code":"46","nom":"Lot"},"region":{"code":"76","nom":"Occitanie"}},{"nom":"Cajarc","code":"46045","codesPostaux":["46160"],"centre":{"type":"Point","coordinates":[1.838,44.4919]},"surface":2577.61,"population":1136,"departement":{"code":"46","nom":"Lot"},"region":{"code":"76","nom":"Occitanie"}},{"nom":"Calamane","code":"46046","codesPostaux":["46150"],"centre":{"type":"Point","coordinates":[1.4092,44.5199]},"surface":762.09,"population":471,"departement":{"code":"46","nom":"Lot"},"region":{"code":"76","nom":"Occitanie"}},{"nom":"Calès","code":"46047","codesPostaux":["46350"],"centre":{"type":"Point","coordinates":[1.5494,44.7968]},"surface":3398.68,"population":169,"departement":{"code":"46","nom":"Lot"},"region":{"code":"76","nom":"Occitanie"}},{"nom":"Calvignac","code":"46049","codesPostaux":["46160"],"centre":{"type":"Point","coordinates":[1.7865,44.4509]},"surface":1770.39,"population":245,"departement":{"code":"46","nom":"Lot"},"region":{"code":"76","nom":"Occitanie"}},{"nom":"Cambayrac","code":"46050","codesPostaux":["46140"],"centre":{"type":"Point","coordinates":[1.2929,44.4307]},"surface":735.67,"population":136,"departement":{"code":"46","nom":"Lot"},"region":{"code":"76","nom":"Occitanie"}},{"nom":"Cambes","code":"46051","codesPostaux":["46100"],"centre":{"type":"Point","coordinates":[1.9221,44.6198]},"surface":662.2,"population":343,"departement":{"code":"46","nom":"Lot"},"region":{"code":"76","nom":"Occitanie"}},{"nom":"Camboulit","code":"46052","codesPostaux":["46100"],"centre":{"type":"Point","coordinates":[1.9529,44.6015]},"surface":521.74,"population":245,"departement":{"code":"46","nom":"Lot"},"region":{"code":"76","nom":"Occitanie"}},{"nom":"Camburat","code":"46053","codesPostaux":["46100"],"centre":{"type":"Point","coordinates":[1.9941,44.6444]},"surface":806.49,"population":455,"departement":{"code":"46","nom":"Lot"},"region":{"code":"76","nom":"Occitanie"}},{"nom":"Caniac-du-Causse","code":"46054","codesPostaux":["46240"],"centre":{"type":"Point","coordinates":[1.6543,44.6299]},"surface":3510.51,"population":371,"departement":{"code":"46","nom":"Lot"},"region":{"code":"76","nom":"Occitanie"}},{"nom":"Capdenac","code":"46055","codesPostaux":["46100"],"centre":{"type":"Point","coordinates":[2.0706,44.5818]},"surface":1101.1,"population":1049,"departement":{"code":"46","nom":"Lot"},"region":{"code":"76","nom":"Occitanie"}},{"nom":"Carayac","code":"46056","codesPostaux":["46160"],"centre":{"type":"Point","coordinates":[1.9239,44.5406]},"surface":695.4,"population":104,"departement":{"code":"46","nom":"Lot"},"region":{"code":"76","nom":"Occitanie"}},{"nom":"Cardaillac","code":"46057","codesPostaux":["46100"],"centre":{"type":"Point","coordinates":[2.0158,44.6828]},"surface":1821.62,"population":623,"departement":{"code":"46","nom":"Lot"},"region":{"code":"76","nom":"Occitanie"}},{"nom":"Carennac","code":"46058","codesPostaux":["46110"],"centre":{"type":"Point","coordinates":[1.7238,44.9069]},"surface":1908.25,"population":431,"departement":{"code":"46","nom":"Lot"},"region":{"code":"76","nom":"Occitanie"}},{"nom":"Carlucet","code":"46059","codesPostaux":["46500"],"centre":{"type":"Point","coordinates":[1.5975,44.7282]},"surface":3400.09,"population":230,"departement":{"code":"46","nom":"Lot"},"region":{"code":"76","nom":"Occitanie"}},{"nom":"Carnac-Rouffiac","code":"46060","codesPostaux":["46140"],"centre":{"type":"Point","coordinates":[1.2209,44.4156]},"surface":1348.21,"population":231,"departement":{"code":"46","nom":"Lot"},"region":{"code":"76","nom":"Occitanie"}},{"nom":"Cassagnes","code":"46061","codesPostaux":["46700"],"centre":{"type":"Point","coordinates":[1.1285,44.564]},"surface":1153.47,"population":172,"departement":{"code":"46","nom":"Lot"},"region":{"code":"76","nom":"Occitanie"}},{"nom":"Castelfranc","code":"46062","codesPostaux":["46140"],"centre":{"type":"Point","coordinates":[1.2184,44.503]},"surface":546.74,"population":428,"departement":{"code":"46","nom":"Lot"},"region":{"code":"76","nom":"Occitanie"}},{"nom":"Castelnau-Montratier","code":"46063","codesPostaux":["46170"],"centre":{"type":"Point","coordinates":[1.3525,44.2677]},"surface":8532.76,"population":1840,"departement":{"code":"46","nom":"Lot"},"region":{"code":"76","nom":"Occitanie"}},{"nom":"Catus","code":"46064","codesPostaux":["46150"],"centre":{"type":"Point","coordinates":[1.3391,44.5596]},"surface":2132.04,"population":921,"departement":{"code":"46","nom":"Lot"},"region":{"code":"76","nom":"Occitanie"}},{"nom":"Cavagnac","code":"46065","codesPostaux":["46110"],"centre":{"type":"Point","coordinates":[1.6399,45.0145]},"surface":1033.66,"population":432,"departement":{"code":"46","nom":"Lot"},"region":{"code":"76","nom":"Occitanie"}},{"nom":"Cazals","code":"46066","codesPostaux":["46250"],"centre":{"type":"Point","coordinates":[1.2159,44.6471]},"surface":1054.59,"population":659,"departement":{"code":"46","nom":"Lot"},"region":{"code":"76","nom":"Occitanie"}},{"nom":"Cénevières","code":"46068","codesPostaux":["46330"],"centre":{"type":"Point","coordinates":[1.7374,44.4454]},"surface":1591.49,"population":185,"departement":{"code":"46","nom":"Lot"},"region":{"code":"76","nom":"Occitanie"}},{"nom":"Cézac","code":"46069","codesPostaux":["46170"],"centre":{"type":"Point","coordinates":[1.3426,44.3481]},"surface":1752.97,"population":179,"departement":{"code":"46","nom":"Lot"},"region":{"code":"76","nom":"Occitanie"}},{"nom":"Cieurac","code":"46070","codesPostaux":["46230"],"centre":{"type":"Point","coordinates":[1.5002,44.3773]},"surface":1866.86,"population":660,"departement":{"code":"46","nom":"Lot"},"region":{"code":"76","nom":"Occitanie"}},{"nom":"Concorès","code":"46072","codesPostaux":["46310"],"centre":{"type":"Point","coordinates":[1.3915,44.6695]},"surface":1906.58,"population":312,"departement":{"code":"46","nom":"Lot"},"region":{"code":"76","nom":"Occitanie"}},{"nom":"Concots","code":"46073","codesPostaux":["46260"],"centre":{"type":"Point","coordinates":[1.6458,44.3982]},"surface":2605.32,"population":420,"departement":{"code":"46","nom":"Lot"},"region":{"code":"76","nom":"Occitanie"}},{"nom":"Condat","code":"46074","codesPostaux":["46110"],"centre":{"type":"Point","coordinates":[1.6682,44.9915]},"surface":612.03,"population":410,"departement":{"code":"46","nom":"Lot"},"region":{"code":"76","nom":"Occitanie"}},{"nom":"Corn","code":"46075","codesPostaux":["46100"],"centre":{"type":"Point","coordinates":[1.8849,44.6027]},"surface":1541.08,"population":238,"departement":{"code":"46","nom":"Lot"},"region":{"code":"76","nom":"Occitanie"}},{"nom":"Cornac","code":"46076","codesPostaux":["46130"],"centre":{"type":"Point","coordinates":[1.9189,44.8999]},"surface":1358.51,"population":366,"departement":{"code":"46","nom":"Lot"},"region":{"code":"76","nom":"Occitanie"}},{"nom":"Couzou","code":"46078","codesPostaux":["46500"],"centre":{"type":"Point","coordinates":[1.6273,44.7724]},"surface":2162.24,"population":95,"departement":{"code":"46","nom":"Lot"},"region":{"code":"76","nom":"Occitanie"}},{"nom":"Cras","code":"46079","codesPostaux":["46360"],"centre":{"type":"Point","coordinates":[1.545,44.5578]},"surface":1031.02,"population":97,"departement":{"code":"46","nom":"Lot"},"region":{"code":"76","nom":"Occitanie"}},{"nom":"Crayssac","code":"46080","codesPostaux":["46150"],"centre":{"type":"Point","coordinates":[1.3275,44.5182]},"surface":1512,"population":844,"departement":{"code":"46","nom":"Lot"},"region":{"code":"76","nom":"Occitanie"}},{"nom":"Crégols","code":"46081","codesPostaux":["46330"],"centre":{"type":"Point","coordinates":[1.6899,44.4304]},"surface":1848.78,"population":87,"departement":{"code":"46","nom":"Lot"},"region":{"code":"76","nom":"Occitanie"}},{"nom":"Cremps","code":"46082","codesPostaux":["46230"],"centre":{"type":"Point","coordinates":[1.583,44.3867]},"surface":1968.39,"population":410,"departement":{"code":"46","nom":"Lot"},"region":{"code":"76","nom":"Occitanie"}},{"nom":"Cressensac-Sarrazac","code":"46083","codesPostaux":["46600"],"centre":{"type":"Point","coordinates":[1.5499,45.0175]},"surface":4133.9,"population":1165,"departement":{"code":"46","nom":"Lot"},"region":{"code":"76","nom":"Occitanie"}},{"nom":"Creysse","code":"46084","codesPostaux":["46600"],"centre":{"type":"Point","coordinates":[1.5948,44.8989]},"surface":954.19,"population":313,"departement":{"code":"46","nom":"Lot"},"region":{"code":"76","nom":"Occitanie"}},{"nom":"Cuzac","code":"46085","codesPostaux":["46270"],"centre":{"type":"Point","coordinates":[2.1408,44.5808]},"surface":500.61,"population":238,"departement":{"code":"46","nom":"Lot"},"region":{"code":"76","nom":"Occitanie"}},{"nom":"Cuzance","code":"46086","codesPostaux":["46600"],"centre":{"type":"Point","coordinates":[1.5273,44.9584]},"surface":2949.74,"population":653,"departement":{"code":"46","nom":"Lot"},"region":{"code":"76","nom":"Occitanie"}},{"nom":"Dégagnac","code":"46087","codesPostaux":["46340"],"centre":{"type":"Point","coordinates":[1.321,44.672]},"surface":3788.77,"population":642,"departement":{"code":"46","nom":"Lot"},"region":{"code":"76","nom":"Occitanie"}},{"nom":"Douelle","code":"46088","codesPostaux":["46140"],"centre":{"type":"Point","coordinates":[1.3563,44.4709]},"surface":914.69,"population":830,"departement":{"code":"46","nom":"Lot"},"region":{"code":"76","nom":"Occitanie"}},{"nom":"Duravel","code":"46089","codesPostaux":["46700"],"centre":{"type":"Point","coordinates":[1.0859,44.5164]},"surface":1501.11,"population":950,"departement":{"code":"46","nom":"Lot"},"region":{"code":"76","nom":"Occitanie"}},{"nom":"Durbans","code":"46090","codesPostaux":["46320"],"centre":{"type":"Point","coordinates":[1.7631,44.681]},"surface":2793.68,"population":158,"departement":{"code":"46","nom":"Lot"},"region":{"code":"76","nom":"Occitanie"}},{"nom":"Escamps","code":"46091","codesPostaux":["46230"],"centre":{"type":"Point","coordinates":[1.6195,44.3672]},"surface":1231.25,"population":206,"departement":{"code":"46","nom":"Lot"},"region":{"code":"76","nom":"Occitanie"}},{"nom":"Esclauzels","code":"46092","codesPostaux":["46090"],"centre":{"type":"Point","coordinates":[1.6008,44.4373]},"surface":1788.5,"population":224,"departement":{"code":"46","nom":"Lot"},"region":{"code":"76","nom":"Occitanie"}},{"nom":"Espagnac-Sainte-Eulalie","code":"46093","codesPostaux":["46320"],"centre":{"type":"Point","coordinates":[1.8603,44.5909]},"surface":981.41,"population":97,"departement":{"code":"46","nom":"Lot"},"region":{"code":"76","nom":"Occitanie"}},{"nom":"Espédaillac","code":"46094","codesPostaux":["46320"],"centre":{"type":"Point","coordinates":[1.7742,44.6294]},"surface":3520.32,"population":290,"departement":{"code":"46","nom":"Lot"},"region":{"code":"76","nom":"Occitanie"}},{"nom":"Espère","code":"46095","codesPostaux":["46090"],"centre":{"type":"Point","coordinates":[1.3709,44.5129]},"surface":626.1,"population":963,"departement":{"code":"46","nom":"Lot"},"region":{"code":"76","nom":"Occitanie"}},{"nom":"Espeyroux","code":"46096","codesPostaux":["46120"],"centre":{"type":"Point","coordinates":[1.9274,44.7643]},"surface":772.84,"population":98,"departement":{"code":"46","nom":"Lot"},"region":{"code":"76","nom":"Occitanie"}},{"nom":"Estal","code":"46097","codesPostaux":["46130"],"centre":{"type":"Point","coordinates":[1.9183,44.9194]},"surface":597.79,"population":97,"departement":{"code":"46","nom":"Lot"},"region":{"code":"76","nom":"Occitanie"}},{"nom":"Fajoles","code":"46098","codesPostaux":["46300"],"centre":{"type":"Point","coordinates":[1.3827,44.8087]},"surface":885.65,"population":319,"departement":{"code":"46","nom":"Lot"},"region":{"code":"76","nom":"Occitanie"}},{"nom":"Faycelles","code":"46100","codesPostaux":["46100"],"centre":{"type":"Point","coordinates":[1.9911,44.5658]},"surface":1401.49,"population":740,"departement":{"code":"46","nom":"Lot"},"region":{"code":"76","nom":"Occitanie"}},{"nom":"Felzins","code":"46101","codesPostaux":["46270"],"centre":{"type":"Point","coordinates":[2.1524,44.6114]},"surface":1506.09,"population":464,"departement":{"code":"46","nom":"Lot"},"region":{"code":"76","nom":"Occitanie"}},{"nom":"Figeac","code":"46102","codesPostaux":["46100"],"centre":{"type":"Point","coordinates":[2.0231,44.6067]},"surface":3535.95,"population":9793,"departement":{"code":"46","nom":"Lot"},"region":{"code":"76","nom":"Occitanie"}},{"nom":"Saint-Paul-Flaugnac","code":"46103","codesPostaux":["46170"],"centre":{"type":"Point","coordinates":[1.4255,44.2859]},"surface":5158.28,"population":996,"departement":{"code":"46","nom":"Lot"},"region":{"code":"76","nom":"Occitanie"}},{"nom":"Flaujac-Gare","code":"46104","codesPostaux":["46320"],"centre":{"type":"Point","coordinates":[1.7768,44.7037]},"surface":814.62,"population":84,"departement":{"code":"46","nom":"Lot"},"region":{"code":"76","nom":"Occitanie"}},{"nom":"Flaujac-Poujols","code":"46105","codesPostaux":["46090"],"centre":{"type":"Point","coordinates":[1.496,44.408]},"surface":1262.9,"population":811,"departement":{"code":"46","nom":"Lot"},"region":{"code":"76","nom":"Occitanie"}},{"nom":"Floirac","code":"46106","codesPostaux":["46600"],"centre":{"type":"Point","coordinates":[1.6707,44.9065]},"surface":1906.66,"population":248,"departement":{"code":"46","nom":"Lot"},"region":{"code":"76","nom":"Occitanie"}},{"nom":"Floressas","code":"46107","codesPostaux":["46700"],"centre":{"type":"Point","coordinates":[1.1137,44.4604]},"surface":1385.22,"population":176,"departement":{"code":"46","nom":"Lot"},"region":{"code":"76","nom":"Occitanie"}},{"nom":"Fons","code":"46108","codesPostaux":["46100"],"centre":{"type":"Point","coordinates":[1.9541,44.658]},"surface":1508.99,"population":403,"departement":{"code":"46","nom":"Lot"},"region":{"code":"76","nom":"Occitanie"}},{"nom":"Fontanes","code":"46109","codesPostaux":["46230"],"centre":{"type":"Point","coordinates":[1.4926,44.3256]},"surface":1658.3,"population":547,"departement":{"code":"46","nom":"Lot"},"region":{"code":"76","nom":"Occitanie"}},{"nom":"Fourmagnac","code":"46111","codesPostaux":["46100"],"centre":{"type":"Point","coordinates":[1.9814,44.6649]},"surface":374.67,"population":178,"departement":{"code":"46","nom":"Lot"},"region":{"code":"76","nom":"Occitanie"}},{"nom":"Francoulès","code":"46112","codesPostaux":["46090"],"centre":{"type":"Point","coordinates":[1.4879,44.5567]},"surface":1362.55,"population":265,"departement":{"code":"46","nom":"Lot"},"region":{"code":"76","nom":"Occitanie"}},{"nom":"Frayssinet","code":"46113","codesPostaux":["46310"],"centre":{"type":"Point","coordinates":[1.4858,44.6519]},"surface":1683.51,"population":309,"departement":{"code":"46","nom":"Lot"},"region":{"code":"76","nom":"Occitanie"}},{"nom":"Frayssinet-le-Gélat","code":"46114","codesPostaux":["46250"],"centre":{"type":"Point","coordinates":[1.1441,44.59]},"surface":2322.2,"population":376,"departement":{"code":"46","nom":"Lot"},"region":{"code":"76","nom":"Occitanie"}},{"nom":"Frayssinhes","code":"46115","codesPostaux":["46400"],"centre":{"type":"Point","coordinates":[1.9397,44.8734]},"surface":1187.9,"population":169,"departement":{"code":"46","nom":"Lot"},"region":{"code":"76","nom":"Occitanie"}},{"nom":"Frontenac","code":"46116","codesPostaux":["46160"],"centre":{"type":"Point","coordinates":[1.9718,44.5434]},"surface":281.49,"population":67,"departement":{"code":"46","nom":"Lot"},"region":{"code":"76","nom":"Occitanie"}},{"nom":"Gagnac-sur-Cère","code":"46117","codesPostaux":["46130"],"centre":{"type":"Point","coordinates":[1.8808,44.938]},"surface":1283.71,"population":650,"departement":{"code":"46","nom":"Lot"},"region":{"code":"76","nom":"Occitanie"}},{"nom":"Gignac","code":"46118","codesPostaux":["46600"],"centre":{"type":"Point","coordinates":[1.4713,44.9863]},"surface":4096.05,"population":691,"departement":{"code":"46","nom":"Lot"},"region":{"code":"76","nom":"Occitanie"}},{"nom":"Gigouzac","code":"46119","codesPostaux":["46150"],"centre":{"type":"Point","coordinates":[1.4343,44.5851]},"surface":992.89,"population":303,"departement":{"code":"46","nom":"Lot"},"region":{"code":"76","nom":"Occitanie"}},{"nom":"Gindou","code":"46120","codesPostaux":["46250"],"centre":{"type":"Point","coordinates":[1.2627,44.6236]},"surface":1565.6,"population":356,"departement":{"code":"46","nom":"Lot"},"region":{"code":"76","nom":"Occitanie"}},{"nom":"Ginouillac","code":"46121","codesPostaux":["46300"],"centre":{"type":"Point","coordinates":[1.5337,44.7253]},"surface":947.49,"population":139,"departement":{"code":"46","nom":"Lot"},"region":{"code":"76","nom":"Occitanie"}},{"nom":"Gintrac","code":"46122","codesPostaux":["46130"],"centre":{"type":"Point","coordinates":[1.7547,44.8844]},"surface":677.22,"population":90,"departement":{"code":"46","nom":"Lot"},"region":{"code":"76","nom":"Occitanie"}},{"nom":"Girac","code":"46123","codesPostaux":["46130"],"centre":{"type":"Point","coordinates":[1.8256,44.9285]},"surface":440,"population":355,"departement":{"code":"46","nom":"Lot"},"region":{"code":"76","nom":"Occitanie"}},{"nom":"Glanes","code":"46124","codesPostaux":["46130"],"centre":{"type":"Point","coordinates":[1.8724,44.9187]},"surface":271.16,"population":292,"departement":{"code":"46","nom":"Lot"},"region":{"code":"76","nom":"Occitanie"}},{"nom":"Gorses","code":"46125","codesPostaux":["46210"],"centre":{"type":"Point","coordinates":[2.0329,44.7929]},"surface":3589.43,"population":345,"departement":{"code":"46","nom":"Lot"},"region":{"code":"76","nom":"Occitanie"}},{"nom":"Goujounac","code":"46126","codesPostaux":["46250"],"centre":{"type":"Point","coordinates":[1.2008,44.5765]},"surface":1028.1,"population":220,"departement":{"code":"46","nom":"Lot"},"region":{"code":"76","nom":"Occitanie"}},{"nom":"Gourdon","code":"46127","codesPostaux":["46300"],"centre":{"type":"Point","coordinates":[1.3714,44.7382]},"surface":4569.27,"population":4206,"departement":{"code":"46","nom":"Lot"},"region":{"code":"76","nom":"Occitanie"}},{"nom":"Gramat","code":"46128","codesPostaux":["46500"],"centre":{"type":"Point","coordinates":[1.7125,44.7643]},"surface":5714.85,"population":3512,"departement":{"code":"46","nom":"Lot"},"region":{"code":"76","nom":"Occitanie"}},{"nom":"Gréalou","code":"46129","codesPostaux":["46160"],"centre":{"type":"Point","coordinates":[1.8719,44.5401]},"surface":1751.28,"population":312,"departement":{"code":"46","nom":"Lot"},"region":{"code":"76","nom":"Occitanie"}},{"nom":"Grézels","code":"46130","codesPostaux":["46700"],"centre":{"type":"Point","coordinates":[1.1507,44.4674]},"surface":1084.91,"population":235,"departement":{"code":"46","nom":"Lot"},"region":{"code":"76","nom":"Occitanie"}},{"nom":"Grèzes","code":"46131","codesPostaux":["46320"],"centre":{"type":"Point","coordinates":[1.8267,44.6227]},"surface":1110.71,"population":155,"departement":{"code":"46","nom":"Lot"},"region":{"code":"76","nom":"Occitanie"}},{"nom":"Issendolus","code":"46132","codesPostaux":["46500"],"centre":{"type":"Point","coordinates":[1.7793,44.7373]},"surface":1903.6,"population":529,"departement":{"code":"46","nom":"Lot"},"region":{"code":"76","nom":"Occitanie"}},{"nom":"Issepts","code":"46133","codesPostaux":["46320"],"centre":{"type":"Point","coordinates":[1.9161,44.6785]},"surface":911.83,"population":266,"departement":{"code":"46","nom":"Lot"},"region":{"code":"76","nom":"Occitanie"}},{"nom":"Les Junies","code":"46134","codesPostaux":["46150"],"centre":{"type":"Point","coordinates":[1.2226,44.5392]},"surface":1307.92,"population":251,"departement":{"code":"46","nom":"Lot"},"region":{"code":"76","nom":"Occitanie"}},{"nom":"Labastide-du-Haut-Mont","code":"46135","codesPostaux":["46210"],"centre":{"type":"Point","coordinates":[2.1109,44.829]},"surface":977.09,"population":44,"departement":{"code":"46","nom":"Lot"},"region":{"code":"76","nom":"Occitanie"}},{"nom":"Labastide-du-Vert","code":"46136","codesPostaux":["46150"],"centre":{"type":"Point","coordinates":[1.2662,44.5142]},"surface":1044.91,"population":279,"departement":{"code":"46","nom":"Lot"},"region":{"code":"76","nom":"Occitanie"}},{"nom":"Labastide-Marnhac","code":"46137","codesPostaux":["46090"],"centre":{"type":"Point","coordinates":[1.3861,44.389]},"surface":2877.09,"population":1311,"departement":{"code":"46","nom":"Lot"},"region":{"code":"76","nom":"Occitanie"}},{"nom":"Cœur de Causse","code":"46138","codesPostaux":["46240"],"centre":{"type":"Point","coordinates":[1.604,44.6441]},"surface":7099.39,"population":886,"departement":{"code":"46","nom":"Lot"},"region":{"code":"76","nom":"Occitanie"}},{"nom":"Labathude","code":"46139","codesPostaux":["46120"],"centre":{"type":"Point","coordinates":[1.9855,44.7363]},"surface":999.15,"population":203,"departement":{"code":"46","nom":"Lot"},"region":{"code":"76","nom":"Occitanie"}},{"nom":"Laburgade","code":"46140","codesPostaux":["46230"],"centre":{"type":"Point","coordinates":[1.5408,44.3898]},"surface":1243.24,"population":379,"departement":{"code":"46","nom":"Lot"},"region":{"code":"76","nom":"Occitanie"}},{"nom":"Lacapelle-Cabanac","code":"46142","codesPostaux":["46700"],"centre":{"type":"Point","coordinates":[1.0739,44.4707]},"surface":806.28,"population":172,"departement":{"code":"46","nom":"Lot"},"region":{"code":"76","nom":"Occitanie"}},{"nom":"Lacapelle-Marival","code":"46143","codesPostaux":["46120"],"centre":{"type":"Point","coordinates":[1.9346,44.7275]},"surface":1169.74,"population":1268,"departement":{"code":"46","nom":"Lot"},"region":{"code":"76","nom":"Occitanie"}},{"nom":"Lacave","code":"46144","codesPostaux":["46200"],"centre":{"type":"Point","coordinates":[1.5549,44.8417]},"surface":2200.43,"population":271,"departement":{"code":"46","nom":"Lot"},"region":{"code":"76","nom":"Occitanie"}},{"nom":"Lachapelle-Auzac","code":"46145","codesPostaux":["46200"],"centre":{"type":"Point","coordinates":[1.4819,44.9382]},"surface":3150.61,"population":795,"departement":{"code":"46","nom":"Lot"},"region":{"code":"76","nom":"Occitanie"}},{"nom":"Ladirat","code":"46146","codesPostaux":["46400"],"centre":{"type":"Point","coordinates":[1.9701,44.8252]},"surface":887.27,"population":86,"departement":{"code":"46","nom":"Lot"},"region":{"code":"76","nom":"Occitanie"}},{"nom":"Lagardelle","code":"46147","codesPostaux":["46220"],"centre":{"type":"Point","coordinates":[1.1697,44.4863]},"surface":314.01,"population":120,"departement":{"code":"46","nom":"Lot"},"region":{"code":"76","nom":"Occitanie"}},{"nom":"Lalbenque","code":"46148","codesPostaux":["46230"],"centre":{"type":"Point","coordinates":[1.563,44.3356]},"surface":5225.77,"population":1899,"departement":{"code":"46","nom":"Lot"},"region":{"code":"76","nom":"Occitanie"}},{"nom":"Lamagdelaine","code":"46149","codesPostaux":["46090"],"centre":{"type":"Point","coordinates":[1.5011,44.4768]},"surface":1049.26,"population":721,"departement":{"code":"46","nom":"Lot"},"region":{"code":"76","nom":"Occitanie"}},{"nom":"Lamothe-Cassel","code":"46151","codesPostaux":["46240"],"centre":{"type":"Point","coordinates":[1.5137,44.6132]},"surface":1145.55,"population":116,"departement":{"code":"46","nom":"Lot"},"region":{"code":"76","nom":"Occitanie"}},{"nom":"Lamothe-Fénelon","code":"46152","codesPostaux":["46350"],"centre":{"type":"Point","coordinates":[1.4293,44.8297]},"surface":1393.97,"population":330,"departement":{"code":"46","nom":"Lot"},"region":{"code":"76","nom":"Occitanie"}},{"nom":"Lanzac","code":"46153","codesPostaux":["46200"],"centre":{"type":"Point","coordinates":[1.4681,44.8693]},"surface":1468.45,"population":563,"departement":{"code":"46","nom":"Lot"},"region":{"code":"76","nom":"Occitanie"}},{"nom":"Laramière","code":"46154","codesPostaux":["46260"],"centre":{"type":"Point","coordinates":[1.8702,44.3616]},"surface":2203.17,"population":356,"departement":{"code":"46","nom":"Lot"},"region":{"code":"76","nom":"Occitanie"}},{"nom":"Larnagol","code":"46155","codesPostaux":["46160"],"centre":{"type":"Point","coordinates":[1.7806,44.4892]},"surface":2413.83,"population":135,"departement":{"code":"46","nom":"Lot"},"region":{"code":"76","nom":"Occitanie"}},{"nom":"Bellefont-La Rauze","code":"46156","codesPostaux":["46090"],"centre":{"type":"Point","coordinates":[1.5041,44.5082]},"surface":3774.83,"population":1183,"departement":{"code":"46","nom":"Lot"},"region":{"code":"76","nom":"Occitanie"}},{"nom":"Larroque-Toirac","code":"46157","codesPostaux":["46160"],"centre":{"type":"Point","coordinates":[1.9356,44.5201]},"surface":584.44,"population":126,"departement":{"code":"46","nom":"Lot"},"region":{"code":"76","nom":"Occitanie"}},{"nom":"Latouille-Lentillac","code":"46159","codesPostaux":["46400"],"centre":{"type":"Point","coordinates":[1.9805,44.8471]},"surface":1197.55,"population":247,"departement":{"code":"46","nom":"Lot"},"region":{"code":"76","nom":"Occitanie"}},{"nom":"Latronquière","code":"46160","codesPostaux":["46210"],"centre":{"type":"Point","coordinates":[2.0693,44.8004]},"surface":1040.18,"population":447,"departement":{"code":"46","nom":"Lot"},"region":{"code":"76","nom":"Occitanie"}},{"nom":"Lauresses","code":"46161","codesPostaux":["46210"],"centre":{"type":"Point","coordinates":[2.1144,44.7869]},"surface":2389.38,"population":239,"departement":{"code":"46","nom":"Lot"},"region":{"code":"76","nom":"Occitanie"}},{"nom":"Lauzès","code":"46162","codesPostaux":["46360"],"centre":{"type":"Point","coordinates":[1.5781,44.5635]},"surface":639.59,"population":200,"departement":{"code":"46","nom":"Lot"},"region":{"code":"76","nom":"Occitanie"}},{"nom":"Laval-de-Cère","code":"46163","codesPostaux":["46130"],"centre":{"type":"Point","coordinates":[1.9267,44.9512]},"surface":800.96,"population":296,"departement":{"code":"46","nom":"Lot"},"region":{"code":"76","nom":"Occitanie"}},{"nom":"Lavercantière","code":"46164","codesPostaux":["46340"],"centre":{"type":"Point","coordinates":[1.3166,44.6302]},"surface":1502.46,"population":234,"departement":{"code":"46","nom":"Lot"},"region":{"code":"76","nom":"Occitanie"}},{"nom":"Lavergne","code":"46165","codesPostaux":["46500"],"centre":{"type":"Point","coordinates":[1.7665,44.8026]},"surface":881.95,"population":489,"departement":{"code":"46","nom":"Lot"},"region":{"code":"76","nom":"Occitanie"}},{"nom":"Lentillac-du-Causse","code":"46167","codesPostaux":["46330"],"centre":{"type":"Point","coordinates":[1.6395,44.5542]},"surface":1366.82,"population":107,"departement":{"code":"46","nom":"Lot"},"region":{"code":"76","nom":"Occitanie"}},{"nom":"Lentillac-Saint-Blaise","code":"46168","codesPostaux":["46100"],"centre":{"type":"Point","coordinates":[2.1185,44.5902]},"surface":570.41,"population":191,"departement":{"code":"46","nom":"Lot"},"region":{"code":"76","nom":"Occitanie"}},{"nom":"Léobard","code":"46169","codesPostaux":["46300"],"centre":{"type":"Point","coordinates":[1.3101,44.7197]},"surface":1036.57,"population":234,"departement":{"code":"46","nom":"Lot"},"region":{"code":"76","nom":"Occitanie"}},{"nom":"Leyme","code":"46170","codesPostaux":["46120"],"centre":{"type":"Point","coordinates":[1.9009,44.7829]},"surface":1014.4,"population":932,"departement":{"code":"46","nom":"Lot"},"region":{"code":"76","nom":"Occitanie"}},{"nom":"Lherm","code":"46171","codesPostaux":["46150"],"centre":{"type":"Point","coordinates":[1.2402,44.571]},"surface":1346.83,"population":228,"departement":{"code":"46","nom":"Lot"},"region":{"code":"76","nom":"Occitanie"}},{"nom":"Pern-Lhospitalet","code":"46172","codesPostaux":["46170"],"centre":{"type":"Point","coordinates":[1.4128,44.3423]},"surface":4065.37,"population":925,"departement":{"code":"46","nom":"Lot"},"region":{"code":"76","nom":"Occitanie"}},{"nom":"Limogne-en-Quercy","code":"46173","codesPostaux":["46260"],"centre":{"type":"Point","coordinates":[1.7837,44.4007]},"surface":3223.63,"population":856,"departement":{"code":"46","nom":"Lot"},"region":{"code":"76","nom":"Occitanie"}},{"nom":"Linac","code":"46174","codesPostaux":["46270"],"centre":{"type":"Point","coordinates":[2.1194,44.6737]},"surface":1222.17,"population":233,"departement":{"code":"46","nom":"Lot"},"region":{"code":"76","nom":"Occitanie"}},{"nom":"Lissac-et-Mouret","code":"46175","codesPostaux":["46100"],"centre":{"type":"Point","coordinates":[1.972,44.6223]},"surface":1551.11,"population":973,"departement":{"code":"46","nom":"Lot"},"region":{"code":"76","nom":"Occitanie"}},{"nom":"Livernon","code":"46176","codesPostaux":["46320"],"centre":{"type":"Point","coordinates":[1.8483,44.6516]},"surface":2620.44,"population":722,"departement":{"code":"46","nom":"Lot"},"region":{"code":"76","nom":"Occitanie"}},{"nom":"Loubressac","code":"46177","codesPostaux":["46130"],"centre":{"type":"Point","coordinates":[1.7887,44.8639]},"surface":2338.13,"population":533,"departement":{"code":"46","nom":"Lot"},"region":{"code":"76","nom":"Occitanie"}},{"nom":"Loupiac","code":"46178","codesPostaux":["46350"],"centre":{"type":"Point","coordinates":[1.4715,44.8259]},"surface":1277.47,"population":280,"departement":{"code":"46","nom":"Lot"},"region":{"code":"76","nom":"Occitanie"}},{"nom":"Lugagnac","code":"46179","codesPostaux":["46260"],"centre":{"type":"Point","coordinates":[1.7228,44.4103]},"surface":1580.77,"population":140,"departement":{"code":"46","nom":"Lot"},"region":{"code":"76","nom":"Occitanie"}},{"nom":"Lunan","code":"46180","codesPostaux":["46100"],"centre":{"type":"Point","coordinates":[2.084,44.6088]},"surface":622.24,"population":625,"departement":{"code":"46","nom":"Lot"},"region":{"code":"76","nom":"Occitanie"}},{"nom":"Lunegarde","code":"46181","codesPostaux":["46240"],"centre":{"type":"Point","coordinates":[1.6901,44.6853]},"surface":1034.33,"population":94,"departement":{"code":"46","nom":"Lot"},"region":{"code":"76","nom":"Occitanie"}},{"nom":"Luzech","code":"46182","codesPostaux":["46140"],"centre":{"type":"Point","coordinates":[1.2716,44.4828]},"surface":2215.36,"population":1750,"departement":{"code":"46","nom":"Lot"},"region":{"code":"76","nom":"Occitanie"}},{"nom":"Marcilhac-sur-Célé","code":"46183","codesPostaux":["46160"],"centre":{"type":"Point","coordinates":[1.78,44.5486]},"surface":2688.54,"population":173,"departement":{"code":"46","nom":"Lot"},"region":{"code":"76","nom":"Occitanie"}},{"nom":"Marminiac","code":"46184","codesPostaux":["46250"],"centre":{"type":"Point","coordinates":[1.1857,44.6535]},"surface":2294.87,"population":349,"departement":{"code":"46","nom":"Lot"},"region":{"code":"76","nom":"Occitanie"}},{"nom":"Martel","code":"46185","codesPostaux":["46600"],"centre":{"type":"Point","coordinates":[1.6047,44.9359]},"surface":3553.85,"population":1637,"departement":{"code":"46","nom":"Lot"},"region":{"code":"76","nom":"Occitanie"}},{"nom":"Masclat","code":"46186","codesPostaux":["46350"],"centre":{"type":"Point","coordinates":[1.3822,44.8313]},"surface":985.11,"population":357,"departement":{"code":"46","nom":"Lot"},"region":{"code":"76","nom":"Occitanie"}},{"nom":"Mauroux","code":"46187","codesPostaux":["46700"],"centre":{"type":"Point","coordinates":[1.0476,44.4539]},"surface":1633.96,"population":580,"departement":{"code":"46","nom":"Lot"},"region":{"code":"76","nom":"Occitanie"}},{"nom":"Maxou","code":"46188","codesPostaux":["46090"],"centre":{"type":"Point","coordinates":[1.4448,44.5475]},"surface":1255.27,"population":287,"departement":{"code":"46","nom":"Lot"},"region":{"code":"76","nom":"Occitanie"}},{"nom":"Mayrinhac-Lentour","code":"46189","codesPostaux":["46500"],"centre":{"type":"Point","coordinates":[1.8058,44.8141]},"surface":1553.4,"population":484,"departement":{"code":"46","nom":"Lot"},"region":{"code":"76","nom":"Occitanie"}},{"nom":"Mechmont","code":"46190","codesPostaux":["46150"],"centre":{"type":"Point","coordinates":[1.4632,44.5856]},"surface":672.55,"population":134,"departement":{"code":"46","nom":"Lot"},"region":{"code":"76","nom":"Occitanie"}},{"nom":"Mercuès","code":"46191","codesPostaux":["46090"],"centre":{"type":"Point","coordinates":[1.3893,44.4965]},"surface":719.97,"population":1122,"departement":{"code":"46","nom":"Lot"},"region":{"code":"76","nom":"Occitanie"}},{"nom":"Meyronne","code":"46192","codesPostaux":["46200"],"centre":{"type":"Point","coordinates":[1.5901,44.8668]},"surface":815.87,"population":269,"departement":{"code":"46","nom":"Lot"},"region":{"code":"76","nom":"Occitanie"}},{"nom":"Miers","code":"46193","codesPostaux":["46500"],"centre":{"type":"Point","coordinates":[1.7054,44.859]},"surface":2519.39,"population":445,"departement":{"code":"46","nom":"Lot"},"region":{"code":"76","nom":"Occitanie"}},{"nom":"Milhac","code":"46194","codesPostaux":["46300"],"centre":{"type":"Point","coordinates":[1.3472,44.7973]},"surface":546.69,"population":198,"departement":{"code":"46","nom":"Lot"},"region":{"code":"76","nom":"Occitanie"}},{"nom":"Molières","code":"46195","codesPostaux":["46120"],"centre":{"type":"Point","coordinates":[1.9386,44.7897]},"surface":1278.81,"population":357,"departement":{"code":"46","nom":"Lot"},"region":{"code":"76","nom":"Occitanie"}},{"nom":"Montamel","code":"46196","codesPostaux":["46310"],"centre":{"type":"Point","coordinates":[1.4662,44.6097]},"surface":971.22,"population":90,"departement":{"code":"46","nom":"Lot"},"region":{"code":"76","nom":"Occitanie"}},{"nom":"Le Montat","code":"46197","codesPostaux":["46090"],"centre":{"type":"Point","coordinates":[1.4567,44.3881]},"surface":2253.08,"population":1107,"departement":{"code":"46","nom":"Lot"},"region":{"code":"76","nom":"Occitanie"}},{"nom":"Montbrun","code":"46198","codesPostaux":["46160"],"centre":{"type":"Point","coordinates":[1.9017,44.5078]},"surface":812.27,"population":117,"departement":{"code":"46","nom":"Lot"},"region":{"code":"76","nom":"Occitanie"}},{"nom":"Montcabrier","code":"46199","codesPostaux":["46700"],"centre":{"type":"Point","coordinates":[1.0833,44.5529]},"surface":2179.07,"population":342,"departement":{"code":"46","nom":"Lot"},"region":{"code":"76","nom":"Occitanie"}},{"nom":"Montcléra","code":"46200","codesPostaux":["46250"],"centre":{"type":"Point","coordinates":[1.201,44.6209]},"surface":2092.89,"population":292,"departement":{"code":"46","nom":"Lot"},"region":{"code":"76","nom":"Occitanie"}},{"nom":"Montcuq-en-Quercy-Blanc","code":"46201","codesPostaux":["46800"],"centre":{"type":"Point","coordinates":[1.1768,44.349]},"surface":7848.92,"population":1816,"departement":{"code":"46","nom":"Lot"},"region":{"code":"76","nom":"Occitanie"}},{"nom":"Montdoumerc","code":"46202","codesPostaux":["46230"],"centre":{"type":"Point","coordinates":[1.5001,44.2909]},"surface":1361.42,"population":577,"departement":{"code":"46","nom":"Lot"},"region":{"code":"76","nom":"Occitanie"}},{"nom":"Montet-et-Bouxal","code":"46203","codesPostaux":["46210"],"centre":{"type":"Point","coordinates":[2.0363,44.7464]},"surface":1153.64,"population":213,"departement":{"code":"46","nom":"Lot"},"region":{"code":"76","nom":"Occitanie"}},{"nom":"Montfaucon","code":"46204","codesPostaux":["46240"],"centre":{"type":"Point","coordinates":[1.5763,44.6876]},"surface":2645.54,"population":584,"departement":{"code":"46","nom":"Lot"},"region":{"code":"76","nom":"Occitanie"}},{"nom":"Montgesty","code":"46205","codesPostaux":["46150"],"centre":{"type":"Point","coordinates":[1.2942,44.5753]},"surface":1191.67,"population":319,"departement":{"code":"46","nom":"Lot"},"region":{"code":"76","nom":"Occitanie"}},{"nom":"Montlauzun","code":"46206","codesPostaux":["46800"],"centre":{"type":"Point","coordinates":[1.1944,44.2969]},"surface":647.74,"population":121,"departement":{"code":"46","nom":"Lot"},"region":{"code":"76","nom":"Occitanie"}},{"nom":"Montredon","code":"46207","codesPostaux":["46270"],"centre":{"type":"Point","coordinates":[2.1818,44.6117]},"surface":1182.32,"population":300,"departement":{"code":"46","nom":"Lot"},"region":{"code":"76","nom":"Occitanie"}},{"nom":"Montvalent","code":"46208","codesPostaux":["46600"],"centre":{"type":"Point","coordinates":[1.6344,44.8747]},"surface":2754.87,"population":314,"departement":{"code":"46","nom":"Lot"},"region":{"code":"76","nom":"Occitanie"}},{"nom":"Nadaillac-de-Rouge","code":"46209","codesPostaux":["46350"],"centre":{"type":"Point","coordinates":[1.4326,44.851]},"surface":770.77,"population":180,"departement":{"code":"46","nom":"Lot"},"region":{"code":"76","nom":"Occitanie"}},{"nom":"Nadillac","code":"46210","codesPostaux":["46360"],"centre":{"type":"Point","coordinates":[1.5074,44.5654]},"surface":744.35,"population":75,"departement":{"code":"46","nom":"Lot"},"region":{"code":"76","nom":"Occitanie"}},{"nom":"Nuzéjouls","code":"46211","codesPostaux":["46150"],"centre":{"type":"Point","coordinates":[1.3726,44.538]},"surface":476.39,"population":352,"departement":{"code":"46","nom":"Lot"},"region":{"code":"76","nom":"Occitanie"}},{"nom":"Orniac","code":"46212","codesPostaux":["46330"],"centre":{"type":"Point","coordinates":[1.6812,44.5411]},"surface":1700.33,"population":73,"departement":{"code":"46","nom":"Lot"},"region":{"code":"76","nom":"Occitanie"}},{"nom":"Padirac","code":"46213","codesPostaux":["46500"],"centre":{"type":"Point","coordinates":[1.7571,44.8515]},"surface":886.85,"population":182,"departement":{"code":"46","nom":"Lot"},"region":{"code":"76","nom":"Occitanie"}},{"nom":"Parnac","code":"46214","codesPostaux":["46140"],"centre":{"type":"Point","coordinates":[1.3201,44.4825]},"surface":595.57,"population":382,"departement":{"code":"46","nom":"Lot"},"region":{"code":"76","nom":"Occitanie"}},{"nom":"Payrac","code":"46215","codesPostaux":["46350"],"centre":{"type":"Point","coordinates":[1.4648,44.792]},"surface":1965.85,"population":669,"departement":{"code":"46","nom":"Lot"},"region":{"code":"76","nom":"Occitanie"}},{"nom":"Payrignac","code":"46216","codesPostaux":["46300"],"centre":{"type":"Point","coordinates":[1.3423,44.7612]},"surface":2157.28,"population":651,"departement":{"code":"46","nom":"Lot"},"region":{"code":"76","nom":"Occitanie"}},{"nom":"Pescadoires","code":"46218","codesPostaux":["46220"],"centre":{"type":"Point","coordinates":[1.1605,44.4973]},"surface":246.17,"population":184,"departement":{"code":"46","nom":"Lot"},"region":{"code":"76","nom":"Occitanie"}},{"nom":"Peyrilles","code":"46219","codesPostaux":["46310"],"centre":{"type":"Point","coordinates":[1.3869,44.6204]},"surface":2855.38,"population":347,"departement":{"code":"46","nom":"Lot"},"region":{"code":"76","nom":"Occitanie"}},{"nom":"Pinsac","code":"46220","codesPostaux":["46200"],"centre":{"type":"Point","coordinates":[1.5246,44.859]},"surface":1998.48,"population":769,"departement":{"code":"46","nom":"Lot"},"region":{"code":"76","nom":"Occitanie"}},{"nom":"Planioles","code":"46221","codesPostaux":["46100"],"centre":{"type":"Point","coordinates":[2.0279,44.6402]},"surface":579.53,"population":554,"departement":{"code":"46","nom":"Lot"},"region":{"code":"76","nom":"Occitanie"}},{"nom":"Pomarède","code":"46222","codesPostaux":["46250"],"centre":{"type":"Point","coordinates":[1.1779,44.5594]},"surface":707.69,"population":189,"departement":{"code":"46","nom":"Lot"},"region":{"code":"76","nom":"Occitanie"}},{"nom":"Pontcirq","code":"46223","codesPostaux":["46150"],"centre":{"type":"Point","coordinates":[1.2634,44.5472]},"surface":887.25,"population":178,"departement":{"code":"46","nom":"Lot"},"region":{"code":"76","nom":"Occitanie"}},{"nom":"Pradines","code":"46224","codesPostaux":["46090"],"centre":{"type":"Point","coordinates":[1.3891,44.4647]},"surface":1644.05,"population":3617,"departement":{"code":"46","nom":"Lot"},"region":{"code":"76","nom":"Occitanie"}},{"nom":"Prayssac","code":"46225","codesPostaux":["46220"],"centre":{"type":"Point","coordinates":[1.1863,44.5087]},"surface":2421.29,"population":2519,"departement":{"code":"46","nom":"Lot"},"region":{"code":"76","nom":"Occitanie"}},{"nom":"Prendeignes","code":"46226","codesPostaux":["46270"],"centre":{"type":"Point","coordinates":[2.0732,44.6937]},"surface":1575.59,"population":236,"departement":{"code":"46","nom":"Lot"},"region":{"code":"76","nom":"Occitanie"}},{"nom":"Promilhanes","code":"46227","codesPostaux":["46260"],"centre":{"type":"Point","coordinates":[1.834,44.3739]},"surface":1458.89,"population":227,"departement":{"code":"46","nom":"Lot"},"region":{"code":"76","nom":"Occitanie"}},{"nom":"Prudhomat","code":"46228","codesPostaux":["46130"],"centre":{"type":"Point","coordinates":[1.8081,44.8965]},"surface":1235.11,"population":733,"departement":{"code":"46","nom":"Lot"},"region":{"code":"76","nom":"Occitanie"}},{"nom":"Puybrun","code":"46229","codesPostaux":["46130"],"centre":{"type":"Point","coordinates":[1.7871,44.9232]},"surface":440.03,"population":984,"departement":{"code":"46","nom":"Lot"},"region":{"code":"76","nom":"Occitanie"}},{"nom":"Puyjourdes","code":"46230","codesPostaux":["46260"],"centre":{"type":"Point","coordinates":[1.8522,44.4062]},"surface":787.35,"population":88,"departement":{"code":"46","nom":"Lot"},"region":{"code":"76","nom":"Occitanie"}},{"nom":"Puy-l'Évêque","code":"46231","codesPostaux":["46700"],"centre":{"type":"Point","coordinates":[1.1387,44.5137]},"surface":2645.2,"population":1860,"departement":{"code":"46","nom":"Lot"},"region":{"code":"76","nom":"Occitanie"}},{"nom":"Le Vignon-en-Quercy","code":"46232","codesPostaux":["46110","46600"],"centre":{"type":"Point","coordinates":[1.6083,44.988]},"surface":2167.4,"population":955,"departement":{"code":"46","nom":"Lot"},"region":{"code":"76","nom":"Occitanie"}},{"nom":"Quissac-en-Quercy","code":"46233","codesPostaux":["46320"],"centre":{"type":"Point","coordinates":[1.7177,44.6239]},"surface":2505.59,"population":107,"departement":{"code":"46","nom":"Lot"},"region":{"code":"76","nom":"Occitanie"}},{"nom":"Rampoux","code":"46234","codesPostaux":["46340"],"centre":{"type":"Point","coordinates":[1.2962,44.6395]},"surface":577.37,"population":104,"departement":{"code":"46","nom":"Lot"},"region":{"code":"76","nom":"Occitanie"}},{"nom":"Reilhac","code":"46235","codesPostaux":["46500"],"centre":{"type":"Point","coordinates":[1.723,44.6999]},"surface":1301.4,"population":175,"departement":{"code":"46","nom":"Lot"},"region":{"code":"76","nom":"Occitanie"}},{"nom":"Reilhaguet","code":"46236","codesPostaux":["46350"],"centre":{"type":"Point","coordinates":[1.51,44.7823]},"surface":1597.26,"population":156,"departement":{"code":"46","nom":"Lot"},"region":{"code":"76","nom":"Occitanie"}},{"nom":"Reyrevignes","code":"46237","codesPostaux":["46320"],"centre":{"type":"Point","coordinates":[1.9135,44.6468]},"surface":1248.48,"population":371,"departement":{"code":"46","nom":"Lot"},"region":{"code":"76","nom":"Occitanie"}},{"nom":"Rignac","code":"46238","codesPostaux":["46500"],"centre":{"type":"Point","coordinates":[1.6987,44.8067]},"surface":961.57,"population":294,"departement":{"code":"46","nom":"Lot"},"region":{"code":"76","nom":"Occitanie"}},{"nom":"Le Roc","code":"46239","codesPostaux":["46200"],"centre":{"type":"Point","coordinates":[1.4367,44.865]},"surface":700.68,"population":207,"departement":{"code":"46","nom":"Lot"},"region":{"code":"76","nom":"Occitanie"}},{"nom":"Rocamadour","code":"46240","codesPostaux":["46500"],"centre":{"type":"Point","coordinates":[1.6266,44.8197]},"surface":4937.54,"population":597,"departement":{"code":"46","nom":"Lot"},"region":{"code":"76","nom":"Occitanie"}},{"nom":"Rouffilhac","code":"46241","codesPostaux":["46300"],"centre":{"type":"Point","coordinates":[1.4066,44.7995]},"surface":650.26,"population":203,"departement":{"code":"46","nom":"Lot"},"region":{"code":"76","nom":"Occitanie"}},{"nom":"Rudelle","code":"46242","codesPostaux":["46120"],"centre":{"type":"Point","coordinates":[1.8789,44.7299]},"surface":681.31,"population":187,"departement":{"code":"46","nom":"Lot"},"region":{"code":"76","nom":"Occitanie"}},{"nom":"Rueyres","code":"46243","codesPostaux":["46120"],"centre":{"type":"Point","coordinates":[1.8545,44.754]},"surface":934.88,"population":198,"departement":{"code":"46","nom":"Lot"},"region":{"code":"76","nom":"Occitanie"}},{"nom":"Sabadel-Latronquière","code":"46244","codesPostaux":["46210"],"centre":{"type":"Point","coordinates":[2.0658,44.7261]},"surface":1232.82,"population":92,"departement":{"code":"46","nom":"Lot"},"region":{"code":"76","nom":"Occitanie"}},{"nom":"Sabadel-Lauzès","code":"46245","codesPostaux":["46360"],"centre":{"type":"Point","coordinates":[1.6089,44.5581]},"surface":875.87,"population":91,"departement":{"code":"46","nom":"Lot"},"region":{"code":"76","nom":"Occitanie"}},{"nom":"Saignes","code":"46246","codesPostaux":["46500"],"centre":{"type":"Point","coordinates":[1.82,44.7905]},"surface":358.91,"population":74,"departement":{"code":"46","nom":"Lot"},"region":{"code":"76","nom":"Occitanie"}},{"nom":"Saillac","code":"46247","codesPostaux":["46260"],"centre":{"type":"Point","coordinates":[1.7435,44.3292]},"surface":1628.12,"population":148,"departement":{"code":"46","nom":"Lot"},"region":{"code":"76","nom":"Occitanie"}},{"nom":"Saint-Bressou","code":"46249","codesPostaux":["46120"],"centre":{"type":"Point","coordinates":[1.9761,44.6975]},"surface":1007.42,"population":124,"departement":{"code":"46","nom":"Lot"},"region":{"code":"76","nom":"Occitanie"}},{"nom":"Saint-Caprais","code":"46250","codesPostaux":["46250"],"centre":{"type":"Point","coordinates":[1.1542,44.6134]},"surface":908.18,"population":75,"departement":{"code":"46","nom":"Lot"},"region":{"code":"76","nom":"Occitanie"}},{"nom":"Saint-Céré","code":"46251","codesPostaux":["46400"],"centre":{"type":"Point","coordinates":[1.9027,44.8492]},"surface":1135.96,"population":3429,"departement":{"code":"46","nom":"Lot"},"region":{"code":"76","nom":"Occitanie"}},{"nom":"Les Pechs du Vers","code":"46252","codesPostaux":["46360"],"centre":{"type":"Point","coordinates":[1.5661,44.5874]},"surface":2618.28,"population":303,"departement":{"code":"46","nom":"Lot"},"region":{"code":"76","nom":"Occitanie"}},{"nom":"Saint-Chamarand","code":"46253","codesPostaux":["46310"],"centre":{"type":"Point","coordinates":[1.4565,44.6836]},"surface":1310.06,"population":192,"departement":{"code":"46","nom":"Lot"},"region":{"code":"76","nom":"Occitanie"}},{"nom":"Saint-Chels","code":"46254","codesPostaux":["46160"],"centre":{"type":"Point","coordinates":[1.8149,44.53]},"surface":1807.79,"population":148,"departement":{"code":"46","nom":"Lot"},"region":{"code":"76","nom":"Occitanie"}},{"nom":"Saint-Cirgues","code":"46255","codesPostaux":["46210"],"centre":{"type":"Point","coordinates":[2.1111,44.7337]},"surface":3253.05,"population":324,"departement":{"code":"46","nom":"Lot"},"region":{"code":"76","nom":"Occitanie"}},{"nom":"Saint-Cirq-Lapopie","code":"46256","codesPostaux":["46330"],"centre":{"type":"Point","coordinates":[1.6528,44.4519]},"surface":1808.34,"population":201,"departement":{"code":"46","nom":"Lot"},"region":{"code":"76","nom":"Occitanie"}},{"nom":"Saint-Cirq-Madelon","code":"46257","codesPostaux":["46300"],"centre":{"type":"Point","coordinates":[1.3181,44.7884]},"surface":752.15,"population":153,"departement":{"code":"46","nom":"Lot"},"region":{"code":"76","nom":"Occitanie"}},{"nom":"Saint-Cirq-Souillaguet","code":"46258","codesPostaux":["46300"],"centre":{"type":"Point","coordinates":[1.4461,44.7049]},"surface":850.53,"population":172,"departement":{"code":"46","nom":"Lot"},"region":{"code":"76","nom":"Occitanie"}},{"nom":"Saint-Clair","code":"46259","codesPostaux":["46300"],"centre":{"type":"Point","coordinates":[1.3998,44.694]},"surface":1093.59,"population":143,"departement":{"code":"46","nom":"Lot"},"region":{"code":"76","nom":"Occitanie"}},{"nom":"Sainte-Colombe","code":"46260","codesPostaux":["46120"],"centre":{"type":"Point","coordinates":[2.0132,44.7221]},"surface":1132.45,"population":236,"departement":{"code":"46","nom":"Lot"},"region":{"code":"76","nom":"Occitanie"}},{"nom":"Lendou-en-Quercy","code":"46262","codesPostaux":["46800"],"centre":{"type":"Point","coordinates":[1.2684,44.3125]},"surface":4275.46,"population":612,"departement":{"code":"46","nom":"Lot"},"region":{"code":"76","nom":"Occitanie"}},{"nom":"Barguelonne-en-Quercy","code":"46263","codesPostaux":["46800"],"centre":{"type":"Point","coordinates":[1.256,44.3708]},"surface":4623.46,"population":704,"departement":{"code":"46","nom":"Lot"},"region":{"code":"76","nom":"Occitanie"}},{"nom":"Saint-Denis-Catus","code":"46264","codesPostaux":["46150"],"centre":{"type":"Point","coordinates":[1.3897,44.5685]},"surface":1076.37,"population":198,"departement":{"code":"46","nom":"Lot"},"region":{"code":"76","nom":"Occitanie"}},{"nom":"Saint-Denis-lès-Martel","code":"46265","codesPostaux":["46600"],"centre":{"type":"Point","coordinates":[1.6567,44.9429]},"surface":794.62,"population":333,"departement":{"code":"46","nom":"Lot"},"region":{"code":"76","nom":"Occitanie"}},{"nom":"Saint-Félix","code":"46266","codesPostaux":["46100"],"centre":{"type":"Point","coordinates":[2.1114,44.6125]},"surface":781.09,"population":511,"departement":{"code":"46","nom":"Lot"},"region":{"code":"76","nom":"Occitanie"}},{"nom":"Saint-Germain-du-Bel-Air","code":"46267","codesPostaux":["46310"],"centre":{"type":"Point","coordinates":[1.4342,44.6447]},"surface":2141.02,"population":624,"departement":{"code":"46","nom":"Lot"},"region":{"code":"76","nom":"Occitanie"}},{"nom":"Saint Géry-Vers","code":"46268","codesPostaux":["46090","46330"],"centre":{"type":"Point","coordinates":[1.5797,44.4915]},"surface":3177.39,"population":910,"departement":{"code":"46","nom":"Lot"},"region":{"code":"76","nom":"Occitanie"}},{"nom":"Saint-Hilaire","code":"46269","codesPostaux":["46210"],"centre":{"type":"Point","coordinates":[2.1423,44.7915]},"surface":803.55,"population":65,"departement":{"code":"46","nom":"Lot"},"region":{"code":"76","nom":"Occitanie"}},{"nom":"Saint-Jean-de-Laur","code":"46270","codesPostaux":["46260"],"centre":{"type":"Point","coordinates":[1.8294,44.4346]},"surface":2175.21,"population":251,"departement":{"code":"46","nom":"Lot"},"region":{"code":"76","nom":"Occitanie"}},{"nom":"Saint-Jean-Lespinasse","code":"46271","codesPostaux":["46400"],"centre":{"type":"Point","coordinates":[1.8599,44.8621]},"surface":591.17,"population":404,"departement":{"code":"46","nom":"Lot"},"region":{"code":"76","nom":"Occitanie"}},{"nom":"Saint-Jean-Mirabel","code":"46272","codesPostaux":["46270"],"centre":{"type":"Point","coordinates":[2.1098,44.6326]},"surface":923.08,"population":296,"departement":{"code":"46","nom":"Lot"},"region":{"code":"76","nom":"Occitanie"}},{"nom":"Saint-Laurent-les-Tours","code":"46273","codesPostaux":["46400"],"centre":{"type":"Point","coordinates":[1.906,44.8827]},"surface":1090.39,"population":868,"departement":{"code":"46","nom":"Lot"},"region":{"code":"76","nom":"Occitanie"}},{"nom":"Saint-Martin-Labouval","code":"46276","codesPostaux":["46330"],"centre":{"type":"Point","coordinates":[1.7294,44.481]},"surface":1340.72,"population":202,"departement":{"code":"46","nom":"Lot"},"region":{"code":"76","nom":"Occitanie"}},{"nom":"Saint-Martin-le-Redon","code":"46277","codesPostaux":["46700"],"centre":{"type":"Point","coordinates":[1.0346,44.5372]},"surface":1069.28,"population":195,"departement":{"code":"46","nom":"Lot"},"region":{"code":"76","nom":"Occitanie"}},{"nom":"Saint-Maurice-en-Quercy","code":"46279","codesPostaux":["46120"],"centre":{"type":"Point","coordinates":[1.9563,44.7471]},"surface":1302.8,"population":202,"departement":{"code":"46","nom":"Lot"},"region":{"code":"76","nom":"Occitanie"}},{"nom":"Saint-Médard","code":"46280","codesPostaux":["46150"],"centre":{"type":"Point","coordinates":[1.2961,44.5383]},"surface":1174.47,"population":198,"departement":{"code":"46","nom":"Lot"},"region":{"code":"76","nom":"Occitanie"}},{"nom":"Saint-Médard-de-Presque","code":"46281","codesPostaux":["46400"],"centre":{"type":"Point","coordinates":[1.8392,44.8554]},"surface":520.19,"population":207,"departement":{"code":"46","nom":"Lot"},"region":{"code":"76","nom":"Occitanie"}},{"nom":"Saint-Médard-Nicourby","code":"46282","codesPostaux":["46210"],"centre":{"type":"Point","coordinates":[2.009,44.7646]},"surface":782.03,"population":99,"departement":{"code":"46","nom":"Lot"},"region":{"code":"76","nom":"Occitanie"}},{"nom":"Saint-Michel-de-Bannières","code":"46283","codesPostaux":["46110"],"centre":{"type":"Point","coordinates":[1.6826,44.9752]},"surface":774.07,"population":354,"departement":{"code":"46","nom":"Lot"},"region":{"code":"76","nom":"Occitanie"}},{"nom":"Saint-Michel-Loubéjou","code":"46284","codesPostaux":["46130"],"centre":{"type":"Point","coordinates":[1.8509,44.8889]},"surface":530.56,"population":418,"departement":{"code":"46","nom":"Lot"},"region":{"code":"76","nom":"Occitanie"}},{"nom":"Saint-Paul-de-Vern","code":"46286","codesPostaux":["46400"],"centre":{"type":"Point","coordinates":[1.9376,44.8331]},"surface":1079.45,"population":171,"departement":{"code":"46","nom":"Lot"},"region":{"code":"76","nom":"Occitanie"}},{"nom":"Saint-Perdoux","code":"46288","codesPostaux":["46100"],"centre":{"type":"Point","coordinates":[2.0547,44.6803]},"surface":1258.19,"population":196,"departement":{"code":"46","nom":"Lot"},"region":{"code":"76","nom":"Occitanie"}},{"nom":"Saint-Pierre-Toirac","code":"46289","codesPostaux":["46160"],"centre":{"type":"Point","coordinates":[1.9544,44.5361]},"surface":581.03,"population":165,"departement":{"code":"46","nom":"Lot"},"region":{"code":"76","nom":"Occitanie"}},{"nom":"Saint-Projet","code":"46290","codesPostaux":["46300"],"centre":{"type":"Point","coordinates":[1.5117,44.7471]},"surface":1583.72,"population":363,"departement":{"code":"46","nom":"Lot"},"region":{"code":"76","nom":"Occitanie"}},{"nom":"Saint-Simon","code":"46292","codesPostaux":["46320"],"centre":{"type":"Point","coordinates":[1.8313,44.6997]},"surface":920.21,"population":195,"departement":{"code":"46","nom":"Lot"},"region":{"code":"76","nom":"Occitanie"}},{"nom":"Saint-Sozy","code":"46293","codesPostaux":["46200"],"centre":{"type":"Point","coordinates":[1.5473,44.8809]},"surface":875.19,"population":490,"departement":{"code":"46","nom":"Lot"},"region":{"code":"76","nom":"Occitanie"}},{"nom":"Saint-Sulpice","code":"46294","codesPostaux":["46160"],"centre":{"type":"Point","coordinates":[1.7942,44.5774]},"surface":1303.57,"population":127,"departement":{"code":"46","nom":"Lot"},"region":{"code":"76","nom":"Occitanie"}},{"nom":"Saint-Vincent-du-Pendit","code":"46295","codesPostaux":["46400"],"centre":{"type":"Point","coordinates":[1.909,44.8331]},"surface":924.03,"population":230,"departement":{"code":"46","nom":"Lot"},"region":{"code":"76","nom":"Occitanie"}},{"nom":"Saint-Vincent-Rive-d'Olt","code":"46296","codesPostaux":["46140"],"centre":{"type":"Point","coordinates":[1.3139,44.4486]},"surface":1988.42,"population":442,"departement":{"code":"46","nom":"Lot"},"region":{"code":"76","nom":"Occitanie"}},{"nom":"Salviac","code":"46297","codesPostaux":["46340"],"centre":{"type":"Point","coordinates":[1.2705,44.6875]},"surface":2974.13,"population":1231,"departement":{"code":"46","nom":"Lot"},"region":{"code":"76","nom":"Occitanie"}},{"nom":"Sauliac-sur-Célé","code":"46299","codesPostaux":["46330"],"centre":{"type":"Point","coordinates":[1.7173,44.5211]},"surface":2514.59,"population":114,"departement":{"code":"46","nom":"Lot"},"region":{"code":"76","nom":"Occitanie"}},{"nom":"Sauzet","code":"46301","codesPostaux":["46140"],"centre":{"type":"Point","coordinates":[1.256,44.4168]},"surface":1097.7,"population":531,"departement":{"code":"46","nom":"Lot"},"region":{"code":"76","nom":"Occitanie"}},{"nom":"Sénaillac-Latronquière","code":"46302","codesPostaux":["46210"],"centre":{"type":"Point","coordinates":[2.0743,44.8372]},"surface":1130.13,"population":127,"departement":{"code":"46","nom":"Lot"},"region":{"code":"76","nom":"Occitanie"}},{"nom":"Sénaillac-Lauzès","code":"46303","codesPostaux":["46360"],"centre":{"type":"Point","coordinates":[1.646,44.5883]},"surface":2605.09,"population":145,"departement":{"code":"46","nom":"Lot"},"region":{"code":"76","nom":"Occitanie"}},{"nom":"Séniergues","code":"46304","codesPostaux":["46240"],"centre":{"type":"Point","coordinates":[1.5551,44.7172]},"surface":1820.88,"population":146,"departement":{"code":"46","nom":"Lot"},"region":{"code":"76","nom":"Occitanie"}},{"nom":"Sérignac","code":"46305","codesPostaux":["46700"],"centre":{"type":"Point","coordinates":[1.0874,44.4299]},"surface":1867.68,"population":326,"departement":{"code":"46","nom":"Lot"},"region":{"code":"76","nom":"Occitanie"}},{"nom":"Sonac","code":"46306","codesPostaux":["46320"],"centre":{"type":"Point","coordinates":[1.8525,44.6933]},"surface":733.04,"population":94,"departement":{"code":"46","nom":"Lot"},"region":{"code":"76","nom":"Occitanie"}},{"nom":"Soturac","code":"46307","codesPostaux":["46700"],"centre":{"type":"Point","coordinates":[1.0169,44.5122]},"surface":1978.48,"population":644,"departement":{"code":"46","nom":"Lot"},"region":{"code":"76","nom":"Occitanie"}},{"nom":"Soucirac","code":"46308","codesPostaux":["46300"],"centre":{"type":"Point","coordinates":[1.503,44.7073]},"surface":1133.19,"population":102,"departement":{"code":"46","nom":"Lot"},"region":{"code":"76","nom":"Occitanie"}},{"nom":"Souillac","code":"46309","codesPostaux":["46200"],"centre":{"type":"Point","coordinates":[1.465,44.9144]},"surface":2608.27,"population":3192,"departement":{"code":"46","nom":"Lot"},"region":{"code":"76","nom":"Occitanie"}},{"nom":"Soulomès","code":"46310","codesPostaux":["46240"],"centre":{"type":"Point","coordinates":[1.5855,44.6278]},"surface":773.71,"population":131,"departement":{"code":"46","nom":"Lot"},"region":{"code":"76","nom":"Occitanie"}},{"nom":"Sousceyrac-en-Quercy","code":"46311","codesPostaux":["46190"],"centre":{"type":"Point","coordinates":[2.034,44.9001]},"surface":14080.65,"population":1328,"departement":{"code":"46","nom":"Lot"},"region":{"code":"76","nom":"Occitanie"}},{"nom":"Strenquels","code":"46312","codesPostaux":["46110"],"centre":{"type":"Point","coordinates":[1.6377,44.9733]},"surface":908.9,"population":258,"departement":{"code":"46","nom":"Lot"},"region":{"code":"76","nom":"Occitanie"}},{"nom":"Tauriac","code":"46313","codesPostaux":["46130"],"centre":{"type":"Point","coordinates":[1.7764,44.9102]},"surface":820.87,"population":473,"departement":{"code":"46","nom":"Lot"},"region":{"code":"76","nom":"Occitanie"}},{"nom":"Terrou","code":"46314","codesPostaux":["46120"],"centre":{"type":"Point","coordinates":[1.9763,44.783]},"surface":1014.54,"population":171,"departement":{"code":"46","nom":"Lot"},"region":{"code":"76","nom":"Occitanie"}},{"nom":"Teyssieu","code":"46315","codesPostaux":["46190"],"centre":{"type":"Point","coordinates":[1.9594,44.9169]},"surface":1371.01,"population":162,"departement":{"code":"46","nom":"Lot"},"region":{"code":"76","nom":"Occitanie"}},{"nom":"Thédirac","code":"46316","codesPostaux":["46150"],"centre":{"type":"Point","coordinates":[1.3252,44.5969]},"surface":1648.82,"population":303,"departement":{"code":"46","nom":"Lot"},"region":{"code":"76","nom":"Occitanie"}},{"nom":"Thégra","code":"46317","codesPostaux":["46500"],"centre":{"type":"Point","coordinates":[1.7536,44.8235]},"surface":1276.46,"population":497,"departement":{"code":"46","nom":"Lot"},"region":{"code":"76","nom":"Occitanie"}},{"nom":"Thémines","code":"46318","codesPostaux":["46120"],"centre":{"type":"Point","coordinates":[1.8175,44.738]},"surface":1346.16,"population":240,"departement":{"code":"46","nom":"Lot"},"region":{"code":"76","nom":"Occitanie"}},{"nom":"Théminettes","code":"46319","codesPostaux":["46120"],"centre":{"type":"Point","coordinates":[1.8473,44.7191]},"surface":876.7,"population":181,"departement":{"code":"46","nom":"Lot"},"region":{"code":"76","nom":"Occitanie"}},{"nom":"Tour-de-Faure","code":"46320","codesPostaux":["46330"],"centre":{"type":"Point","coordinates":[1.6785,44.4788]},"surface":881.6,"population":342,"departement":{"code":"46","nom":"Lot"},"region":{"code":"76","nom":"Occitanie"}},{"nom":"Touzac","code":"46321","codesPostaux":["46700"],"centre":{"type":"Point","coordinates":[1.0616,44.496]},"surface":410.02,"population":354,"departement":{"code":"46","nom":"Lot"},"region":{"code":"76","nom":"Occitanie"}},{"nom":"Trespoux-Rassiels","code":"46322","codesPostaux":["46090"],"centre":{"type":"Point","coordinates":[1.3573,44.4255]},"surface":2058.44,"population":845,"departement":{"code":"46","nom":"Lot"},"region":{"code":"76","nom":"Occitanie"}},{"nom":"Ussel","code":"46323","codesPostaux":["46240"],"centre":{"type":"Point","coordinates":[1.4961,44.5921]},"surface":679.94,"population":94,"departement":{"code":"46","nom":"Lot"},"region":{"code":"76","nom":"Occitanie"}},{"nom":"Uzech","code":"46324","codesPostaux":["46310"],"centre":{"type":"Point","coordinates":[1.3843,44.592]},"surface":1222.68,"population":196,"departement":{"code":"46","nom":"Lot"},"region":{"code":"76","nom":"Occitanie"}},{"nom":"Varaire","code":"46328","codesPostaux":["46260"],"centre":{"type":"Point","coordinates":[1.7246,44.3723]},"surface":2542.66,"population":359,"departement":{"code":"46","nom":"Lot"},"region":{"code":"76","nom":"Occitanie"}},{"nom":"Vaylats","code":"46329","codesPostaux":["46230"],"centre":{"type":"Point","coordinates":[1.6517,44.3209]},"surface":2638.83,"population":327,"departement":{"code":"46","nom":"Lot"},"region":{"code":"76","nom":"Occitanie"}},{"nom":"Vayrac","code":"46330","codesPostaux":["46110"],"centre":{"type":"Point","coordinates":[1.6944,44.9435]},"surface":1618.61,"population":1266,"departement":{"code":"46","nom":"Lot"},"region":{"code":"76","nom":"Occitanie"}},{"nom":"Viazac","code":"46332","codesPostaux":["46100"],"centre":{"type":"Point","coordinates":[2.0695,44.6528]},"surface":1763.73,"population":344,"departement":{"code":"46","nom":"Lot"},"region":{"code":"76","nom":"Occitanie"}},{"nom":"Vidaillac","code":"46333","codesPostaux":["46260"],"centre":{"type":"Point","coordinates":[1.8171,44.3494]},"surface":958.31,"population":181,"departement":{"code":"46","nom":"Lot"},"region":{"code":"76","nom":"Occitanie"}},{"nom":"Le Vigan-en-Quercy","code":"46334","codesPostaux":["46300"],"centre":{"type":"Point","coordinates":[1.4534,44.7403]},"surface":3427.27,"population":1535,"departement":{"code":"46","nom":"Lot"},"region":{"code":"76","nom":"Occitanie"}},{"nom":"Villesèque","code":"46335","codesPostaux":["46090"],"centre":{"type":"Point","coordinates":[1.3164,44.3979]},"surface":2343.29,"population":409,"departement":{"code":"46","nom":"Lot"},"region":{"code":"76","nom":"Occitanie"}},{"nom":"Vire-sur-Lot","code":"46336","codesPostaux":["46700"],"centre":{"type":"Point","coordinates":[1.0948,44.4902]},"surface":776.63,"population":348,"departement":{"code":"46","nom":"Lot"},"region":{"code":"76","nom":"Occitanie"}},{"nom":"Mayrac","code":"46337","codesPostaux":["46200"],"centre":{"type":"Point","coordinates":[1.5464,44.9002]},"surface":780.6,"population":254,"departement":{"code":"46","nom":"Lot"},"region":{"code":"76","nom":"Occitanie"}},{"nom":"Bessonies","code":"46338","codesPostaux":["46210"],"centre":{"type":"Point","coordinates":[2.1428,44.8073]},"surface":742.54,"population":72,"departement":{"code":"46","nom":"Lot"},"region":{"code":"76","nom":"Occitanie"}},{"nom":"Saint-Jean-Lagineste","code":"46339","codesPostaux":["46400"],"centre":{"type":"Point","coordinates":[1.8496,44.8247]},"surface":1277.2,"population":378,"departement":{"code":"46","nom":"Lot"},"region":{"code":"76","nom":"Occitanie"}},{"nom":"Saint-Pierre-Lafeuille","code":"46340","codesPostaux":["46090"],"centre":{"type":"Point","coordinates":[1.455,44.5194]},"surface":848.99,"population":419,"departement":{"code":"46","nom":"Lot"},"region":{"code":"76","nom":"Occitanie"}}]