[{"nom":"Andelnans","code":"90001","codesPostaux":["90400"],"centre":{"type":"Point","coordinates":[6.8628,47.6017]},"surface":419.32,"population":1093,"departement":{"code":"90","nom":"Territoire de Belfort"},"region":{"code":"27","nom":"Bourgogne-Franche-Comté"}},{"nom":"Angeot","code":"90002","codesPostaux":["90150"],"centre":{"type":"Point","coordinates":[7.0032,47.6958]},"surface":663.14,"population":354,"departement":{"code":"90","nom":"Territoire de Belfort"},"region":{"code":"27","nom":"Bourgogne-Franche-Comté"}},{"nom":"Anjoutey","code":"90003","codesPostaux":["90170"],"centre":{"type":"Point","coordinates":[6.9227,47.7055]},"surface":773.1,"population":611,"departement":{"code":"90","nom":"Territoire de Belfort"},"region":{"code":"27","nom":"Bourgogne-Franche-Comté"}},{"nom":"Argiésans","code":"90004","codesPostaux":["90800"],"centre":{"type":"Point","coordinates":[6.8207,47.6072]},"surface":279.85,"population":607,"departement":{"code":"90","nom":"Territoire de Belfort"},"region":{"code":"27","nom":"Bourgogne-Franche-Comté"}},{"nom":"Auxelles-Bas","code":"90005","codesPostaux":["90200"],"centre":{"type":"Point","coordinates":[6.7846,47.7274]},"surface":931.09,"population":417,"departement":{"code":"90","nom":"Territoire de Belfort"},"region":{"code":"27","nom":"Bourgogne-Franche-Comté"}},{"nom":"Auxelles-Haut","code":"90006","codesPostaux":["90200"],"centre":{"type":"Point","coordinates":[6.7813,47.7529]},"surface":648.4,"population":287,"departement":{"code":"90","nom":"Territoire de Belfort"},"region":{"code":"27","nom":"Bourgogne-Franche-Comté"}},{"nom":"Banvillars","code":"90007","codesPostaux":["90800"],"centre":{"type":"Point","coordinates":[6.8127,47.5881]},"surface":463.14,"population":289,"departement":{"code":"90","nom":"Territoire de Belfort"},"region":{"code":"27","nom":"Bourgogne-Franche-Comté"}},{"nom":"Bavilliers","code":"90008","codesPostaux":["90800"],"centre":{"type":"Point","coordinates":[6.8275,47.6214]},"surface":475.7,"population":4678,"departement":{"code":"90","nom":"Territoire de Belfort"},"region":{"code":"27","nom":"Bourgogne-Franche-Comté"}},{"nom":"Beaucourt","code":"90009","codesPostaux":["90500"],"centre":{"type":"Point","coordinates":[6.9251,47.4868]},"surface":491.14,"population":4966,"departement":{"code":"90","nom":"Territoire de Belfort"},"region":{"code":"27","nom":"Bourgogne-Franche-Comté"}},{"nom":"Belfort","code":"90010","codesPostaux":["90000"],"centre":{"type":"Point","coordinates":[6.841,47.6458]},"surface":1728.19,"population":45912,"departement":{"code":"90","nom":"Territoire de Belfort"},"region":{"code":"27","nom":"Bourgogne-Franche-Comté"}},{"nom":"Bermont","code":"90011","codesPostaux":["90400"],"centre":{"type":"Point","coordinates":[6.8416,47.5757]},"surface":284.07,"population":358,"departement":{"code":"90","nom":"Territoire de Belfort"},"region":{"code":"27","nom":"Bourgogne-Franche-Comté"}},{"nom":"Bessoncourt","code":"90012","codesPostaux":["90160"],"centre":{"type":"Point","coordinates":[6.9417,47.6458]},"surface":791.5,"population":1309,"departement":{"code":"90","nom":"Territoire de Belfort"},"region":{"code":"27","nom":"Bourgogne-Franche-Comté"}},{"nom":"Bethonvilliers","code":"90013","codesPostaux":["90150"],"centre":{"type":"Point","coordinates":[6.9672,47.6805]},"surface":193.51,"population":232,"departement":{"code":"90","nom":"Territoire de Belfort"},"region":{"code":"27","nom":"Bourgogne-Franche-Comté"}},{"nom":"Boron","code":"90014","codesPostaux":["90100"],"centre":{"type":"Point","coordinates":[7.016,47.5556]},"surface":609.19,"population":484,"departement":{"code":"90","nom":"Territoire de Belfort"},"region":{"code":"27","nom":"Bourgogne-Franche-Comté"}},{"nom":"Botans","code":"90015","codesPostaux":["90400"],"centre":{"type":"Point","coordinates":[6.8502,47.5955]},"surface":229.06,"population":249,"departement":{"code":"90","nom":"Territoire de Belfort"},"region":{"code":"27","nom":"Bourgogne-Franche-Comté"}},{"nom":"Bourg-sous-Châtelet","code":"90016","codesPostaux":["90110"],"centre":{"type":"Point","coordinates":[6.948,47.7068]},"surface":84.65,"population":115,"departement":{"code":"90","nom":"Territoire de Belfort"},"region":{"code":"27","nom":"Bourgogne-Franche-Comté"}},{"nom":"Bourogne","code":"90017","codesPostaux":["90140"],"centre":{"type":"Point","coordinates":[6.9063,47.5623]},"surface":1357.4,"population":1741,"departement":{"code":"90","nom":"Territoire de Belfort"},"region":{"code":"27","nom":"Bourgogne-Franche-Comté"}},{"nom":"Brebotte","code":"90018","codesPostaux":["90140"],"centre":{"type":"Point","coordinates":[6.9754,47.5769]},"surface":377.93,"population":353,"departement":{"code":"90","nom":"Territoire de Belfort"},"region":{"code":"27","nom":"Bourgogne-Franche-Comté"}},{"nom":"Bretagne","code":"90019","codesPostaux":["90130"],"centre":{"type":"Point","coordinates":[6.9972,47.5909]},"surface":467.65,"population":319,"departement":{"code":"90","nom":"Territoire de Belfort"},"region":{"code":"27","nom":"Bourgogne-Franche-Comté"}},{"nom":"Buc","code":"90020","codesPostaux":["90800"],"centre":{"type":"Point","coordinates":[6.7886,47.616]},"surface":245.64,"population":244,"departement":{"code":"90","nom":"Territoire de Belfort"},"region":{"code":"27","nom":"Bourgogne-Franche-Comté"}},{"nom":"Charmois","code":"90021","codesPostaux":["90140"],"centre":{"type":"Point","coordinates":[6.9403,47.5795]},"surface":421.03,"population":369,"departement":{"code":"90","nom":"Territoire de Belfort"},"region":{"code":"27","nom":"Bourgogne-Franche-Comté"}},{"nom":"Châtenois-les-Forges","code":"90022","codesPostaux":["90700"],"centre":{"type":"Point","coordinates":[6.834,47.5602]},"surface":873.06,"population":2608,"departement":{"code":"90","nom":"Territoire de Belfort"},"region":{"code":"27","nom":"Bourgogne-Franche-Comté"}},{"nom":"Chaux","code":"90023","codesPostaux":["90330"],"centre":{"type":"Point","coordinates":[6.8386,47.7141]},"surface":943.63,"population":1184,"departement":{"code":"90","nom":"Territoire de Belfort"},"region":{"code":"27","nom":"Bourgogne-Franche-Comté"}},{"nom":"Chavanatte","code":"90024","codesPostaux":["90100"],"centre":{"type":"Point","coordinates":[7.0706,47.5815]},"surface":381.39,"population":130,"departement":{"code":"90","nom":"Territoire de Belfort"},"region":{"code":"27","nom":"Bourgogne-Franche-Comté"}},{"nom":"Chavannes-les-Grands","code":"90025","codesPostaux":["90100"],"centre":{"type":"Point","coordinates":[7.0519,47.5889]},"surface":691.03,"population":345,"departement":{"code":"90","nom":"Territoire de Belfort"},"region":{"code":"27","nom":"Bourgogne-Franche-Comté"}},{"nom":"Chèvremont","code":"90026","codesPostaux":["90340"],"centre":{"type":"Point","coordinates":[6.9303,47.6268]},"surface":878.32,"population":1539,"departement":{"code":"90","nom":"Territoire de Belfort"},"region":{"code":"27","nom":"Bourgogne-Franche-Comté"}},{"nom":"Courcelles","code":"90027","codesPostaux":["90100"],"centre":{"type":"Point","coordinates":[7.0668,47.4983]},"surface":534.82,"population":132,"departement":{"code":"90","nom":"Territoire de Belfort"},"region":{"code":"27","nom":"Bourgogne-Franche-Comté"}},{"nom":"Courtelevant","code":"90028","codesPostaux":["90100"],"centre":{"type":"Point","coordinates":[7.0846,47.5262]},"surface":585.63,"population":379,"departement":{"code":"90","nom":"Territoire de Belfort"},"region":{"code":"27","nom":"Bourgogne-Franche-Comté"}},{"nom":"Cravanche","code":"90029","codesPostaux":["90300"],"centre":{"type":"Point","coordinates":[6.8238,47.653]},"surface":118.9,"population":1942,"departement":{"code":"90","nom":"Territoire de Belfort"},"region":{"code":"27","nom":"Bourgogne-Franche-Comté"}},{"nom":"Croix","code":"90030","codesPostaux":["90100"],"centre":{"type":"Point","coordinates":[6.9518,47.4447]},"surface":550.35,"population":180,"departement":{"code":"90","nom":"Territoire de Belfort"},"region":{"code":"27","nom":"Bourgogne-Franche-Comté"}},{"nom":"Cunelières","code":"90031","codesPostaux":["90150"],"centre":{"type":"Point","coordinates":[6.9928,47.6256]},"surface":201.53,"population":341,"departement":{"code":"90","nom":"Territoire de Belfort"},"region":{"code":"27","nom":"Bourgogne-Franche-Comté"}},{"nom":"Danjoutin","code":"90032","codesPostaux":["90400"],"centre":{"type":"Point","coordinates":[6.8647,47.6187]},"surface":561.82,"population":3519,"departement":{"code":"90","nom":"Territoire de Belfort"},"region":{"code":"27","nom":"Bourgogne-Franche-Comté"}},{"nom":"Delle","code":"90033","codesPostaux":["90100"],"centre":{"type":"Point","coordinates":[6.996,47.509]},"surface":929.79,"population":5623,"departement":{"code":"90","nom":"Territoire de Belfort"},"region":{"code":"27","nom":"Bourgogne-Franche-Comté"}},{"nom":"Denney","code":"90034","codesPostaux":["90160"],"centre":{"type":"Point","coordinates":[6.9054,47.6549]},"surface":358.46,"population":763,"departement":{"code":"90","nom":"Territoire de Belfort"},"region":{"code":"27","nom":"Bourgogne-Franche-Comté"}},{"nom":"Dorans","code":"90035","codesPostaux":["90400"],"centre":{"type":"Point","coordinates":[6.8398,47.5865]},"surface":381.64,"population":824,"departement":{"code":"90","nom":"Territoire de Belfort"},"region":{"code":"27","nom":"Bourgogne-Franche-Comté"}},{"nom":"Eguenigue","code":"90036","codesPostaux":["90150"],"centre":{"type":"Point","coordinates":[6.9351,47.6785]},"surface":250.45,"population":272,"departement":{"code":"90","nom":"Territoire de Belfort"},"region":{"code":"27","nom":"Bourgogne-Franche-Comté"}},{"nom":"Éloie","code":"90037","codesPostaux":["90300"],"centre":{"type":"Point","coordinates":[6.873,47.687]},"surface":553.9,"population":952,"departement":{"code":"90","nom":"Territoire de Belfort"},"region":{"code":"27","nom":"Bourgogne-Franche-Comté"}},{"nom":"Essert","code":"90039","codesPostaux":["90850"],"centre":{"type":"Point","coordinates":[6.8127,47.6382]},"surface":712.29,"population":3417,"departement":{"code":"90","nom":"Territoire de Belfort"},"region":{"code":"27","nom":"Bourgogne-Franche-Comté"}},{"nom":"Étueffont","code":"90041","codesPostaux":["90170"],"centre":{"type":"Point","coordinates":[6.9171,47.7248]},"surface":1263.53,"population":1393,"departement":{"code":"90","nom":"Territoire de Belfort"},"region":{"code":"27","nom":"Bourgogne-Franche-Comté"}},{"nom":"Évette-Salbert","code":"90042","codesPostaux":["90350"],"centre":{"type":"Point","coordinates":[6.8034,47.6693]},"surface":916.55,"population":2029,"departement":{"code":"90","nom":"Territoire de Belfort"},"region":{"code":"27","nom":"Bourgogne-Franche-Comté"}},{"nom":"Faverois","code":"90043","codesPostaux":["90100"],"centre":{"type":"Point","coordinates":[7.0364,47.5291]},"surface":652.28,"population":593,"departement":{"code":"90","nom":"Territoire de Belfort"},"region":{"code":"27","nom":"Bourgogne-Franche-Comté"}},{"nom":"Felon","code":"90044","codesPostaux":["90110"],"centre":{"type":"Point","coordinates":[6.979,47.7061]},"surface":410.22,"population":222,"departement":{"code":"90","nom":"Territoire de Belfort"},"region":{"code":"27","nom":"Bourgogne-Franche-Comté"}},{"nom":"Fêche-l'Église","code":"90045","codesPostaux":["90100"],"centre":{"type":"Point","coordinates":[6.9573,47.5008]},"surface":395.94,"population":702,"departement":{"code":"90","nom":"Territoire de Belfort"},"region":{"code":"27","nom":"Bourgogne-Franche-Comté"}},{"nom":"Florimont","code":"90046","codesPostaux":["90100"],"centre":{"type":"Point","coordinates":[7.0519,47.5408]},"surface":1829.14,"population":473,"departement":{"code":"90","nom":"Territoire de Belfort"},"region":{"code":"27","nom":"Bourgogne-Franche-Comté"}},{"nom":"Fontaine","code":"90047","codesPostaux":["90150"],"centre":{"type":"Point","coordinates":[6.997,47.6567]},"surface":694.77,"population":605,"departement":{"code":"90","nom":"Territoire de Belfort"},"region":{"code":"27","nom":"Bourgogne-Franche-Comté"}},{"nom":"Fontenelle","code":"90048","codesPostaux":["90340"],"centre":{"type":"Point","coordinates":[6.9564,47.6207]},"surface":174.6,"population":135,"departement":{"code":"90","nom":"Territoire de Belfort"},"region":{"code":"27","nom":"Bourgogne-Franche-Comté"}},{"nom":"Foussemagne","code":"90049","codesPostaux":["90150"],"centre":{"type":"Point","coordinates":[6.9959,47.6389]},"surface":507.27,"population":869,"departement":{"code":"90","nom":"Territoire de Belfort"},"region":{"code":"27","nom":"Bourgogne-Franche-Comté"}},{"nom":"Frais","code":"90050","codesPostaux":["90150"],"centre":{"type":"Point","coordinates":[6.9823,47.646]},"surface":281.98,"population":249,"departement":{"code":"90","nom":"Territoire de Belfort"},"region":{"code":"27","nom":"Bourgogne-Franche-Comté"}},{"nom":"Froidefontaine","code":"90051","codesPostaux":["90140"],"centre":{"type":"Point","coordinates":[6.9594,47.5684]},"surface":452.98,"population":433,"departement":{"code":"90","nom":"Territoire de Belfort"},"region":{"code":"27","nom":"Bourgogne-Franche-Comté"}},{"nom":"Giromagny","code":"90052","codesPostaux":["90200"],"centre":{"type":"Point","coordinates":[6.8198,47.7425]},"surface":572.27,"population":2907,"departement":{"code":"90","nom":"Territoire de Belfort"},"region":{"code":"27","nom":"Bourgogne-Franche-Comté"}},{"nom":"Grandvillars","code":"90053","codesPostaux":["90600"],"centre":{"type":"Point","coordinates":[6.9754,47.5378]},"surface":1527.85,"population":2947,"departement":{"code":"90","nom":"Territoire de Belfort"},"region":{"code":"27","nom":"Bourgogne-Franche-Comté"}},{"nom":"Grosmagny","code":"90054","codesPostaux":["90200"],"centre":{"type":"Point","coordinates":[6.8787,47.7226]},"surface":889.23,"population":569,"departement":{"code":"90","nom":"Territoire de Belfort"},"region":{"code":"27","nom":"Bourgogne-Franche-Comté"}},{"nom":"Grosne","code":"90055","codesPostaux":["90100"],"centre":{"type":"Point","coordinates":[6.994,47.5717]},"surface":363.84,"population":321,"departement":{"code":"90","nom":"Territoire de Belfort"},"region":{"code":"27","nom":"Bourgogne-Franche-Comté"}},{"nom":"Joncherey","code":"90056","codesPostaux":["90100"],"centre":{"type":"Point","coordinates":[7.008,47.5322]},"surface":532.18,"population":1451,"departement":{"code":"90","nom":"Territoire de Belfort"},"region":{"code":"27","nom":"Bourgogne-Franche-Comté"}},{"nom":"Lachapelle-sous-Chaux","code":"90057","codesPostaux":["90300"],"centre":{"type":"Point","coordinates":[6.7995,47.706]},"surface":1095.38,"population":745,"departement":{"code":"90","nom":"Territoire de Belfort"},"region":{"code":"27","nom":"Bourgogne-Franche-Comté"}},{"nom":"Lachapelle-sous-Rougemont","code":"90058","codesPostaux":["90360"],"centre":{"type":"Point","coordinates":[7.0149,47.7152]},"surface":498.14,"population":539,"departement":{"code":"90","nom":"Territoire de Belfort"},"region":{"code":"27","nom":"Bourgogne-Franche-Comté"}},{"nom":"Lacollonge","code":"90059","codesPostaux":["90150"],"centre":{"type":"Point","coordinates":[6.9577,47.6624]},"surface":193.36,"population":234,"departement":{"code":"90","nom":"Territoire de Belfort"},"region":{"code":"27","nom":"Bourgogne-Franche-Comté"}},{"nom":"Lagrange","code":"90060","codesPostaux":["90150"],"centre":{"type":"Point","coordinates":[6.9767,47.6844]},"surface":91.74,"population":144,"departement":{"code":"90","nom":"Territoire de Belfort"},"region":{"code":"27","nom":"Bourgogne-Franche-Comté"}},{"nom":"Lamadeleine-Val-des-Anges","code":"90061","codesPostaux":["90170"],"centre":{"type":"Point","coordinates":[6.9067,47.762]},"surface":643.82,"population":46,"departement":{"code":"90","nom":"Territoire de Belfort"},"region":{"code":"27","nom":"Bourgogne-Franche-Comté"}},{"nom":"Larivière","code":"90062","codesPostaux":["90150"],"centre":{"type":"Point","coordinates":[6.9962,47.6782]},"surface":479.03,"population":282,"departement":{"code":"90","nom":"Territoire de Belfort"},"region":{"code":"27","nom":"Bourgogne-Franche-Comté"}},{"nom":"Lebetain","code":"90063","codesPostaux":["90100"],"centre":{"type":"Point","coordinates":[6.9705,47.4855]},"surface":491.5,"population":422,"departement":{"code":"90","nom":"Territoire de Belfort"},"region":{"code":"27","nom":"Bourgogne-Franche-Comté"}},{"nom":"Lepuix-Neuf","code":"90064","codesPostaux":["90100"],"centre":{"type":"Point","coordinates":[7.1071,47.542]},"surface":548.08,"population":307,"departement":{"code":"90","nom":"Territoire de Belfort"},"region":{"code":"27","nom":"Bourgogne-Franche-Comté"}},{"nom":"Lepuix","code":"90065","codesPostaux":["90200"],"centre":{"type":"Point","coordinates":[6.82,47.7858]},"surface":2840.05,"population":1115,"departement":{"code":"90","nom":"Territoire de Belfort"},"region":{"code":"27","nom":"Bourgogne-Franche-Comté"}},{"nom":"Leval","code":"90066","codesPostaux":["90110"],"centre":{"type":"Point","coordinates":[6.9945,47.7324]},"surface":610.75,"population":250,"departement":{"code":"90","nom":"Territoire de Belfort"},"region":{"code":"27","nom":"Bourgogne-Franche-Comté"}},{"nom":"Menoncourt","code":"90067","codesPostaux":["90150"],"centre":{"type":"Point","coordinates":[6.954,47.6804]},"surface":470.85,"population":391,"departement":{"code":"90","nom":"Territoire de Belfort"},"region":{"code":"27","nom":"Bourgogne-Franche-Comté"}},{"nom":"Meroux-Moval","code":"90068","codesPostaux":["90400"],"centre":{"type":"Point","coordinates":[6.9136,47.5945]},"surface":1003.51,"population":1440,"departement":{"code":"90","nom":"Territoire de Belfort"},"region":{"code":"27","nom":"Bourgogne-Franche-Comté"}},{"nom":"Méziré","code":"90069","codesPostaux":["90120"],"centre":{"type":"Point","coordinates":[6.9239,47.5318]},"surface":394.91,"population":1255,"departement":{"code":"90","nom":"Territoire de Belfort"},"region":{"code":"27","nom":"Bourgogne-Franche-Comté"}},{"nom":"Montbouton","code":"90070","codesPostaux":["90500"],"centre":{"type":"Point","coordinates":[6.9235,47.467]},"surface":283.59,"population":422,"departement":{"code":"90","nom":"Territoire de Belfort"},"region":{"code":"27","nom":"Bourgogne-Franche-Comté"}},{"nom":"Montreux-Château","code":"90071","codesPostaux":["90130"],"centre":{"type":"Point","coordinates":[6.9941,47.6089]},"surface":463.54,"population":1180,"departement":{"code":"90","nom":"Territoire de Belfort"},"region":{"code":"27","nom":"Bourgogne-Franche-Comté"}},{"nom":"Morvillars","code":"90072","codesPostaux":["90120"],"centre":{"type":"Point","coordinates":[6.9353,47.5398]},"surface":563.5,"population":1113,"departement":{"code":"90","nom":"Territoire de Belfort"},"region":{"code":"27","nom":"Bourgogne-Franche-Comté"}},{"nom":"Novillard","code":"90074","codesPostaux":["90340"],"centre":{"type":"Point","coordinates":[6.9622,47.6047]},"surface":384.24,"population":300,"departement":{"code":"90","nom":"Territoire de Belfort"},"region":{"code":"27","nom":"Bourgogne-Franche-Comté"}},{"nom":"Offemont","code":"90075","codesPostaux":["90300"],"centre":{"type":"Point","coordinates":[6.8734,47.6639]},"surface":552.75,"population":4051,"departement":{"code":"90","nom":"Territoire de Belfort"},"region":{"code":"27","nom":"Bourgogne-Franche-Comté"}},{"nom":"Pérouse","code":"90076","codesPostaux":["90160"],"centre":{"type":"Point","coordinates":[6.8925,47.6363]},"surface":487.58,"population":1196,"departement":{"code":"90","nom":"Territoire de Belfort"},"region":{"code":"27","nom":"Bourgogne-Franche-Comté"}},{"nom":"Petit-Croix","code":"90077","codesPostaux":["90130"],"centre":{"type":"Point","coordinates":[6.9751,47.6218]},"surface":382.97,"population":308,"departement":{"code":"90","nom":"Territoire de Belfort"},"region":{"code":"27","nom":"Bourgogne-Franche-Comté"}},{"nom":"Petitefontaine","code":"90078","codesPostaux":["90360"],"centre":{"type":"Point","coordinates":[7.0071,47.7245]},"surface":315.67,"population":193,"departement":{"code":"90","nom":"Territoire de Belfort"},"region":{"code":"27","nom":"Bourgogne-Franche-Comté"}},{"nom":"Petitmagny","code":"90079","codesPostaux":["90170"],"centre":{"type":"Point","coordinates":[6.9003,47.7257]},"surface":222.06,"population":315,"departement":{"code":"90","nom":"Territoire de Belfort"},"region":{"code":"27","nom":"Bourgogne-Franche-Comté"}},{"nom":"Phaffans","code":"90080","codesPostaux":["90150"],"centre":{"type":"Point","coordinates":[6.9476,47.6593]},"surface":324.33,"population":432,"departement":{"code":"90","nom":"Territoire de Belfort"},"region":{"code":"27","nom":"Bourgogne-Franche-Comté"}},{"nom":"Réchésy","code":"90081","codesPostaux":["90370"],"centre":{"type":"Point","coordinates":[7.1175,47.5169]},"surface":1264.88,"population":764,"departement":{"code":"90","nom":"Territoire de Belfort"},"region":{"code":"27","nom":"Bourgogne-Franche-Comté"}},{"nom":"Autrechêne","code":"90082","codesPostaux":["90140"],"centre":{"type":"Point","coordinates":[6.9626,47.5911]},"surface":299.14,"population":281,"departement":{"code":"90","nom":"Territoire de Belfort"},"region":{"code":"27","nom":"Bourgogne-Franche-Comté"}},{"nom":"Recouvrance","code":"90083","codesPostaux":["90140"],"centre":{"type":"Point","coordinates":[6.977,47.5718]},"surface":149.5,"population":147,"departement":{"code":"90","nom":"Territoire de Belfort"},"region":{"code":"27","nom":"Bourgogne-Franche-Comté"}},{"nom":"Reppe","code":"90084","codesPostaux":["90150"],"centre":{"type":"Point","coordinates":[7.0279,47.6623]},"surface":389.4,"population":322,"departement":{"code":"90","nom":"Territoire de Belfort"},"region":{"code":"27","nom":"Bourgogne-Franche-Comté"}},{"nom":"Riervescemont","code":"90085","codesPostaux":["90200"],"centre":{"type":"Point","coordinates":[6.8805,47.7697]},"surface":853.9,"population":83,"departement":{"code":"90","nom":"Territoire de Belfort"},"region":{"code":"27","nom":"Bourgogne-Franche-Comté"}},{"nom":"Romagny-sous-Rougemont","code":"90086","codesPostaux":["90110"],"centre":{"type":"Point","coordinates":[6.9658,47.7191]},"surface":252.29,"population":213,"departement":{"code":"90","nom":"Territoire de Belfort"},"region":{"code":"27","nom":"Bourgogne-Franche-Comté"}},{"nom":"Roppe","code":"90087","codesPostaux":["90380"],"centre":{"type":"Point","coordinates":[6.9073,47.6773]},"surface":751.64,"population":1041,"departement":{"code":"90","nom":"Territoire de Belfort"},"region":{"code":"27","nom":"Bourgogne-Franche-Comté"}},{"nom":"Rougegoutte","code":"90088","codesPostaux":["90200"],"centre":{"type":"Point","coordinates":[6.861,47.7335]},"surface":838.98,"population":987,"departement":{"code":"90","nom":"Territoire de Belfort"},"region":{"code":"27","nom":"Bourgogne-Franche-Comté"}},{"nom":"Rougemont-le-Château","code":"90089","codesPostaux":["90110"],"centre":{"type":"Point","coordinates":[6.96,47.7468]},"surface":1677.54,"population":1487,"departement":{"code":"90","nom":"Territoire de Belfort"},"region":{"code":"27","nom":"Bourgogne-Franche-Comté"}},{"nom":"Saint-Dizier-l'Évêque","code":"90090","codesPostaux":["90100"],"centre":{"type":"Point","coordinates":[6.9642,47.4683]},"surface":1091.31,"population":427,"departement":{"code":"90","nom":"Territoire de Belfort"},"region":{"code":"27","nom":"Bourgogne-Franche-Comté"}},{"nom":"Saint-Germain-le-Châtelet","code":"90091","codesPostaux":["90110"],"centre":{"type":"Point","coordinates":[6.9637,47.7035]},"surface":339.44,"population":654,"departement":{"code":"90","nom":"Territoire de Belfort"},"region":{"code":"27","nom":"Bourgogne-Franche-Comté"}},{"nom":"Sermamagny","code":"90093","codesPostaux":["90300"],"centre":{"type":"Point","coordinates":[6.8304,47.6867]},"surface":801.9,"population":929,"departement":{"code":"90","nom":"Territoire de Belfort"},"region":{"code":"27","nom":"Bourgogne-Franche-Comté"}},{"nom":"Sevenans","code":"90094","codesPostaux":["90400"],"centre":{"type":"Point","coordinates":[6.8718,47.5898]},"surface":204.84,"population":688,"departement":{"code":"90","nom":"Territoire de Belfort"},"region":{"code":"27","nom":"Bourgogne-Franche-Comté"}},{"nom":"Suarce","code":"90095","codesPostaux":["90100"],"centre":{"type":"Point","coordinates":[7.0789,47.5638]},"surface":1183.28,"population":442,"departement":{"code":"90","nom":"Territoire de Belfort"},"region":{"code":"27","nom":"Bourgogne-Franche-Comté"}},{"nom":"Thiancourt","code":"90096","codesPostaux":["90100"],"centre":{"type":"Point","coordinates":[6.9783,47.5222]},"surface":273.73,"population":286,"departement":{"code":"90","nom":"Territoire de Belfort"},"region":{"code":"27","nom":"Bourgogne-Franche-Comté"}},{"nom":"Trévenans","code":"90097","codesPostaux":["90400"],"centre":{"type":"Point","coordinates":[6.8696,47.5663]},"surface":592.23,"population":1310,"departement":{"code":"90","nom":"Territoire de Belfort"},"region":{"code":"27","nom":"Bourgogne-Franche-Comté"}},{"nom":"Urcerey","code":"90098","codesPostaux":["90800"],"centre":{"type":"Point","coordinates":[6.8026,47.6118]},"surface":336.7,"population":257,"departement":{"code":"90","nom":"Territoire de Belfort"},"region":{"code":"27","nom":"Bourgogne-Franche-Comté"}},{"nom":"Valdoie","code":"90099","codesPostaux":["90300"],"centre":{"type":"Point","coordinates":[6.8476,47.6727]},"surface":461.8,"population":5175,"departement":{"code":"90","nom":"Territoire de Belfort"},"region":{"code":"27","nom":"Bourgogne-Franche-Comté"}},{"nom":"Vauthiermont","code":"90100","codesPostaux":["90150"],"centre":{"type":"Point","coordinates":[7.0258,47.6801]},"surface":479.59,"population":232,"departement":{"code":"90","nom":"Territoire de Belfort"},"region":{"code":"27","nom":"Bourgogne-Franche-Comté"}},{"nom":"Vellescot","code":"90101","codesPostaux":["90100"],"centre":{"type":"Point","coordinates":[7.0176,47.5752]},"surface":351.4,"population":257,"departement":{"code":"90","nom":"Territoire de Belfort"},"region":{"code":"27","nom":"Bourgogne-Franche-Comté"}},{"nom":"Vescemont","code":"90102","codesPostaux":["90200"],"centre":{"type":"Point","coordinates":[6.8621,47.7539]},"surface":747.03,"population":717,"departement":{"code":"90","nom":"Territoire de Belfort"},"region":{"code":"27","nom":"Bourgogne-Franche-Comté"}},{"nom":"Vétrigne","code":"90103","codesPostaux":["90300"],"centre":{"type":"Point","coordinates":[6.8962,47.6693]},"surface":244.75,"population":636,"departement":{"code":"90","nom":"Territoire de Belfort"},"region":{"code":"27","nom":"Bourgogne-Franche-Comté"}},{"nom":"Vézelois","code":"90104","codesPostaux":["90400"],"centre":{"type":"Point","coordinates":[6.9155,47.6082]},"surface":937.07,"population":1029,"departement":{"code":"90","nom":"Territoire de Belfort"},"region":{"code":"27","nom":"Bourgogne-Franche-Comté"}},{"nom":"Villars-le-Sec","code":"90105","codesPostaux":["90100"],"centre":{"type":"Point","coordinates":[6.9862,47.4572]},"surface":298.28,"population":176,"departement":{"code":"90","nom":"Territoire de Belfort"},"region":{"code":"27","nom":"Bourgogne-Franche-Comté"}}]