[{"nom":"Allaire","code":"56001","codesPostaux":["56350"],"centre":{"type":"Point","coordinates":[-2.1816,47.6312]},"surface":4242.37,"population":3955,"departement":{"code":"56","nom":"Morbihan"},"region":{"code":"53","nom":"Bretagne"}},{"nom":"Ambon","code":"56002","codesPostaux":["56190"],"centre":{"type":"Point","coordinates":[-2.5365,47.5599]},"surface":3795.91,"population":2101,"departement":{"code":"56","nom":"Morbihan"},"region":{"code":"53","nom":"Bretagne"}},{"nom":"Arradon","code":"56003","codesPostaux":["56610"],"centre":{"type":"Point","coordinates":[-2.8239,47.6331]},"surface":1877.74,"population":5835,"departement":{"code":"56","nom":"Morbihan"},"region":{"code":"53","nom":"Bretagne"}},{"nom":"Arzal","code":"56004","codesPostaux":["56190"],"centre":{"type":"Point","coordinates":[-2.4021,47.526]},"surface":2386.77,"population":1846,"departement":{"code":"56","nom":"Morbihan"},"region":{"code":"53","nom":"Bretagne"}},{"nom":"Arzon","code":"56005","codesPostaux":["56640"],"centre":{"type":"Point","coordinates":[-2.9031,47.5499]},"surface":918.44,"population":2271,"departement":{"code":"56","nom":"Morbihan"},"region":{"code":"53","nom":"Bretagne"}},{"nom":"Augan","code":"56006","codesPostaux":["56800"],"centre":{"type":"Point","coordinates":[-2.2722,47.9109]},"surface":4103.31,"population":1569,"departement":{"code":"56","nom":"Morbihan"},"region":{"code":"53","nom":"Bretagne"}},{"nom":"Auray","code":"56007","codesPostaux":["56400"],"centre":{"type":"Point","coordinates":[-2.9901,47.6684]},"surface":720.43,"population":14207,"departement":{"code":"56","nom":"Morbihan"},"region":{"code":"53","nom":"Bretagne"}},{"nom":"Baden","code":"56008","codesPostaux":["56870"],"centre":{"type":"Point","coordinates":[-2.9036,47.6061]},"surface":2357.96,"population":5086,"departement":{"code":"56","nom":"Morbihan"},"region":{"code":"53","nom":"Bretagne"}},{"nom":"Bangor","code":"56009","codesPostaux":["56360"],"centre":{"type":"Point","coordinates":[-3.1938,47.3149]},"surface":2561.31,"population":994,"departement":{"code":"56","nom":"Morbihan"},"region":{"code":"53","nom":"Bretagne"}},{"nom":"Baud","code":"56010","codesPostaux":["56150"],"centre":{"type":"Point","coordinates":[-3.0287,47.8693]},"surface":4874.42,"population":6367,"departement":{"code":"56","nom":"Morbihan"},"region":{"code":"53","nom":"Bretagne"}},{"nom":"Béganne","code":"56011","codesPostaux":["56350"],"centre":{"type":"Point","coordinates":[-2.2433,47.6028]},"surface":3545.68,"population":1493,"departement":{"code":"56","nom":"Morbihan"},"region":{"code":"53","nom":"Bretagne"}},{"nom":"Beignon","code":"56012","codesPostaux":["56380"],"centre":{"type":"Point","coordinates":[-2.1703,47.9672]},"surface":2498,"population":1944,"departement":{"code":"56","nom":"Morbihan"},"region":{"code":"53","nom":"Bretagne"}},{"nom":"Belz","code":"56013","codesPostaux":["56550"],"centre":{"type":"Point","coordinates":[-3.1646,47.6742]},"surface":1587.59,"population":3893,"departement":{"code":"56","nom":"Morbihan"},"region":{"code":"53","nom":"Bretagne"}},{"nom":"Berné","code":"56014","codesPostaux":["56240"],"centre":{"type":"Point","coordinates":[-3.3694,47.9847]},"surface":3517.2,"population":1551,"departement":{"code":"56","nom":"Morbihan"},"region":{"code":"53","nom":"Bretagne"}},{"nom":"Berric","code":"56015","codesPostaux":["56230"],"centre":{"type":"Point","coordinates":[-2.5324,47.6392]},"surface":2153.36,"population":2129,"departement":{"code":"56","nom":"Morbihan"},"region":{"code":"53","nom":"Bretagne"}},{"nom":"Bignan","code":"56017","codesPostaux":["56500"],"centre":{"type":"Point","coordinates":[-2.7498,47.8737]},"surface":4624.86,"population":2757,"departement":{"code":"56","nom":"Morbihan"},"region":{"code":"53","nom":"Bretagne"}},{"nom":"Billiers","code":"56018","codesPostaux":["56190"],"centre":{"type":"Point","coordinates":[-2.4804,47.5251]},"surface":602.01,"population":1066,"departement":{"code":"56","nom":"Morbihan"},"region":{"code":"53","nom":"Bretagne"}},{"nom":"Billio","code":"56019","codesPostaux":["56420"],"centre":{"type":"Point","coordinates":[-2.6463,47.8687]},"surface":1202.58,"population":335,"departement":{"code":"56","nom":"Morbihan"},"region":{"code":"53","nom":"Bretagne"}},{"nom":"Bohal","code":"56020","codesPostaux":["56140"],"centre":{"type":"Point","coordinates":[-2.4452,47.7841]},"surface":848.7,"population":873,"departement":{"code":"56","nom":"Morbihan"},"region":{"code":"53","nom":"Bretagne"}},{"nom":"Brandérion","code":"56021","codesPostaux":["56700"],"centre":{"type":"Point","coordinates":[-3.1932,47.7933]},"surface":602.71,"population":1494,"departement":{"code":"56","nom":"Morbihan"},"region":{"code":"53","nom":"Bretagne"}},{"nom":"Brandivy","code":"56022","codesPostaux":["56390"],"centre":{"type":"Point","coordinates":[-2.9164,47.7828]},"surface":2605.84,"population":1466,"departement":{"code":"56","nom":"Morbihan"},"region":{"code":"53","nom":"Bretagne"}},{"nom":"Brech","code":"56023","codesPostaux":["56400"],"centre":{"type":"Point","coordinates":[-3.0264,47.7069]},"surface":3985.32,"population":7052,"departement":{"code":"56","nom":"Morbihan"},"region":{"code":"53","nom":"Bretagne"}},{"nom":"Bréhan","code":"56024","codesPostaux":["56580"],"centre":{"type":"Point","coordinates":[-2.694,48.0705]},"surface":5164.88,"population":2306,"departement":{"code":"56","nom":"Morbihan"},"region":{"code":"53","nom":"Bretagne"}},{"nom":"Brignac","code":"56025","codesPostaux":["56430"],"centre":{"type":"Point","coordinates":[-2.3932,48.1129]},"surface":1323.66,"population":200,"departement":{"code":"56","nom":"Morbihan"},"region":{"code":"53","nom":"Bretagne"}},{"nom":"Bubry","code":"56026","codesPostaux":["56310"],"centre":{"type":"Point","coordinates":[-3.1743,47.9706]},"surface":6915.95,"population":2242,"departement":{"code":"56","nom":"Morbihan"},"region":{"code":"53","nom":"Bretagne"}},{"nom":"Buléon","code":"56027","codesPostaux":["56420"],"centre":{"type":"Point","coordinates":[-2.6757,47.9216]},"surface":1238.04,"population":547,"departement":{"code":"56","nom":"Morbihan"},"region":{"code":"53","nom":"Bretagne"}},{"nom":"Caden","code":"56028","codesPostaux":["56220"],"centre":{"type":"Point","coordinates":[-2.2963,47.6353]},"surface":3817.94,"population":1641,"departement":{"code":"56","nom":"Morbihan"},"region":{"code":"53","nom":"Bretagne"}},{"nom":"Calan","code":"56029","codesPostaux":["56240"],"centre":{"type":"Point","coordinates":[-3.3076,47.8779]},"surface":1223.81,"population":1277,"departement":{"code":"56","nom":"Morbihan"},"region":{"code":"53","nom":"Bretagne"}},{"nom":"Camoël","code":"56030","codesPostaux":["56130"],"centre":{"type":"Point","coordinates":[-2.3996,47.4787]},"surface":1351.99,"population":1183,"departement":{"code":"56","nom":"Morbihan"},"region":{"code":"53","nom":"Bretagne"}},{"nom":"Camors","code":"56031","codesPostaux":["56330"],"centre":{"type":"Point","coordinates":[-3.0016,47.8293]},"surface":3709.61,"population":3260,"departement":{"code":"56","nom":"Morbihan"},"region":{"code":"53","nom":"Bretagne"}},{"nom":"Campénéac","code":"56032","codesPostaux":["56800"],"centre":{"type":"Point","coordinates":[-2.279,47.9608]},"surface":6079.75,"population":1991,"departement":{"code":"56","nom":"Morbihan"},"region":{"code":"53","nom":"Bretagne"}},{"nom":"Carentoir","code":"56033","codesPostaux":["56910"],"centre":{"type":"Point","coordinates":[-2.1227,47.8239]},"surface":7316.62,"population":3232,"departement":{"code":"56","nom":"Morbihan"},"region":{"code":"53","nom":"Bretagne"}},{"nom":"Carnac","code":"56034","codesPostaux":["56340"],"centre":{"type":"Point","coordinates":[-3.0664,47.6034]},"surface":3367.88,"population":4194,"departement":{"code":"56","nom":"Morbihan"},"region":{"code":"53","nom":"Bretagne"}},{"nom":"Caro","code":"56035","codesPostaux":["56140"],"centre":{"type":"Point","coordinates":[-2.3349,47.8652]},"surface":3816.37,"population":1126,"departement":{"code":"56","nom":"Morbihan"},"region":{"code":"53","nom":"Bretagne"}},{"nom":"Caudan","code":"56036","codesPostaux":["56850"],"centre":{"type":"Point","coordinates":[-3.3383,47.8099]},"surface":4302.5,"population":7206,"departement":{"code":"56","nom":"Morbihan"},"region":{"code":"53","nom":"Bretagne"}},{"nom":"La Chapelle-Neuve","code":"56039","codesPostaux":["56500"],"centre":{"type":"Point","coordinates":[-2.9351,47.855]},"surface":2183.89,"population":1001,"departement":{"code":"56","nom":"Morbihan"},"region":{"code":"53","nom":"Bretagne"}},{"nom":"Cléguer","code":"56040","codesPostaux":["56620"],"centre":{"type":"Point","coordinates":[-3.36,47.8624]},"surface":3251.32,"population":3460,"departement":{"code":"56","nom":"Morbihan"},"region":{"code":"53","nom":"Bretagne"}},{"nom":"Cléguérec","code":"56041","codesPostaux":["56480"],"centre":{"type":"Point","coordinates":[-3.0649,48.1275]},"surface":6316.95,"population":2885,"departement":{"code":"56","nom":"Morbihan"},"region":{"code":"53","nom":"Bretagne"}},{"nom":"Colpo","code":"56042","codesPostaux":["56390"],"centre":{"type":"Point","coordinates":[-2.8108,47.8169]},"surface":2665.59,"population":2296,"departement":{"code":"56","nom":"Morbihan"},"region":{"code":"53","nom":"Bretagne"}},{"nom":"Concoret","code":"56043","codesPostaux":["56430"],"centre":{"type":"Point","coordinates":[-2.2133,48.0655]},"surface":1582.07,"population":758,"departement":{"code":"56","nom":"Morbihan"},"region":{"code":"53","nom":"Bretagne"}},{"nom":"Cournon","code":"56044","codesPostaux":["56200"],"centre":{"type":"Point","coordinates":[-2.0991,47.7494]},"surface":1098.27,"population":812,"departement":{"code":"56","nom":"Morbihan"},"region":{"code":"53","nom":"Bretagne"}},{"nom":"Le Cours","code":"56045","codesPostaux":["56230"],"centre":{"type":"Point","coordinates":[-2.5074,47.749]},"surface":1573.31,"population":697,"departement":{"code":"56","nom":"Morbihan"},"region":{"code":"53","nom":"Bretagne"}},{"nom":"Crach","code":"56046","codesPostaux":["56950"],"centre":{"type":"Point","coordinates":[-2.9949,47.6307]},"surface":3171.64,"population":3423,"departement":{"code":"56","nom":"Morbihan"},"region":{"code":"53","nom":"Bretagne"}},{"nom":"Crédin","code":"56047","codesPostaux":["56580"],"centre":{"type":"Point","coordinates":[-2.7586,48.0356]},"surface":3370.42,"population":1483,"departement":{"code":"56","nom":"Morbihan"},"region":{"code":"53","nom":"Bretagne"}},{"nom":"Le Croisty","code":"56048","codesPostaux":["56540"],"centre":{"type":"Point","coordinates":[-3.3735,48.0592]},"surface":1595.71,"population":739,"departement":{"code":"56","nom":"Morbihan"},"region":{"code":"53","nom":"Bretagne"}},{"nom":"La Croix-Helléan","code":"56050","codesPostaux":["56120"],"centre":{"type":"Point","coordinates":[-2.5123,47.9652]},"surface":1453.42,"population":892,"departement":{"code":"56","nom":"Morbihan"},"region":{"code":"53","nom":"Bretagne"}},{"nom":"Cruguel","code":"56051","codesPostaux":["56420"],"centre":{"type":"Point","coordinates":[-2.5891,47.8829]},"surface":1737.92,"population":664,"departement":{"code":"56","nom":"Morbihan"},"region":{"code":"53","nom":"Bretagne"}},{"nom":"Damgan","code":"56052","codesPostaux":["56750"],"centre":{"type":"Point","coordinates":[-2.589,47.521]},"surface":1229.48,"population":1943,"departement":{"code":"56","nom":"Morbihan"},"region":{"code":"53","nom":"Bretagne"}},{"nom":"Elven","code":"56053","codesPostaux":["56250"],"centre":{"type":"Point","coordinates":[-2.5955,47.7319]},"surface":6430.71,"population":6651,"departement":{"code":"56","nom":"Morbihan"},"region":{"code":"53","nom":"Bretagne"}},{"nom":"Erdeven","code":"56054","codesPostaux":["56410"],"centre":{"type":"Point","coordinates":[-3.1568,47.6358]},"surface":3050.96,"population":4008,"departement":{"code":"56","nom":"Morbihan"},"region":{"code":"53","nom":"Bretagne"}},{"nom":"Étel","code":"56055","codesPostaux":["56410"],"centre":{"type":"Point","coordinates":[-3.1961,47.6569]},"surface":186.7,"population":2074,"departement":{"code":"56","nom":"Morbihan"},"region":{"code":"53","nom":"Bretagne"}},{"nom":"Évriguet","code":"56056","codesPostaux":["56490"],"centre":{"type":"Point","coordinates":[-2.4039,48.0824]},"surface":495.35,"population":210,"departement":{"code":"56","nom":"Morbihan"},"region":{"code":"53","nom":"Bretagne"}},{"nom":"Le Faouët","code":"56057","codesPostaux":["56320"],"centre":{"type":"Point","coordinates":[-3.5111,48.0425]},"surface":3504.28,"population":2814,"departement":{"code":"56","nom":"Morbihan"},"region":{"code":"53","nom":"Bretagne"}},{"nom":"Férel","code":"56058","codesPostaux":["56130"],"centre":{"type":"Point","coordinates":[-2.3385,47.4865]},"surface":3011.91,"population":3499,"departement":{"code":"56","nom":"Morbihan"},"region":{"code":"53","nom":"Bretagne"}},{"nom":"Les Fougerêts","code":"56060","codesPostaux":["56200"],"centre":{"type":"Point","coordinates":[-2.1945,47.75]},"surface":2002.53,"population":970,"departement":{"code":"56","nom":"Morbihan"},"region":{"code":"53","nom":"Bretagne"}},{"nom":"La Gacilly","code":"56061","codesPostaux":["56200"],"centre":{"type":"Point","coordinates":[-2.136,47.7609]},"surface":3804.35,"population":3995,"departement":{"code":"56","nom":"Morbihan"},"region":{"code":"53","nom":"Bretagne"}},{"nom":"Gâvres","code":"56062","codesPostaux":["56680"],"centre":{"type":"Point","coordinates":[-3.3305,47.6948]},"surface":185.62,"population":696,"departement":{"code":"56","nom":"Morbihan"},"region":{"code":"53","nom":"Bretagne"}},{"nom":"Gestel","code":"56063","codesPostaux":["56530"],"centre":{"type":"Point","coordinates":[-3.4368,47.8092]},"surface":625.07,"population":2601,"departement":{"code":"56","nom":"Morbihan"},"region":{"code":"53","nom":"Bretagne"}},{"nom":"Gourhel","code":"56065","codesPostaux":["56800"],"centre":{"type":"Point","coordinates":[-2.3579,47.9393]},"surface":282.69,"population":711,"departement":{"code":"56","nom":"Morbihan"},"region":{"code":"53","nom":"Bretagne"}},{"nom":"Gourin","code":"56066","codesPostaux":["56110"],"centre":{"type":"Point","coordinates":[-3.5996,48.1311]},"surface":7507.36,"population":3960,"departement":{"code":"56","nom":"Morbihan"},"region":{"code":"53","nom":"Bretagne"}},{"nom":"Grand-Champ","code":"56067","codesPostaux":["56390"],"centre":{"type":"Point","coordinates":[-2.8509,47.762]},"surface":6729.68,"population":5929,"departement":{"code":"56","nom":"Morbihan"},"region":{"code":"53","nom":"Bretagne"}},{"nom":"La Grée-Saint-Laurent","code":"56068","codesPostaux":["56120"],"centre":{"type":"Point","coordinates":[-2.5041,48.0023]},"surface":793.12,"population":304,"departement":{"code":"56","nom":"Morbihan"},"region":{"code":"53","nom":"Bretagne"}},{"nom":"Groix","code":"56069","codesPostaux":["56590"],"centre":{"type":"Point","coordinates":[-3.4654,47.6369]},"surface":1518.73,"population":2310,"departement":{"code":"56","nom":"Morbihan"},"region":{"code":"53","nom":"Bretagne"}},{"nom":"Guégon","code":"56070","codesPostaux":["56120"],"centre":{"type":"Point","coordinates":[-2.5903,47.925]},"surface":5347.51,"population":2365,"departement":{"code":"56","nom":"Morbihan"},"region":{"code":"53","nom":"Bretagne"}},{"nom":"Guéhenno","code":"56071","codesPostaux":["56420"],"centre":{"type":"Point","coordinates":[-2.6534,47.8868]},"surface":2327.03,"population":814,"departement":{"code":"56","nom":"Morbihan"},"region":{"code":"53","nom":"Bretagne"}},{"nom":"Gueltas","code":"56072","codesPostaux":["56920"],"centre":{"type":"Point","coordinates":[-2.8129,48.0874]},"surface":2077.38,"population":551,"departement":{"code":"56","nom":"Morbihan"},"region":{"code":"53","nom":"Bretagne"}},{"nom":"Guémené-sur-Scorff","code":"56073","codesPostaux":["56160"],"centre":{"type":"Point","coordinates":[-3.2051,48.0665]},"surface":118.28,"population":1175,"departement":{"code":"56","nom":"Morbihan"},"region":{"code":"53","nom":"Bretagne"}},{"nom":"Guénin","code":"56074","codesPostaux":["56150"],"centre":{"type":"Point","coordinates":[-2.9669,47.9007]},"surface":2887.42,"population":1921,"departement":{"code":"56","nom":"Morbihan"},"region":{"code":"53","nom":"Bretagne"}},{"nom":"Guer","code":"56075","codesPostaux":["56380"],"centre":{"type":"Point","coordinates":[-2.1281,47.905]},"surface":5224.1,"population":6208,"departement":{"code":"56","nom":"Morbihan"},"region":{"code":"53","nom":"Bretagne"}},{"nom":"Guern","code":"56076","codesPostaux":["56310"],"centre":{"type":"Point","coordinates":[-3.0947,48.0383]},"surface":4707.2,"population":1411,"departement":{"code":"56","nom":"Morbihan"},"region":{"code":"53","nom":"Bretagne"}},{"nom":"Le Guerno","code":"56077","codesPostaux":["56190"],"centre":{"type":"Point","coordinates":[-2.4006,47.5935]},"surface":968.13,"population":989,"departement":{"code":"56","nom":"Morbihan"},"region":{"code":"53","nom":"Bretagne"}},{"nom":"Guidel","code":"56078","codesPostaux":["56520"],"centre":{"type":"Point","coordinates":[-3.4906,47.7938]},"surface":5318.3,"population":12338,"departement":{"code":"56","nom":"Morbihan"},"region":{"code":"53","nom":"Bretagne"}},{"nom":"Guillac","code":"56079","codesPostaux":["56800"],"centre":{"type":"Point","coordinates":[-2.4861,47.9188]},"surface":2196.83,"population":1396,"departement":{"code":"56","nom":"Morbihan"},"region":{"code":"53","nom":"Bretagne"}},{"nom":"Guilliers","code":"56080","codesPostaux":["56490"],"centre":{"type":"Point","coordinates":[-2.4143,48.049]},"surface":3508.88,"population":1368,"departement":{"code":"56","nom":"Morbihan"},"region":{"code":"53","nom":"Bretagne"}},{"nom":"Guiscriff","code":"56081","codesPostaux":["56560"],"centre":{"type":"Point","coordinates":[-3.62,48.0391]},"surface":8460.22,"population":2037,"departement":{"code":"56","nom":"Morbihan"},"region":{"code":"53","nom":"Bretagne"}},{"nom":"Helléan","code":"56082","codesPostaux":["56120"],"centre":{"type":"Point","coordinates":[-2.4808,47.9676]},"surface":793.6,"population":395,"departement":{"code":"56","nom":"Morbihan"},"region":{"code":"53","nom":"Bretagne"}},{"nom":"Hennebont","code":"56083","codesPostaux":["56700"],"centre":{"type":"Point","coordinates":[-3.2694,47.8053]},"surface":1878.58,"population":15910,"departement":{"code":"56","nom":"Morbihan"},"region":{"code":"53","nom":"Bretagne"}},{"nom":"Le Hézo","code":"56084","codesPostaux":["56450"],"centre":{"type":"Point","coordinates":[-2.6859,47.5789]},"surface":542.93,"population":930,"departement":{"code":"56","nom":"Morbihan"},"region":{"code":"53","nom":"Bretagne"}},{"nom":"Hœdic","code":"56085","codesPostaux":["56170"],"centre":{"type":"Point","coordinates":[-2.862,47.3364]},"surface":219.69,"population":104,"departement":{"code":"56","nom":"Morbihan"},"region":{"code":"53","nom":"Bretagne"}},{"nom":"Île-d'Houat","code":"56086","codesPostaux":["56170"],"centre":{"type":"Point","coordinates":[-2.9762,47.3865]},"surface":330.81,"population":219,"departement":{"code":"56","nom":"Morbihan"},"region":{"code":"53","nom":"Bretagne"}},{"nom":"Île-aux-Moines","code":"56087","codesPostaux":["56780"],"centre":{"type":"Point","coordinates":[-2.8511,47.5842]},"surface":328.69,"population":630,"departement":{"code":"56","nom":"Morbihan"},"region":{"code":"53","nom":"Bretagne"}},{"nom":"Île-d'Arz","code":"56088","codesPostaux":["56840"],"centre":{"type":"Point","coordinates":[-2.799,47.5879]},"surface":321.55,"population":321,"departement":{"code":"56","nom":"Morbihan"},"region":{"code":"53","nom":"Bretagne"}},{"nom":"Inguiniel","code":"56089","codesPostaux":["56240"],"centre":{"type":"Point","coordinates":[-3.2712,47.9514]},"surface":5138.34,"population":2188,"departement":{"code":"56","nom":"Morbihan"},"region":{"code":"53","nom":"Bretagne"}},{"nom":"Inzinzac-Lochrist","code":"56090","codesPostaux":["56650"],"centre":{"type":"Point","coordinates":[-3.2568,47.8599]},"surface":4492.8,"population":6691,"departement":{"code":"56","nom":"Morbihan"},"region":{"code":"53","nom":"Bretagne"}},{"nom":"Josselin","code":"56091","codesPostaux":["56120"],"centre":{"type":"Point","coordinates":[-2.5517,47.9548]},"surface":446.21,"population":2584,"departement":{"code":"56","nom":"Morbihan"},"region":{"code":"53","nom":"Bretagne"}},{"nom":"Kerfourn","code":"56092","codesPostaux":["56920"],"centre":{"type":"Point","coordinates":[-2.8402,48.0466]},"surface":1945.69,"population":852,"departement":{"code":"56","nom":"Morbihan"},"region":{"code":"53","nom":"Bretagne"}},{"nom":"Kergrist","code":"56093","codesPostaux":["56300"],"centre":{"type":"Point","coordinates":[-2.9292,48.1454]},"surface":2979.24,"population":714,"departement":{"code":"56","nom":"Morbihan"},"region":{"code":"53","nom":"Bretagne"}},{"nom":"Kervignac","code":"56094","codesPostaux":["56700"],"centre":{"type":"Point","coordinates":[-3.2573,47.7722]},"surface":3932.97,"population":7204,"departement":{"code":"56","nom":"Morbihan"},"region":{"code":"53","nom":"Bretagne"}},{"nom":"Landaul","code":"56096","codesPostaux":["56690"],"centre":{"type":"Point","coordinates":[-3.1038,47.7408]},"surface":1812.71,"population":2516,"departement":{"code":"56","nom":"Morbihan"},"region":{"code":"53","nom":"Bretagne"}},{"nom":"Landévant","code":"56097","codesPostaux":["56690"],"centre":{"type":"Point","coordinates":[-3.1161,47.7715]},"surface":2268.39,"population":4056,"departement":{"code":"56","nom":"Morbihan"},"region":{"code":"53","nom":"Bretagne"}},{"nom":"Lanester","code":"56098","codesPostaux":["56600"],"centre":{"type":"Point","coordinates":[-3.326,47.7686]},"surface":1667.88,"population":23263,"departement":{"code":"56","nom":"Morbihan"},"region":{"code":"53","nom":"Bretagne"}},{"nom":"Langoëlan","code":"56099","codesPostaux":["56160"],"centre":{"type":"Point","coordinates":[-3.2354,48.1175]},"surface":2260.58,"population":403,"departement":{"code":"56","nom":"Morbihan"},"region":{"code":"53","nom":"Bretagne"}},{"nom":"Langonnet","code":"56100","codesPostaux":["56630"],"centre":{"type":"Point","coordinates":[-3.4823,48.1291]},"surface":8621.23,"population":1930,"departement":{"code":"56","nom":"Morbihan"},"region":{"code":"53","nom":"Bretagne"}},{"nom":"Languidic","code":"56101","codesPostaux":["56440"],"centre":{"type":"Point","coordinates":[-3.1485,47.8295]},"surface":10552.2,"population":8042,"departement":{"code":"56","nom":"Morbihan"},"region":{"code":"53","nom":"Bretagne"}},{"nom":"Forges de Lanouée","code":"56102","codesPostaux":["56120"],"centre":{"type":"Point","coordinates":[-2.5781,48.0144]},"surface":9733.51,"population":2253,"departement":{"code":"56","nom":"Morbihan"},"region":{"code":"53","nom":"Bretagne"}},{"nom":"Lantillac","code":"56103","codesPostaux":["56120"],"centre":{"type":"Point","coordinates":[-2.6576,47.9513]},"surface":777.52,"population":296,"departement":{"code":"56","nom":"Morbihan"},"region":{"code":"53","nom":"Bretagne"}},{"nom":"Lanvaudan","code":"56104","codesPostaux":["56240"],"centre":{"type":"Point","coordinates":[-3.2479,47.8903]},"surface":1822.78,"population":808,"departement":{"code":"56","nom":"Morbihan"},"region":{"code":"53","nom":"Bretagne"}},{"nom":"Lanvénégen","code":"56105","codesPostaux":["56320"],"centre":{"type":"Point","coordinates":[-3.5334,48.0048]},"surface":3034.43,"population":1145,"departement":{"code":"56","nom":"Morbihan"},"region":{"code":"53","nom":"Bretagne"}},{"nom":"Larmor-Baden","code":"56106","codesPostaux":["56870"],"centre":{"type":"Point","coordinates":[-2.8995,47.5863]},"surface":397.34,"population":917,"departement":{"code":"56","nom":"Morbihan"},"region":{"code":"53","nom":"Bretagne"}},{"nom":"Larmor-Plage","code":"56107","codesPostaux":["56260"],"centre":{"type":"Point","coordinates":[-3.3913,47.7161]},"surface":832.25,"population":8418,"departement":{"code":"56","nom":"Morbihan"},"region":{"code":"53","nom":"Bretagne"}},{"nom":"Larré","code":"56108","codesPostaux":["56230"],"centre":{"type":"Point","coordinates":[-2.4897,47.7124]},"surface":1716.67,"population":1104,"departement":{"code":"56","nom":"Morbihan"},"region":{"code":"53","nom":"Bretagne"}},{"nom":"Lauzach","code":"56109","codesPostaux":["56190"],"centre":{"type":"Point","coordinates":[-2.5553,47.6131]},"surface":1087.74,"population":1264,"departement":{"code":"56","nom":"Morbihan"},"region":{"code":"53","nom":"Bretagne"}},{"nom":"Lignol","code":"56110","codesPostaux":["56160"],"centre":{"type":"Point","coordinates":[-3.2697,48.0248]},"surface":3864.07,"population":861,"departement":{"code":"56","nom":"Morbihan"},"region":{"code":"53","nom":"Bretagne"}},{"nom":"Limerzel","code":"56111","codesPostaux":["56220"],"centre":{"type":"Point","coordinates":[-2.36,47.6391]},"surface":2523.48,"population":1370,"departement":{"code":"56","nom":"Morbihan"},"region":{"code":"53","nom":"Bretagne"}},{"nom":"Lizio","code":"56112","codesPostaux":["56460"],"centre":{"type":"Point","coordinates":[-2.525,47.8662]},"surface":1693.29,"population":840,"departement":{"code":"56","nom":"Morbihan"},"region":{"code":"53","nom":"Bretagne"}},{"nom":"Locmalo","code":"56113","codesPostaux":["56160"],"centre":{"type":"Point","coordinates":[-3.1824,48.0626]},"surface":2419.04,"population":890,"departement":{"code":"56","nom":"Morbihan"},"region":{"code":"53","nom":"Bretagne"}},{"nom":"Locmaria","code":"56114","codesPostaux":["56360"],"centre":{"type":"Point","coordinates":[-3.1071,47.3012]},"surface":2073.99,"population":978,"departement":{"code":"56","nom":"Morbihan"},"region":{"code":"53","nom":"Bretagne"}},{"nom":"Locmaria-Grand-Champ","code":"56115","codesPostaux":["56390"],"centre":{"type":"Point","coordinates":[-2.7899,47.76]},"surface":1413.64,"population":1855,"departement":{"code":"56","nom":"Morbihan"},"region":{"code":"53","nom":"Bretagne"}},{"nom":"Locmariaquer","code":"56116","codesPostaux":["56740"],"centre":{"type":"Point","coordinates":[-2.9592,47.5802]},"surface":1117.09,"population":1577,"departement":{"code":"56","nom":"Morbihan"},"region":{"code":"53","nom":"Bretagne"}},{"nom":"Locminé","code":"56117","codesPostaux":["56500"],"centre":{"type":"Point","coordinates":[-2.8384,47.8803]},"surface":486.72,"population":4773,"departement":{"code":"56","nom":"Morbihan"},"region":{"code":"53","nom":"Bretagne"}},{"nom":"Locmiquélic","code":"56118","codesPostaux":["56570"],"centre":{"type":"Point","coordinates":[-3.326,47.7303]},"surface":412.8,"population":4093,"departement":{"code":"56","nom":"Morbihan"},"region":{"code":"53","nom":"Bretagne"}},{"nom":"Locoal-Mendon","code":"56119","codesPostaux":["56550"],"centre":{"type":"Point","coordinates":[-3.1084,47.6972]},"surface":4476.16,"population":3530,"departement":{"code":"56","nom":"Morbihan"},"region":{"code":"53","nom":"Bretagne"}},{"nom":"Locqueltas","code":"56120","codesPostaux":["56390"],"centre":{"type":"Point","coordinates":[-2.7616,47.7654]},"surface":1952.78,"population":2031,"departement":{"code":"56","nom":"Morbihan"},"region":{"code":"53","nom":"Bretagne"}},{"nom":"Lorient","code":"56121","codesPostaux":["56100"],"centre":{"type":"Point","coordinates":[-3.3799,47.7494]},"surface":1500.04,"population":58329,"departement":{"code":"56","nom":"Morbihan"},"region":{"code":"53","nom":"Bretagne"}},{"nom":"Loyat","code":"56122","codesPostaux":["56800"],"centre":{"type":"Point","coordinates":[-2.3746,47.994]},"surface":4172.34,"population":1750,"departement":{"code":"56","nom":"Morbihan"},"region":{"code":"53","nom":"Bretagne"}},{"nom":"Malansac","code":"56123","codesPostaux":["56220"],"centre":{"type":"Point","coordinates":[-2.3091,47.6887]},"surface":3633.81,"population":2339,"departement":{"code":"56","nom":"Morbihan"},"region":{"code":"53","nom":"Bretagne"}},{"nom":"Malestroit","code":"56124","codesPostaux":["56140"],"centre":{"type":"Point","coordinates":[-2.3867,47.8076]},"surface":586.81,"population":2558,"departement":{"code":"56","nom":"Morbihan"},"region":{"code":"53","nom":"Bretagne"}},{"nom":"Malguénac","code":"56125","codesPostaux":["56300"],"centre":{"type":"Point","coordinates":[-3.0593,48.0669]},"surface":3845.34,"population":1857,"departement":{"code":"56","nom":"Morbihan"},"region":{"code":"53","nom":"Bretagne"}},{"nom":"Marzan","code":"56126","codesPostaux":["56130"],"centre":{"type":"Point","coordinates":[-2.3599,47.5441]},"surface":3420.21,"population":2684,"departement":{"code":"56","nom":"Morbihan"},"region":{"code":"53","nom":"Bretagne"}},{"nom":"Mauron","code":"56127","codesPostaux":["56430"],"centre":{"type":"Point","coordinates":[-2.3094,48.0839]},"surface":6712.41,"population":3163,"departement":{"code":"56","nom":"Morbihan"},"region":{"code":"53","nom":"Bretagne"}},{"nom":"Melrand","code":"56128","codesPostaux":["56310"],"centre":{"type":"Point","coordinates":[-3.1005,47.9732]},"surface":4076.25,"population":1598,"departement":{"code":"56","nom":"Morbihan"},"region":{"code":"53","nom":"Bretagne"}},{"nom":"Ménéac","code":"56129","codesPostaux":["56490"],"centre":{"type":"Point","coordinates":[-2.4546,48.1247]},"surface":6867.65,"population":1476,"departement":{"code":"56","nom":"Morbihan"},"region":{"code":"53","nom":"Bretagne"}},{"nom":"Merlevenez","code":"56130","codesPostaux":["56700"],"centre":{"type":"Point","coordinates":[-3.2429,47.7302]},"surface":1774.42,"population":3174,"departement":{"code":"56","nom":"Morbihan"},"region":{"code":"53","nom":"Bretagne"}},{"nom":"Meslan","code":"56131","codesPostaux":["56320"],"centre":{"type":"Point","coordinates":[-3.4492,47.9859]},"surface":3848.08,"population":1479,"departement":{"code":"56","nom":"Morbihan"},"region":{"code":"53","nom":"Bretagne"}},{"nom":"Meucon","code":"56132","codesPostaux":["56890"],"centre":{"type":"Point","coordinates":[-2.7731,47.7242]},"surface":576.37,"population":2280,"departement":{"code":"56","nom":"Morbihan"},"region":{"code":"53","nom":"Bretagne"}},{"nom":"Missiriac","code":"56133","codesPostaux":["56140"],"centre":{"type":"Point","coordinates":[-2.3598,47.821]},"surface":1348.91,"population":1195,"departement":{"code":"56","nom":"Morbihan"},"region":{"code":"53","nom":"Bretagne"}},{"nom":"Mohon","code":"56134","codesPostaux":["56490"],"centre":{"type":"Point","coordinates":[-2.495,48.0643]},"surface":3866.61,"population":991,"departement":{"code":"56","nom":"Morbihan"},"region":{"code":"53","nom":"Bretagne"}},{"nom":"Molac","code":"56135","codesPostaux":["56230"],"centre":{"type":"Point","coordinates":[-2.4406,47.7354]},"surface":2857.19,"population":1633,"departement":{"code":"56","nom":"Morbihan"},"region":{"code":"53","nom":"Bretagne"}},{"nom":"Monteneuf","code":"56136","codesPostaux":["56380"],"centre":{"type":"Point","coordinates":[-2.1919,47.881]},"surface":2964.82,"population":763,"departement":{"code":"56","nom":"Morbihan"},"region":{"code":"53","nom":"Bretagne"}},{"nom":"Monterblanc","code":"56137","codesPostaux":["56250"],"centre":{"type":"Point","coordinates":[-2.7034,47.7345]},"surface":2553.17,"population":3356,"departement":{"code":"56","nom":"Morbihan"},"region":{"code":"53","nom":"Bretagne"}},{"nom":"Montertelot","code":"56139","codesPostaux":["56800"],"centre":{"type":"Point","coordinates":[-2.4111,47.8847]},"surface":264.66,"population":375,"departement":{"code":"56","nom":"Morbihan"},"region":{"code":"53","nom":"Bretagne"}},{"nom":"Moréac","code":"56140","codesPostaux":["56500"],"centre":{"type":"Point","coordinates":[-2.8001,47.9306]},"surface":6031.94,"population":3704,"departement":{"code":"56","nom":"Morbihan"},"region":{"code":"53","nom":"Bretagne"}},{"nom":"Moustoir-Ac","code":"56141","codesPostaux":["56500"],"centre":{"type":"Point","coordinates":[-2.8571,47.844]},"surface":3390.73,"population":1775,"departement":{"code":"56","nom":"Morbihan"},"region":{"code":"53","nom":"Bretagne"}},{"nom":"Muzillac","code":"56143","codesPostaux":["56190"],"centre":{"type":"Point","coordinates":[-2.4741,47.5484]},"surface":3807.16,"population":5089,"departement":{"code":"56","nom":"Morbihan"},"region":{"code":"53","nom":"Bretagne"}},{"nom":"Évellys","code":"56144","codesPostaux":["56500"],"centre":{"type":"Point","coordinates":[-2.8675,47.9714]},"surface":8062.59,"population":3379,"departement":{"code":"56","nom":"Morbihan"},"region":{"code":"53","nom":"Bretagne"}},{"nom":"Néant-sur-Yvel","code":"56145","codesPostaux":["56430"],"centre":{"type":"Point","coordinates":[-2.331,48.0208]},"surface":3261.52,"population":1045,"departement":{"code":"56","nom":"Morbihan"},"region":{"code":"53","nom":"Bretagne"}},{"nom":"Neulliac","code":"56146","codesPostaux":["56300"],"centre":{"type":"Point","coordinates":[-2.9614,48.1247]},"surface":3110.52,"population":1482,"departement":{"code":"56","nom":"Morbihan"},"region":{"code":"53","nom":"Bretagne"}},{"nom":"Nivillac","code":"56147","codesPostaux":["56130"],"centre":{"type":"Point","coordinates":[-2.2527,47.5404]},"surface":5579.86,"population":4951,"departement":{"code":"56","nom":"Morbihan"},"region":{"code":"53","nom":"Bretagne"}},{"nom":"Nostang","code":"56148","codesPostaux":["56690"],"centre":{"type":"Point","coordinates":[-3.1755,47.7509]},"surface":1723.98,"population":1676,"departement":{"code":"56","nom":"Morbihan"},"region":{"code":"53","nom":"Bretagne"}},{"nom":"Noyal-Muzillac","code":"56149","codesPostaux":["56190"],"centre":{"type":"Point","coordinates":[-2.4614,47.5946]},"surface":4931.34,"population":2548,"departement":{"code":"56","nom":"Morbihan"},"region":{"code":"53","nom":"Bretagne"}},{"nom":"Noyal-Pontivy","code":"56151","codesPostaux":["56920"],"centre":{"type":"Point","coordinates":[-2.8786,48.0544]},"surface":5347.81,"population":3606,"departement":{"code":"56","nom":"Morbihan"},"region":{"code":"53","nom":"Bretagne"}},{"nom":"Le Palais","code":"56152","codesPostaux":["56360"],"centre":{"type":"Point","coordinates":[-3.1664,47.3407]},"surface":1748.43,"population":2599,"departement":{"code":"56","nom":"Morbihan"},"region":{"code":"53","nom":"Bretagne"}},{"nom":"Péaule","code":"56153","codesPostaux":["56130"],"centre":{"type":"Point","coordinates":[-2.3376,47.5843]},"surface":3924.38,"population":2929,"departement":{"code":"56","nom":"Morbihan"},"region":{"code":"53","nom":"Bretagne"}},{"nom":"Peillac","code":"56154","codesPostaux":["56220"],"centre":{"type":"Point","coordinates":[-2.2174,47.7169]},"surface":2452.04,"population":1873,"departement":{"code":"56","nom":"Morbihan"},"region":{"code":"53","nom":"Bretagne"}},{"nom":"Pénestin","code":"56155","codesPostaux":["56760"],"centre":{"type":"Point","coordinates":[-2.4619,47.468]},"surface":2155.63,"population":2085,"departement":{"code":"56","nom":"Morbihan"},"region":{"code":"53","nom":"Bretagne"}},{"nom":"Persquen","code":"56156","codesPostaux":["56160"],"centre":{"type":"Point","coordinates":[-3.2174,48.0131]},"surface":2011.05,"population":365,"departement":{"code":"56","nom":"Morbihan"},"region":{"code":"53","nom":"Bretagne"}},{"nom":"Plaudren","code":"56157","codesPostaux":["56420"],"centre":{"type":"Point","coordinates":[-2.6894,47.7856]},"surface":4113.62,"population":1978,"departement":{"code":"56","nom":"Morbihan"},"region":{"code":"53","nom":"Bretagne"}},{"nom":"Plescop","code":"56158","codesPostaux":["56890"],"centre":{"type":"Point","coordinates":[-2.8318,47.6972]},"surface":2345.07,"population":6362,"departement":{"code":"56","nom":"Morbihan"},"region":{"code":"53","nom":"Bretagne"}},{"nom":"Pleucadeuc","code":"56159","codesPostaux":["56140"],"centre":{"type":"Point","coordinates":[-2.3918,47.7722]},"surface":3503.92,"population":1866,"departement":{"code":"56","nom":"Morbihan"},"region":{"code":"53","nom":"Bretagne"}},{"nom":"Pleugriffet","code":"56160","codesPostaux":["56120"],"centre":{"type":"Point","coordinates":[-2.6896,47.9924]},"surface":3854.68,"population":1281,"departement":{"code":"56","nom":"Morbihan"},"region":{"code":"53","nom":"Bretagne"}},{"nom":"Ploemel","code":"56161","codesPostaux":["56400"],"centre":{"type":"Point","coordinates":[-3.0754,47.6629]},"surface":2542.64,"population":3175,"departement":{"code":"56","nom":"Morbihan"},"region":{"code":"53","nom":"Bretagne"}},{"nom":"Ploemeur","code":"56162","codesPostaux":["56270"],"centre":{"type":"Point","coordinates":[-3.4486,47.7312]},"surface":3983.88,"population":18872,"departement":{"code":"56","nom":"Morbihan"},"region":{"code":"53","nom":"Bretagne"}},{"nom":"Ploërdut","code":"56163","codesPostaux":["56160"],"centre":{"type":"Point","coordinates":[-3.2802,48.0979]},"surface":7620.34,"population":1255,"departement":{"code":"56","nom":"Morbihan"},"region":{"code":"53","nom":"Bretagne"}},{"nom":"Ploeren","code":"56164","codesPostaux":["56880"],"centre":{"type":"Point","coordinates":[-2.8394,47.6585]},"surface":2050.42,"population":6790,"departement":{"code":"56","nom":"Morbihan"},"region":{"code":"53","nom":"Bretagne"}},{"nom":"Ploërmel","code":"56165","codesPostaux":["56800"],"centre":{"type":"Point","coordinates":[-2.3769,47.9167]},"surface":5847.24,"population":10163,"departement":{"code":"56","nom":"Morbihan"},"region":{"code":"53","nom":"Bretagne"}},{"nom":"Plouay","code":"56166","codesPostaux":["56240"],"centre":{"type":"Point","coordinates":[-3.3455,47.9296]},"surface":6710.6,"population":5755,"departement":{"code":"56","nom":"Morbihan"},"region":{"code":"53","nom":"Bretagne"}},{"nom":"Plougoumelen","code":"56167","codesPostaux":["56400"],"centre":{"type":"Point","coordinates":[-2.8932,47.6589]},"surface":2188.53,"population":2664,"departement":{"code":"56","nom":"Morbihan"},"region":{"code":"53","nom":"Bretagne"}},{"nom":"Plouharnel","code":"56168","codesPostaux":["56340"],"centre":{"type":"Point","coordinates":[-3.1272,47.5934]},"surface":1895.58,"population":2285,"departement":{"code":"56","nom":"Morbihan"},"region":{"code":"53","nom":"Bretagne"}},{"nom":"Plouhinec","code":"56169","codesPostaux":["56680"],"centre":{"type":"Point","coordinates":[-3.2399,47.6909]},"surface":3703.14,"population":5400,"departement":{"code":"56","nom":"Morbihan"},"region":{"code":"53","nom":"Bretagne"}},{"nom":"Plouray","code":"56170","codesPostaux":["56770"],"centre":{"type":"Point","coordinates":[-3.3753,48.1333]},"surface":3928.59,"population":1060,"departement":{"code":"56","nom":"Morbihan"},"region":{"code":"53","nom":"Bretagne"}},{"nom":"Pluherlin","code":"56171","codesPostaux":["56220"],"centre":{"type":"Point","coordinates":[-2.3668,47.711]},"surface":3533.33,"population":1542,"departement":{"code":"56","nom":"Morbihan"},"region":{"code":"53","nom":"Bretagne"}},{"nom":"Plumelec","code":"56172","codesPostaux":["56420"],"centre":{"type":"Point","coordinates":[-2.6227,47.8237]},"surface":5844.73,"population":2754,"departement":{"code":"56","nom":"Morbihan"},"region":{"code":"53","nom":"Bretagne"}},{"nom":"Pluméliau-Bieuzy","code":"56173","codesPostaux":["56310","56930"],"centre":{"type":"Point","coordinates":[-2.9896,47.9726]},"surface":8736.34,"population":4632,"departement":{"code":"56","nom":"Morbihan"},"region":{"code":"53","nom":"Bretagne"}},{"nom":"Plumelin","code":"56174","codesPostaux":["56500"],"centre":{"type":"Point","coordinates":[-2.8843,47.8711]},"surface":3135.05,"population":2885,"departement":{"code":"56","nom":"Morbihan"},"region":{"code":"53","nom":"Bretagne"}},{"nom":"Plumergat","code":"56175","codesPostaux":["56400"],"centre":{"type":"Point","coordinates":[-2.9318,47.7264]},"surface":4219.39,"population":4207,"departement":{"code":"56","nom":"Morbihan"},"region":{"code":"53","nom":"Bretagne"}},{"nom":"Pluneret","code":"56176","codesPostaux":["56400"],"centre":{"type":"Point","coordinates":[-2.9373,47.6756]},"surface":2717.24,"population":6262,"departement":{"code":"56","nom":"Morbihan"},"region":{"code":"53","nom":"Bretagne"}},{"nom":"Pluvigner","code":"56177","codesPostaux":["56330"],"centre":{"type":"Point","coordinates":[-3.0204,47.7821]},"surface":8307.4,"population":7682,"departement":{"code":"56","nom":"Morbihan"},"region":{"code":"53","nom":"Bretagne"}},{"nom":"Pontivy","code":"56178","codesPostaux":["56300"],"centre":{"type":"Point","coordinates":[-2.9697,48.0663]},"surface":2508.6,"population":14640,"departement":{"code":"56","nom":"Morbihan"},"region":{"code":"53","nom":"Bretagne"}},{"nom":"Pont-Scorff","code":"56179","codesPostaux":["56620"],"centre":{"type":"Point","coordinates":[-3.422,47.8385]},"surface":2349.27,"population":4037,"departement":{"code":"56","nom":"Morbihan"},"region":{"code":"53","nom":"Bretagne"}},{"nom":"Porcaro","code":"56180","codesPostaux":["56380"],"centre":{"type":"Point","coordinates":[-2.1917,47.9204]},"surface":1559.36,"population":743,"departement":{"code":"56","nom":"Morbihan"},"region":{"code":"53","nom":"Bretagne"}},{"nom":"Port-Louis","code":"56181","codesPostaux":["56290"],"centre":{"type":"Point","coordinates":[-3.3517,47.7091]},"surface":121.76,"population":2608,"departement":{"code":"56","nom":"Morbihan"},"region":{"code":"53","nom":"Bretagne"}},{"nom":"Priziac","code":"56182","codesPostaux":["56320"],"centre":{"type":"Point","coordinates":[-3.4305,48.0593]},"surface":4582.39,"population":1037,"departement":{"code":"56","nom":"Morbihan"},"region":{"code":"53","nom":"Bretagne"}},{"nom":"Questembert","code":"56184","codesPostaux":["56230"],"centre":{"type":"Point","coordinates":[-2.4348,47.6643]},"surface":6566.33,"population":8133,"departement":{"code":"56","nom":"Morbihan"},"region":{"code":"53","nom":"Bretagne"}},{"nom":"Quéven","code":"56185","codesPostaux":["56530"],"centre":{"type":"Point","coordinates":[-3.4172,47.7871]},"surface":2461.35,"population":8991,"departement":{"code":"56","nom":"Morbihan"},"region":{"code":"53","nom":"Bretagne"}},{"nom":"Quiberon","code":"56186","codesPostaux":["56170"],"centre":{"type":"Point","coordinates":[-3.109,47.4848]},"surface":910.78,"population":4876,"departement":{"code":"56","nom":"Morbihan"},"region":{"code":"53","nom":"Bretagne"}},{"nom":"Quistinic","code":"56188","codesPostaux":["56310"],"centre":{"type":"Point","coordinates":[-3.1374,47.9123]},"surface":4294.77,"population":1444,"departement":{"code":"56","nom":"Morbihan"},"region":{"code":"53","nom":"Bretagne"}},{"nom":"Radenac","code":"56189","codesPostaux":["56500"],"centre":{"type":"Point","coordinates":[-2.7095,47.9485]},"surface":2165.69,"population":1066,"departement":{"code":"56","nom":"Morbihan"},"region":{"code":"53","nom":"Bretagne"}},{"nom":"Réguiny","code":"56190","codesPostaux":["56500"],"centre":{"type":"Point","coordinates":[-2.7661,47.9879]},"surface":2805.36,"population":1955,"departement":{"code":"56","nom":"Morbihan"},"region":{"code":"53","nom":"Bretagne"}},{"nom":"Réminiac","code":"56191","codesPostaux":["56140"],"centre":{"type":"Point","coordinates":[-2.2466,47.8648]},"surface":1215.37,"population":438,"departement":{"code":"56","nom":"Morbihan"},"region":{"code":"53","nom":"Bretagne"}},{"nom":"Riantec","code":"56193","codesPostaux":["56670"],"centre":{"type":"Point","coordinates":[-3.3029,47.7208]},"surface":1427.36,"population":5865,"departement":{"code":"56","nom":"Morbihan"},"region":{"code":"53","nom":"Bretagne"}},{"nom":"Rieux","code":"56194","codesPostaux":["56350"],"centre":{"type":"Point","coordinates":[-2.1288,47.6063]},"surface":2766.59,"population":2856,"departement":{"code":"56","nom":"Morbihan"},"region":{"code":"53","nom":"Bretagne"}},{"nom":"La Roche-Bernard","code":"56195","codesPostaux":["56130"],"centre":{"type":"Point","coordinates":[-2.3025,47.5196]},"surface":45.22,"population":746,"departement":{"code":"56","nom":"Morbihan"},"region":{"code":"53","nom":"Bretagne"}},{"nom":"Rochefort-en-Terre","code":"56196","codesPostaux":["56220"],"centre":{"type":"Point","coordinates":[-2.3415,47.698]},"surface":126.68,"population":647,"departement":{"code":"56","nom":"Morbihan"},"region":{"code":"53","nom":"Bretagne"}},{"nom":"Val d'Oust","code":"56197","codesPostaux":["56460","56800"],"centre":{"type":"Point","coordinates":[-2.425,47.8694]},"surface":3195.42,"population":2807,"departement":{"code":"56","nom":"Morbihan"},"region":{"code":"53","nom":"Bretagne"}},{"nom":"Rohan","code":"56198","codesPostaux":["56580"],"centre":{"type":"Point","coordinates":[-2.7475,48.0891]},"surface":2342.07,"population":1526,"departement":{"code":"56","nom":"Morbihan"},"region":{"code":"53","nom":"Bretagne"}},{"nom":"Roudouallec","code":"56199","codesPostaux":["56110"],"centre":{"type":"Point","coordinates":[-3.6968,48.1208]},"surface":2497.45,"population":722,"departement":{"code":"56","nom":"Morbihan"},"region":{"code":"53","nom":"Bretagne"}},{"nom":"Ruffiac","code":"56200","codesPostaux":["56140"],"centre":{"type":"Point","coordinates":[-2.2869,47.8122]},"surface":3683.37,"population":1422,"departement":{"code":"56","nom":"Morbihan"},"region":{"code":"53","nom":"Bretagne"}},{"nom":"Le Saint","code":"56201","codesPostaux":["56110"],"centre":{"type":"Point","coordinates":[-3.5652,48.09]},"surface":3130.71,"population":612,"departement":{"code":"56","nom":"Morbihan"},"region":{"code":"53","nom":"Bretagne"}},{"nom":"Saint-Abraham","code":"56202","codesPostaux":["56140"],"centre":{"type":"Point","coordinates":[-2.4081,47.8476]},"surface":672.16,"population":552,"departement":{"code":"56","nom":"Morbihan"},"region":{"code":"53","nom":"Bretagne"}},{"nom":"Saint-Aignan","code":"56203","codesPostaux":["56480"],"centre":{"type":"Point","coordinates":[-3.0493,48.1801]},"surface":2758.17,"population":637,"departement":{"code":"56","nom":"Morbihan"},"region":{"code":"53","nom":"Bretagne"}},{"nom":"Saint-Allouestre","code":"56204","codesPostaux":["56500"],"centre":{"type":"Point","coordinates":[-2.7349,47.9092]},"surface":1665.13,"population":675,"departement":{"code":"56","nom":"Morbihan"},"region":{"code":"53","nom":"Bretagne"}},{"nom":"Saint-Armel","code":"56205","codesPostaux":["56450"],"centre":{"type":"Point","coordinates":[-2.7221,47.5667]},"surface":829.69,"population":903,"departement":{"code":"56","nom":"Morbihan"},"region":{"code":"53","nom":"Bretagne"}},{"nom":"Saint-Avé","code":"56206","codesPostaux":["56890"],"centre":{"type":"Point","coordinates":[-2.7434,47.7008]},"surface":2612.17,"population":12470,"departement":{"code":"56","nom":"Morbihan"},"region":{"code":"53","nom":"Bretagne"}},{"nom":"Saint-Barthélemy","code":"56207","codesPostaux":["56150"],"centre":{"type":"Point","coordinates":[-3.0413,47.9277]},"surface":2215.79,"population":1197,"departement":{"code":"56","nom":"Morbihan"},"region":{"code":"53","nom":"Bretagne"}},{"nom":"Saint-Brieuc-de-Mauron","code":"56208","codesPostaux":["56430"],"centre":{"type":"Point","coordinates":[-2.3562,48.09]},"surface":1491.6,"population":308,"departement":{"code":"56","nom":"Morbihan"},"region":{"code":"53","nom":"Bretagne"}},{"nom":"Sainte-Brigitte","code":"56209","codesPostaux":["56480"],"centre":{"type":"Point","coordinates":[-3.1048,48.1777]},"surface":1771.78,"population":178,"departement":{"code":"56","nom":"Morbihan"},"region":{"code":"53","nom":"Bretagne"}},{"nom":"Saint-Caradec-Trégomel","code":"56210","codesPostaux":["56540"],"centre":{"type":"Point","coordinates":[-3.3458,48.0338]},"surface":1610.25,"population":467,"departement":{"code":"56","nom":"Morbihan"},"region":{"code":"53","nom":"Bretagne"}},{"nom":"Saint-Congard","code":"56211","codesPostaux":["56140"],"centre":{"type":"Point","coordinates":[-2.3281,47.7705]},"surface":2178.49,"population":792,"departement":{"code":"56","nom":"Morbihan"},"region":{"code":"53","nom":"Bretagne"}},{"nom":"Saint-Dolay","code":"56212","codesPostaux":["56130"],"centre":{"type":"Point","coordinates":[-2.1695,47.5402]},"surface":4883.28,"population":2645,"departement":{"code":"56","nom":"Morbihan"},"region":{"code":"53","nom":"Bretagne"}},{"nom":"Saint-Gérand-Croixanvec","code":"56213","codesPostaux":["56920"],"centre":{"type":"Point","coordinates":[-2.8825,48.119]},"surface":2443.84,"population":1312,"departement":{"code":"56","nom":"Morbihan"},"region":{"code":"53","nom":"Bretagne"}},{"nom":"Saint-Gildas-de-Rhuys","code":"56214","codesPostaux":["56730"],"centre":{"type":"Point","coordinates":[-2.835,47.5138]},"surface":1543.58,"population":2004,"departement":{"code":"56","nom":"Morbihan"},"region":{"code":"53","nom":"Bretagne"}},{"nom":"Saint-Gonnery","code":"56215","codesPostaux":["56920"],"centre":{"type":"Point","coordinates":[-2.8208,48.1248]},"surface":1666.25,"population":1087,"departement":{"code":"56","nom":"Morbihan"},"region":{"code":"53","nom":"Bretagne"}},{"nom":"Saint-Gorgon","code":"56216","codesPostaux":["56350"],"centre":{"type":"Point","coordinates":[-2.2371,47.6424]},"surface":575.01,"population":443,"departement":{"code":"56","nom":"Morbihan"},"region":{"code":"53","nom":"Bretagne"}},{"nom":"Saint-Gravé","code":"56218","codesPostaux":["56220"],"centre":{"type":"Point","coordinates":[-2.2906,47.7254]},"surface":1592.82,"population":763,"departement":{"code":"56","nom":"Morbihan"},"region":{"code":"53","nom":"Bretagne"}},{"nom":"Saint-Guyomard","code":"56219","codesPostaux":["56460"],"centre":{"type":"Point","coordinates":[-2.5006,47.779]},"surface":1979.68,"population":1468,"departement":{"code":"56","nom":"Morbihan"},"region":{"code":"53","nom":"Bretagne"}},{"nom":"Sainte-Hélène","code":"56220","codesPostaux":["56700"],"centre":{"type":"Point","coordinates":[-3.1879,47.7158]},"surface":1071.22,"population":1303,"departement":{"code":"56","nom":"Morbihan"},"region":{"code":"53","nom":"Bretagne"}},{"nom":"Saint-Jacut-les-Pins","code":"56221","codesPostaux":["56220"],"centre":{"type":"Point","coordinates":[-2.2041,47.6765]},"surface":2278.72,"population":1745,"departement":{"code":"56","nom":"Morbihan"},"region":{"code":"53","nom":"Bretagne"}},{"nom":"Saint-Jean-Brévelay","code":"56222","codesPostaux":["56660"],"centre":{"type":"Point","coordinates":[-2.7243,47.8314]},"surface":4172.6,"population":2869,"departement":{"code":"56","nom":"Morbihan"},"region":{"code":"53","nom":"Bretagne"}},{"nom":"Saint-Jean-la-Poterie","code":"56223","codesPostaux":["56350"],"centre":{"type":"Point","coordinates":[-2.1192,47.645]},"surface":837.91,"population":1429,"departement":{"code":"56","nom":"Morbihan"},"region":{"code":"53","nom":"Bretagne"}},{"nom":"Saint-Laurent-sur-Oust","code":"56224","codesPostaux":["56140"],"centre":{"type":"Point","coordinates":[-2.313,47.7921]},"surface":386.14,"population":396,"departement":{"code":"56","nom":"Morbihan"},"region":{"code":"53","nom":"Bretagne"}},{"nom":"Saint-Léry","code":"56225","codesPostaux":["56430"],"centre":{"type":"Point","coordinates":[-2.2636,48.0905]},"surface":162.61,"population":210,"departement":{"code":"56","nom":"Morbihan"},"region":{"code":"53","nom":"Bretagne"}},{"nom":"Saint-Malo-de-Beignon","code":"56226","codesPostaux":["56380"],"centre":{"type":"Point","coordinates":[-2.1397,47.9545]},"surface":350.93,"population":537,"departement":{"code":"56","nom":"Morbihan"},"region":{"code":"53","nom":"Bretagne"}},{"nom":"Saint-Malo-des-Trois-Fontaines","code":"56227","codesPostaux":["56490"],"centre":{"type":"Point","coordinates":[-2.4741,48.0145]},"surface":1615.9,"population":545,"departement":{"code":"56","nom":"Morbihan"},"region":{"code":"53","nom":"Bretagne"}},{"nom":"Saint-Marcel","code":"56228","codesPostaux":["56140"],"centre":{"type":"Point","coordinates":[-2.4181,47.8116]},"surface":1294.77,"population":1155,"departement":{"code":"56","nom":"Morbihan"},"region":{"code":"53","nom":"Bretagne"}},{"nom":"Saint-Martin-sur-Oust","code":"56229","codesPostaux":["56200"],"centre":{"type":"Point","coordinates":[-2.2664,47.7619]},"surface":2820.74,"population":1312,"departement":{"code":"56","nom":"Morbihan"},"region":{"code":"53","nom":"Bretagne"}},{"nom":"Saint-Nicolas-du-Tertre","code":"56230","codesPostaux":["56910"],"centre":{"type":"Point","coordinates":[-2.2163,47.7943]},"surface":1317.25,"population":469,"departement":{"code":"56","nom":"Morbihan"},"region":{"code":"53","nom":"Bretagne"}},{"nom":"Saint-Nolff","code":"56231","codesPostaux":["56250"],"centre":{"type":"Point","coordinates":[-2.6681,47.7066]},"surface":2606.76,"population":3990,"departement":{"code":"56","nom":"Morbihan"},"region":{"code":"53","nom":"Bretagne"}},{"nom":"Saint-Perreux","code":"56232","codesPostaux":["56350"],"centre":{"type":"Point","coordinates":[-2.1249,47.6708]},"surface":618.65,"population":1086,"departement":{"code":"56","nom":"Morbihan"},"region":{"code":"53","nom":"Bretagne"}},{"nom":"Saint-Philibert","code":"56233","codesPostaux":["56470"],"centre":{"type":"Point","coordinates":[-3.0014,47.585]},"surface":729.11,"population":1575,"departement":{"code":"56","nom":"Morbihan"},"region":{"code":"53","nom":"Bretagne"}},{"nom":"Saint-Pierre-Quiberon","code":"56234","codesPostaux":["56510"],"centre":{"type":"Point","coordinates":[-3.1464,47.5334]},"surface":781.06,"population":2344,"departement":{"code":"56","nom":"Morbihan"},"region":{"code":"53","nom":"Bretagne"}},{"nom":"Saint-Servant","code":"56236","codesPostaux":["56120"],"centre":{"type":"Point","coordinates":[-2.508,47.8968]},"surface":2257.17,"population":806,"departement":{"code":"56","nom":"Morbihan"},"region":{"code":"53","nom":"Bretagne"}},{"nom":"Saint-Thuriau","code":"56237","codesPostaux":["56300"],"centre":{"type":"Point","coordinates":[-2.9438,48.02]},"surface":2153.87,"population":1885,"departement":{"code":"56","nom":"Morbihan"},"region":{"code":"53","nom":"Bretagne"}},{"nom":"Saint-Tugdual","code":"56238","codesPostaux":["56540"],"centre":{"type":"Point","coordinates":[-3.3672,48.0955]},"surface":2012.79,"population":376,"departement":{"code":"56","nom":"Morbihan"},"region":{"code":"53","nom":"Bretagne"}},{"nom":"Saint-Vincent-sur-Oust","code":"56239","codesPostaux":["56350"],"centre":{"type":"Point","coordinates":[-2.149,47.702]},"surface":1594.55,"population":1679,"departement":{"code":"56","nom":"Morbihan"},"region":{"code":"53","nom":"Bretagne"}},{"nom":"Sarzeau","code":"56240","codesPostaux":["56370"],"centre":{"type":"Point","coordinates":[-2.7584,47.5253]},"surface":6006.24,"population":9212,"departement":{"code":"56","nom":"Morbihan"},"region":{"code":"53","nom":"Bretagne"}},{"nom":"Sauzon","code":"56241","codesPostaux":["56360"],"centre":{"type":"Point","coordinates":[-3.2295,47.356]},"surface":2251.64,"population":1036,"departement":{"code":"56","nom":"Morbihan"},"region":{"code":"53","nom":"Bretagne"}},{"nom":"Séglien","code":"56242","codesPostaux":["56160"],"centre":{"type":"Point","coordinates":[-3.1481,48.102]},"surface":3832.05,"population":673,"departement":{"code":"56","nom":"Morbihan"},"region":{"code":"53","nom":"Bretagne"}},{"nom":"Séné","code":"56243","codesPostaux":["56860"],"centre":{"type":"Point","coordinates":[-2.7394,47.6227]},"surface":2173.76,"population":9554,"departement":{"code":"56","nom":"Morbihan"},"region":{"code":"53","nom":"Bretagne"}},{"nom":"Sérent","code":"56244","codesPostaux":["56460"],"centre":{"type":"Point","coordinates":[-2.4993,47.8246]},"surface":6019.46,"population":3429,"departement":{"code":"56","nom":"Morbihan"},"region":{"code":"53","nom":"Bretagne"}},{"nom":"Silfiac","code":"56245","codesPostaux":["56480"],"centre":{"type":"Point","coordinates":[-3.171,48.1475]},"surface":2257.77,"population":491,"departement":{"code":"56","nom":"Morbihan"},"region":{"code":"53","nom":"Bretagne"}},{"nom":"Le Sourn","code":"56246","codesPostaux":["56300"],"centre":{"type":"Point","coordinates":[-2.9944,48.0375]},"surface":1610.38,"population":2121,"departement":{"code":"56","nom":"Morbihan"},"region":{"code":"53","nom":"Bretagne"}},{"nom":"Sulniac","code":"56247","codesPostaux":["56250"],"centre":{"type":"Point","coordinates":[-2.5538,47.6539]},"surface":2810.85,"population":3852,"departement":{"code":"56","nom":"Morbihan"},"region":{"code":"53","nom":"Bretagne"}},{"nom":"Surzur","code":"56248","codesPostaux":["56450"],"centre":{"type":"Point","coordinates":[-2.6246,47.5698]},"surface":5903.73,"population":5211,"departement":{"code":"56","nom":"Morbihan"},"region":{"code":"53","nom":"Bretagne"}},{"nom":"Taupont","code":"56249","codesPostaux":["56800"],"centre":{"type":"Point","coordinates":[-2.4416,47.9605]},"surface":3048.89,"population":2428,"departement":{"code":"56","nom":"Morbihan"},"region":{"code":"53","nom":"Bretagne"}},{"nom":"Théhillac","code":"56250","codesPostaux":["56130"],"centre":{"type":"Point","coordinates":[-2.1208,47.552]},"surface":1452.47,"population":611,"departement":{"code":"56","nom":"Morbihan"},"region":{"code":"53","nom":"Bretagne"}},{"nom":"Theix-Noyalo","code":"56251","codesPostaux":["56450"],"centre":{"type":"Point","coordinates":[-2.6472,47.6304]},"surface":5457.51,"population":8500,"departement":{"code":"56","nom":"Morbihan"},"region":{"code":"53","nom":"Bretagne"}},{"nom":"Le Tour-du-Parc","code":"56252","codesPostaux":["56370"],"centre":{"type":"Point","coordinates":[-2.6529,47.5334]},"surface":989.23,"population":1343,"departement":{"code":"56","nom":"Morbihan"},"region":{"code":"53","nom":"Bretagne"}},{"nom":"Tréal","code":"56253","codesPostaux":["56140"],"centre":{"type":"Point","coordinates":[-2.2332,47.83]},"surface":1920.77,"population":699,"departement":{"code":"56","nom":"Morbihan"},"region":{"code":"53","nom":"Bretagne"}},{"nom":"Trédion","code":"56254","codesPostaux":["56250"],"centre":{"type":"Point","coordinates":[-2.5857,47.7812]},"surface":2588.19,"population":1400,"departement":{"code":"56","nom":"Morbihan"},"region":{"code":"53","nom":"Bretagne"}},{"nom":"Treffléan","code":"56255","codesPostaux":["56250"],"centre":{"type":"Point","coordinates":[-2.6263,47.6771]},"surface":1844.97,"population":2572,"departement":{"code":"56","nom":"Morbihan"},"region":{"code":"53","nom":"Bretagne"}},{"nom":"Tréhorenteuc","code":"56256","codesPostaux":["56430"],"centre":{"type":"Point","coordinates":[-2.2957,48.0059]},"surface":543.1,"population":111,"departement":{"code":"56","nom":"Morbihan"},"region":{"code":"53","nom":"Bretagne"}},{"nom":"La Trinité-Porhoët","code":"56257","codesPostaux":["56490"],"centre":{"type":"Point","coordinates":[-2.524,48.0992]},"surface":1268.32,"population":663,"departement":{"code":"56","nom":"Morbihan"},"region":{"code":"53","nom":"Bretagne"}},{"nom":"La Trinité-sur-Mer","code":"56258","codesPostaux":["56470"],"centre":{"type":"Point","coordinates":[-3.0369,47.5877]},"surface":710.41,"population":1845,"departement":{"code":"56","nom":"Morbihan"},"region":{"code":"53","nom":"Bretagne"}},{"nom":"La Trinité-Surzur","code":"56259","codesPostaux":["56190"],"centre":{"type":"Point","coordinates":[-2.5924,47.6046]},"surface":239.72,"population":1678,"departement":{"code":"56","nom":"Morbihan"},"region":{"code":"53","nom":"Bretagne"}},{"nom":"Vannes","code":"56260","codesPostaux":["56000"],"centre":{"type":"Point","coordinates":[-2.7485,47.6577]},"surface":3333.7,"population":55790,"departement":{"code":"56","nom":"Morbihan"},"region":{"code":"53","nom":"Bretagne"}},{"nom":"La Vraie-Croix","code":"56261","codesPostaux":["56250"],"centre":{"type":"Point","coordinates":[-2.5202,47.688]},"surface":1668.38,"population":1495,"departement":{"code":"56","nom":"Morbihan"},"region":{"code":"53","nom":"Bretagne"}},{"nom":"Le Bono","code":"56262","codesPostaux":["56400"],"centre":{"type":"Point","coordinates":[-2.938,47.6381]},"surface":618.5,"population":2608,"departement":{"code":"56","nom":"Morbihan"},"region":{"code":"53","nom":"Bretagne"}},{"nom":"Sainte-Anne-d'Auray","code":"56263","codesPostaux":["56400"],"centre":{"type":"Point","coordinates":[-2.9497,47.7007]},"surface":497.61,"population":2889,"departement":{"code":"56","nom":"Morbihan"},"region":{"code":"53","nom":"Bretagne"}},{"nom":"Kernascléden","code":"56264","codesPostaux":["56540"],"centre":{"type":"Point","coordinates":[-3.3329,48.0125]},"surface":928.36,"population":418,"departement":{"code":"56","nom":"Morbihan"},"region":{"code":"53","nom":"Bretagne"}}]