[{"nom":"Abondance","code":"74001","codesPostaux":["74360"],"centre":{"type":"Point","coordinates":[6.7334,46.2526]},"surface":5885.03,"population":1583,"departement":{"code":"74","nom":"Haute-Savoie"},"region":{"code":"84","nom":"Auvergne-Rhône-Alpes"}},{"nom":"Alby-sur-Chéran","code":"74002","codesPostaux":["74540"],"centre":{"type":"Point","coordinates":[6.0197,45.8145]},"surface":654.55,"population":2664,"departement":{"code":"74","nom":"Haute-Savoie"},"region":{"code":"84","nom":"Auvergne-Rhône-Alpes"}},{"nom":"Alex","code":"74003","codesPostaux":["74290"],"centre":{"type":"Point","coordinates":[6.2334,45.8757]},"surface":1691.08,"population":1139,"departement":{"code":"74","nom":"Haute-Savoie"},"region":{"code":"84","nom":"Auvergne-Rhône-Alpes"}},{"nom":"Allèves","code":"74004","codesPostaux":["74540"],"centre":{"type":"Point","coordinates":[6.082,45.7539]},"surface":883.67,"population":397,"departement":{"code":"74","nom":"Haute-Savoie"},"region":{"code":"84","nom":"Auvergne-Rhône-Alpes"}},{"nom":"Allinges","code":"74005","codesPostaux":["74200"],"centre":{"type":"Point","coordinates":[6.4613,46.3362]},"surface":1507.92,"population":5019,"departement":{"code":"74","nom":"Haute-Savoie"},"region":{"code":"84","nom":"Auvergne-Rhône-Alpes"}},{"nom":"Allonzier-la-Caille","code":"74006","codesPostaux":["74350"],"centre":{"type":"Point","coordinates":[6.1009,45.9997]},"surface":960.63,"population":2253,"departement":{"code":"74","nom":"Haute-Savoie"},"region":{"code":"84","nom":"Auvergne-Rhône-Alpes"}},{"nom":"Amancy","code":"74007","codesPostaux":["74800"],"centre":{"type":"Point","coordinates":[6.3269,46.0722]},"surface":862.66,"population":2792,"departement":{"code":"74","nom":"Haute-Savoie"},"region":{"code":"84","nom":"Auvergne-Rhône-Alpes"}},{"nom":"Ambilly","code":"74008","codesPostaux":["74100"],"centre":{"type":"Point","coordinates":[6.2239,46.1957]},"surface":124.17,"population":6355,"departement":{"code":"74","nom":"Haute-Savoie"},"region":{"code":"84","nom":"Auvergne-Rhône-Alpes"}},{"nom":"Andilly","code":"74009","codesPostaux":["74350"],"centre":{"type":"Point","coordinates":[6.0726,46.0698]},"surface":607.39,"population":1013,"departement":{"code":"74","nom":"Haute-Savoie"},"region":{"code":"84","nom":"Auvergne-Rhône-Alpes"}},{"nom":"Annecy","code":"74010","codesPostaux":["74000","74370","74600","74940","74960"],"centre":{"type":"Point","coordinates":[6.1264,45.9024]},"surface":6986.68,"population":132117,"departement":{"code":"74","nom":"Haute-Savoie"},"region":{"code":"84","nom":"Auvergne-Rhône-Alpes"}},{"nom":"Annemasse","code":"74012","codesPostaux":["74100"],"centre":{"type":"Point","coordinates":[6.2476,46.189]},"surface":496.88,"population":37628,"departement":{"code":"74","nom":"Haute-Savoie"},"region":{"code":"84","nom":"Auvergne-Rhône-Alpes"}},{"nom":"Anthy-sur-Léman","code":"74013","codesPostaux":["74200"],"centre":{"type":"Point","coordinates":[6.4275,46.3537]},"surface":465.93,"population":2495,"departement":{"code":"74","nom":"Haute-Savoie"},"region":{"code":"84","nom":"Auvergne-Rhône-Alpes"}},{"nom":"Arâches-la-Frasse","code":"74014","codesPostaux":["74300"],"centre":{"type":"Point","coordinates":[6.6646,46.0282]},"surface":3760.22,"population":1764,"departement":{"code":"74","nom":"Haute-Savoie"},"region":{"code":"84","nom":"Auvergne-Rhône-Alpes"}},{"nom":"Arbusigny","code":"74015","codesPostaux":["74930"],"centre":{"type":"Point","coordinates":[6.2012,46.089]},"surface":1223.22,"population":1167,"departement":{"code":"74","nom":"Haute-Savoie"},"region":{"code":"84","nom":"Auvergne-Rhône-Alpes"}},{"nom":"Archamps","code":"74016","codesPostaux":["74160"],"centre":{"type":"Point","coordinates":[6.1417,46.1207]},"surface":1072.16,"population":2375,"departement":{"code":"74","nom":"Haute-Savoie"},"region":{"code":"84","nom":"Auvergne-Rhône-Alpes"}},{"nom":"Arenthon","code":"74018","codesPostaux":["74800"],"centre":{"type":"Point","coordinates":[6.3381,46.0961]},"surface":1143.56,"population":2097,"departement":{"code":"74","nom":"Haute-Savoie"},"region":{"code":"84","nom":"Auvergne-Rhône-Alpes"}},{"nom":"Argonay","code":"74019","codesPostaux":["74370"],"centre":{"type":"Point","coordinates":[6.148,45.9476]},"surface":517.33,"population":3807,"departement":{"code":"74","nom":"Haute-Savoie"},"region":{"code":"84","nom":"Auvergne-Rhône-Alpes"}},{"nom":"Armoy","code":"74020","codesPostaux":["74200"],"centre":{"type":"Point","coordinates":[6.5143,46.353]},"surface":490.85,"population":1564,"departement":{"code":"74","nom":"Haute-Savoie"},"region":{"code":"84","nom":"Auvergne-Rhône-Alpes"}},{"nom":"Arthaz-Pont-Notre-Dame","code":"74021","codesPostaux":["74380"],"centre":{"type":"Point","coordinates":[6.266,46.1603]},"surface":592.04,"population":1713,"departement":{"code":"74","nom":"Haute-Savoie"},"region":{"code":"84","nom":"Auvergne-Rhône-Alpes"}},{"nom":"Ayse","code":"74024","codesPostaux":["74130"],"centre":{"type":"Point","coordinates":[6.4409,46.0895]},"surface":1046.24,"population":2376,"departement":{"code":"74","nom":"Haute-Savoie"},"region":{"code":"84","nom":"Auvergne-Rhône-Alpes"}},{"nom":"Ballaison","code":"74025","codesPostaux":["74140"],"centre":{"type":"Point","coordinates":[6.351,46.2906]},"surface":1327.72,"population":1472,"departement":{"code":"74","nom":"Haute-Savoie"},"region":{"code":"84","nom":"Auvergne-Rhône-Alpes"}},{"nom":"La Balme-de-Sillingy","code":"74026","codesPostaux":["74330"],"centre":{"type":"Point","coordinates":[6.0423,45.9648]},"surface":1644.66,"population":5336,"departement":{"code":"74","nom":"Haute-Savoie"},"region":{"code":"84","nom":"Auvergne-Rhône-Alpes"}},{"nom":"La Balme-de-Thuy","code":"74027","codesPostaux":["74230"],"centre":{"type":"Point","coordinates":[6.2894,45.9036]},"surface":1776.88,"population":460,"departement":{"code":"74","nom":"Haute-Savoie"},"region":{"code":"84","nom":"Auvergne-Rhône-Alpes"}},{"nom":"Bassy","code":"74029","codesPostaux":["74910"],"centre":{"type":"Point","coordinates":[5.83,45.9903]},"surface":755.56,"population":423,"departement":{"code":"74","nom":"Haute-Savoie"},"region":{"code":"84","nom":"Auvergne-Rhône-Alpes"}},{"nom":"La Baume","code":"74030","codesPostaux":["74430"],"centre":{"type":"Point","coordinates":[6.6105,46.2842]},"surface":1695.19,"population":320,"departement":{"code":"74","nom":"Haute-Savoie"},"region":{"code":"84","nom":"Auvergne-Rhône-Alpes"}},{"nom":"Beaumont","code":"74031","codesPostaux":["74160"],"centre":{"type":"Point","coordinates":[6.1202,46.0978]},"surface":974.4,"population":3097,"departement":{"code":"74","nom":"Haute-Savoie"},"region":{"code":"84","nom":"Auvergne-Rhône-Alpes"}},{"nom":"Bellevaux","code":"74032","codesPostaux":["74470"],"centre":{"type":"Point","coordinates":[6.5483,46.2209]},"surface":4882.76,"population":1450,"departement":{"code":"74","nom":"Haute-Savoie"},"region":{"code":"84","nom":"Auvergne-Rhône-Alpes"}},{"nom":"Bernex","code":"74033","codesPostaux":["74500"],"centre":{"type":"Point","coordinates":[6.6915,46.3566]},"surface":2229.08,"population":1472,"departement":{"code":"74","nom":"Haute-Savoie"},"region":{"code":"84","nom":"Auvergne-Rhône-Alpes"}},{"nom":"Le Biot","code":"74034","codesPostaux":["74430"],"centre":{"type":"Point","coordinates":[6.6408,46.2743]},"surface":1313.03,"population":633,"departement":{"code":"74","nom":"Haute-Savoie"},"region":{"code":"84","nom":"Auvergne-Rhône-Alpes"}},{"nom":"Bloye","code":"74035","codesPostaux":["74150"],"centre":{"type":"Point","coordinates":[5.9501,45.8212]},"surface":443.42,"population":571,"departement":{"code":"74","nom":"Haute-Savoie"},"region":{"code":"84","nom":"Auvergne-Rhône-Alpes"}},{"nom":"Bluffy","code":"74036","codesPostaux":["74290"],"centre":{"type":"Point","coordinates":[6.2241,45.8671]},"surface":373.1,"population":395,"departement":{"code":"74","nom":"Haute-Savoie"},"region":{"code":"84","nom":"Auvergne-Rhône-Alpes"}},{"nom":"Boëge","code":"74037","codesPostaux":["74420"],"centre":{"type":"Point","coordinates":[6.3874,46.2181]},"surface":1595.18,"population":1983,"departement":{"code":"74","nom":"Haute-Savoie"},"region":{"code":"84","nom":"Auvergne-Rhône-Alpes"}},{"nom":"Bogève","code":"74038","codesPostaux":["74250"],"centre":{"type":"Point","coordinates":[6.4397,46.1946]},"surface":697.93,"population":1200,"departement":{"code":"74","nom":"Haute-Savoie"},"region":{"code":"84","nom":"Auvergne-Rhône-Alpes"}},{"nom":"Bonne","code":"74040","codesPostaux":["74380"],"centre":{"type":"Point","coordinates":[6.3181,46.1735]},"surface":857.28,"population":3267,"departement":{"code":"74","nom":"Haute-Savoie"},"region":{"code":"84","nom":"Auvergne-Rhône-Alpes"}},{"nom":"Bonnevaux","code":"74041","codesPostaux":["74360"],"centre":{"type":"Point","coordinates":[6.6667,46.2926]},"surface":783.7,"population":284,"departement":{"code":"74","nom":"Haute-Savoie"},"region":{"code":"84","nom":"Auvergne-Rhône-Alpes"}},{"nom":"Bonneville","code":"74042","codesPostaux":["74130"],"centre":{"type":"Point","coordinates":[6.404,46.0786]},"surface":2723.66,"population":13335,"departement":{"code":"74","nom":"Haute-Savoie"},"region":{"code":"84","nom":"Auvergne-Rhône-Alpes"}},{"nom":"Bons-en-Chablais","code":"74043","codesPostaux":["74890"],"centre":{"type":"Point","coordinates":[6.3579,46.2644]},"surface":1904.76,"population":6343,"departement":{"code":"74","nom":"Haute-Savoie"},"region":{"code":"84","nom":"Auvergne-Rhône-Alpes"}},{"nom":"Bossey","code":"74044","codesPostaux":["74160"],"centre":{"type":"Point","coordinates":[6.1699,46.1495]},"surface":385.54,"population":941,"departement":{"code":"74","nom":"Haute-Savoie"},"region":{"code":"84","nom":"Auvergne-Rhône-Alpes"}},{"nom":"Le Bouchet-Mont-Charvin","code":"74045","codesPostaux":["74230"],"centre":{"type":"Point","coordinates":[6.3847,45.8041]},"surface":1840.52,"population":245,"departement":{"code":"74","nom":"Haute-Savoie"},"region":{"code":"84","nom":"Auvergne-Rhône-Alpes"}},{"nom":"Boussy","code":"74046","codesPostaux":["74150"],"centre":{"type":"Point","coordinates":[5.9835,45.8512]},"surface":524.76,"population":506,"departement":{"code":"74","nom":"Haute-Savoie"},"region":{"code":"84","nom":"Auvergne-Rhône-Alpes"}},{"nom":"Brenthonne","code":"74048","codesPostaux":["74890"],"centre":{"type":"Point","coordinates":[6.3962,46.2714]},"surface":838.27,"population":1128,"departement":{"code":"74","nom":"Haute-Savoie"},"region":{"code":"84","nom":"Auvergne-Rhône-Alpes"}},{"nom":"Brizon","code":"74049","codesPostaux":["74130"],"centre":{"type":"Point","coordinates":[6.4326,46.0346]},"surface":1041.72,"population":457,"departement":{"code":"74","nom":"Haute-Savoie"},"region":{"code":"84","nom":"Auvergne-Rhône-Alpes"}},{"nom":"Burdignin","code":"74050","codesPostaux":["74420"],"centre":{"type":"Point","coordinates":[6.4265,46.2335]},"surface":984.53,"population":712,"departement":{"code":"74","nom":"Haute-Savoie"},"region":{"code":"84","nom":"Auvergne-Rhône-Alpes"}},{"nom":"Cercier","code":"74051","codesPostaux":["74350"],"centre":{"type":"Point","coordinates":[6.0465,46.0211]},"surface":1151.77,"population":734,"departement":{"code":"74","nom":"Haute-Savoie"},"region":{"code":"84","nom":"Auvergne-Rhône-Alpes"}},{"nom":"Cernex","code":"74052","codesPostaux":["74350"],"centre":{"type":"Point","coordinates":[6.0383,46.0577]},"surface":1272.05,"population":1184,"departement":{"code":"74","nom":"Haute-Savoie"},"region":{"code":"84","nom":"Auvergne-Rhône-Alpes"}},{"nom":"Cervens","code":"74053","codesPostaux":["74550"],"centre":{"type":"Point","coordinates":[6.4466,46.2772]},"surface":636.19,"population":1270,"departement":{"code":"74","nom":"Haute-Savoie"},"region":{"code":"84","nom":"Auvergne-Rhône-Alpes"}},{"nom":"Chainaz-les-Frasses","code":"74054","codesPostaux":["74540"],"centre":{"type":"Point","coordinates":[5.9896,45.7798]},"surface":556.18,"population":681,"departement":{"code":"74","nom":"Haute-Savoie"},"region":{"code":"84","nom":"Auvergne-Rhône-Alpes"}},{"nom":"Challonges","code":"74055","codesPostaux":["74910"],"centre":{"type":"Point","coordinates":[5.8268,46.0237]},"surface":789.06,"population":610,"departement":{"code":"74","nom":"Haute-Savoie"},"region":{"code":"84","nom":"Auvergne-Rhône-Alpes"}},{"nom":"Chamonix-Mont-Blanc","code":"74056","codesPostaux":["74400"],"centre":{"type":"Point","coordinates":[6.9291,45.9296]},"surface":24540.16,"population":8705,"departement":{"code":"74","nom":"Haute-Savoie"},"region":{"code":"84","nom":"Auvergne-Rhône-Alpes"}},{"nom":"Champanges","code":"74057","codesPostaux":["74500"],"centre":{"type":"Point","coordinates":[6.5529,46.3704]},"surface":369.93,"population":1208,"departement":{"code":"74","nom":"Haute-Savoie"},"region":{"code":"84","nom":"Auvergne-Rhône-Alpes"}},{"nom":"La Chapelle-d'Abondance","code":"74058","codesPostaux":["74360"],"centre":{"type":"Point","coordinates":[6.8016,46.3041]},"surface":3775.81,"population":872,"departement":{"code":"74","nom":"Haute-Savoie"},"region":{"code":"84","nom":"Auvergne-Rhône-Alpes"}},{"nom":"La Chapelle-Rambaud","code":"74059","codesPostaux":["74800"],"centre":{"type":"Point","coordinates":[6.2383,46.0732]},"surface":429.53,"population":249,"departement":{"code":"74","nom":"Haute-Savoie"},"region":{"code":"84","nom":"Auvergne-Rhône-Alpes"}},{"nom":"La Chapelle-Saint-Maurice","code":"74060","codesPostaux":["74410"],"centre":{"type":"Point","coordinates":[6.1548,45.7717]},"surface":641.59,"population":121,"departement":{"code":"74","nom":"Haute-Savoie"},"region":{"code":"84","nom":"Auvergne-Rhône-Alpes"}},{"nom":"Chapeiry","code":"74061","codesPostaux":["74540"],"centre":{"type":"Point","coordinates":[6.0395,45.839]},"surface":577.96,"population":984,"departement":{"code":"74","nom":"Haute-Savoie"},"region":{"code":"84","nom":"Auvergne-Rhône-Alpes"}},{"nom":"Charvonnex","code":"74062","codesPostaux":["74370"],"centre":{"type":"Point","coordinates":[6.1573,45.9826]},"surface":471.98,"population":1537,"departement":{"code":"74","nom":"Haute-Savoie"},"region":{"code":"84","nom":"Auvergne-Rhône-Alpes"}},{"nom":"Châtel","code":"74063","codesPostaux":["74390"],"centre":{"type":"Point","coordinates":[6.8188,46.2479]},"surface":3214.88,"population":1174,"departement":{"code":"74","nom":"Haute-Savoie"},"region":{"code":"84","nom":"Auvergne-Rhône-Alpes"}},{"nom":"Châtillon-sur-Cluses","code":"74064","codesPostaux":["74300"],"centre":{"type":"Point","coordinates":[6.5795,46.0888]},"surface":914.57,"population":1250,"departement":{"code":"74","nom":"Haute-Savoie"},"region":{"code":"84","nom":"Auvergne-Rhône-Alpes"}},{"nom":"Chaumont","code":"74065","codesPostaux":["74270"],"centre":{"type":"Point","coordinates":[5.9445,46.0477]},"surface":1226.35,"population":555,"departement":{"code":"74","nom":"Haute-Savoie"},"region":{"code":"84","nom":"Auvergne-Rhône-Alpes"}},{"nom":"Chavannaz","code":"74066","codesPostaux":["74270"],"centre":{"type":"Point","coordinates":[6.0161,46.0503]},"surface":317.75,"population":249,"departement":{"code":"74","nom":"Haute-Savoie"},"region":{"code":"84","nom":"Auvergne-Rhône-Alpes"}},{"nom":"Chavanod","code":"74067","codesPostaux":["74650"],"centre":{"type":"Point","coordinates":[6.0517,45.8857]},"surface":1331.09,"population":3135,"departement":{"code":"74","nom":"Haute-Savoie"},"region":{"code":"84","nom":"Auvergne-Rhône-Alpes"}},{"nom":"Chêne-en-Semine","code":"74068","codesPostaux":["74270"],"centre":{"type":"Point","coordinates":[5.8568,46.0501]},"surface":944.6,"population":544,"departement":{"code":"74","nom":"Haute-Savoie"},"region":{"code":"84","nom":"Auvergne-Rhône-Alpes"}},{"nom":"Chênex","code":"74069","codesPostaux":["74520"],"centre":{"type":"Point","coordinates":[5.9924,46.1054]},"surface":537.87,"population":791,"departement":{"code":"74","nom":"Haute-Savoie"},"region":{"code":"84","nom":"Auvergne-Rhône-Alpes"}},{"nom":"Chens-sur-Léman","code":"74070","codesPostaux":["74140"],"centre":{"type":"Point","coordinates":[6.2673,46.31]},"surface":1087.98,"population":3068,"departement":{"code":"74","nom":"Haute-Savoie"},"region":{"code":"84","nom":"Auvergne-Rhône-Alpes"}},{"nom":"Chessenaz","code":"74071","codesPostaux":["74270"],"centre":{"type":"Point","coordinates":[5.9068,46.0399]},"surface":523.04,"population":239,"departement":{"code":"74","nom":"Haute-Savoie"},"region":{"code":"84","nom":"Auvergne-Rhône-Alpes"}},{"nom":"Chevaline","code":"74072","codesPostaux":["74210"],"centre":{"type":"Point","coordinates":[6.2069,45.7313]},"surface":1413.58,"population":181,"departement":{"code":"74","nom":"Haute-Savoie"},"region":{"code":"84","nom":"Auvergne-Rhône-Alpes"}},{"nom":"Chevenoz","code":"74073","codesPostaux":["74500"],"centre":{"type":"Point","coordinates":[6.6399,46.3318]},"surface":1048.64,"population":709,"departement":{"code":"74","nom":"Haute-Savoie"},"region":{"code":"84","nom":"Auvergne-Rhône-Alpes"}},{"nom":"Chevrier","code":"74074","codesPostaux":["74520"],"centre":{"type":"Point","coordinates":[5.911,46.1094]},"surface":537.91,"population":757,"departement":{"code":"74","nom":"Haute-Savoie"},"region":{"code":"84","nom":"Auvergne-Rhône-Alpes"}},{"nom":"Chilly","code":"74075","codesPostaux":["74270"],"centre":{"type":"Point","coordinates":[5.956,45.9881]},"surface":1855.96,"population":1705,"departement":{"code":"74","nom":"Haute-Savoie"},"region":{"code":"84","nom":"Auvergne-Rhône-Alpes"}},{"nom":"Choisy","code":"74076","codesPostaux":["74330"],"centre":{"type":"Point","coordinates":[6.0509,45.9985]},"surface":1650.01,"population":1731,"departement":{"code":"74","nom":"Haute-Savoie"},"region":{"code":"84","nom":"Auvergne-Rhône-Alpes"}},{"nom":"Clarafond-Arcine","code":"74077","codesPostaux":["74270"],"centre":{"type":"Point","coordinates":[5.8948,46.0834]},"surface":1683.8,"population":1068,"departement":{"code":"74","nom":"Haute-Savoie"},"region":{"code":"84","nom":"Auvergne-Rhône-Alpes"}},{"nom":"Clermont","code":"74078","codesPostaux":["74270"],"centre":{"type":"Point","coordinates":[5.9084,45.9726]},"surface":696.67,"population":474,"departement":{"code":"74","nom":"Haute-Savoie"},"region":{"code":"84","nom":"Auvergne-Rhône-Alpes"}},{"nom":"Les Clefs","code":"74079","codesPostaux":["74230"],"centre":{"type":"Point","coordinates":[6.3311,45.8486]},"surface":1845.83,"population":714,"departement":{"code":"74","nom":"Haute-Savoie"},"region":{"code":"84","nom":"Auvergne-Rhône-Alpes"}},{"nom":"La Clusaz","code":"74080","codesPostaux":["74220"],"centre":{"type":"Point","coordinates":[6.4654,45.8981]},"surface":4078.82,"population":1623,"departement":{"code":"74","nom":"Haute-Savoie"},"region":{"code":"84","nom":"Auvergne-Rhône-Alpes"}},{"nom":"Cluses","code":"74081","codesPostaux":["74300"],"centre":{"type":"Point","coordinates":[6.5775,46.0625]},"surface":1045.32,"population":17795,"departement":{"code":"74","nom":"Haute-Savoie"},"region":{"code":"84","nom":"Auvergne-Rhône-Alpes"}},{"nom":"Collonges-sous-Salève","code":"74082","codesPostaux":["74160"],"centre":{"type":"Point","coordinates":[6.1596,46.1348]},"surface":611.42,"population":3832,"departement":{"code":"74","nom":"Haute-Savoie"},"region":{"code":"84","nom":"Auvergne-Rhône-Alpes"}},{"nom":"Combloux","code":"74083","codesPostaux":["74920"],"centre":{"type":"Point","coordinates":[6.6362,45.8879]},"surface":1721.6,"population":2093,"departement":{"code":"74","nom":"Haute-Savoie"},"region":{"code":"84","nom":"Auvergne-Rhône-Alpes"}},{"nom":"Les Contamines-Montjoie","code":"74085","codesPostaux":["74170"],"centre":{"type":"Point","coordinates":[6.7362,45.7855]},"surface":8136.63,"population":1109,"departement":{"code":"74","nom":"Haute-Savoie"},"region":{"code":"84","nom":"Auvergne-Rhône-Alpes"}},{"nom":"Contamine-Sarzin","code":"74086","codesPostaux":["74270"],"centre":{"type":"Point","coordinates":[5.9854,46.0223]},"surface":686.93,"population":733,"departement":{"code":"74","nom":"Haute-Savoie"},"region":{"code":"84","nom":"Auvergne-Rhône-Alpes"}},{"nom":"Contamine-sur-Arve","code":"74087","codesPostaux":["74130"],"centre":{"type":"Point","coordinates":[6.3403,46.1316]},"surface":673.63,"population":2403,"departement":{"code":"74","nom":"Haute-Savoie"},"region":{"code":"84","nom":"Auvergne-Rhône-Alpes"}},{"nom":"Copponex","code":"74088","codesPostaux":["74350"],"centre":{"type":"Point","coordinates":[6.0688,46.0452]},"surface":921.01,"population":1340,"departement":{"code":"74","nom":"Haute-Savoie"},"region":{"code":"84","nom":"Auvergne-Rhône-Alpes"}},{"nom":"Cordon","code":"74089","codesPostaux":["74700"],"centre":{"type":"Point","coordinates":[6.5677,45.9079]},"surface":2222.18,"population":998,"departement":{"code":"74","nom":"Haute-Savoie"},"region":{"code":"84","nom":"Auvergne-Rhône-Alpes"}},{"nom":"Cornier","code":"74090","codesPostaux":["74800"],"centre":{"type":"Point","coordinates":[6.2923,46.0896]},"surface":680.11,"population":1507,"departement":{"code":"74","nom":"Haute-Savoie"},"region":{"code":"84","nom":"Auvergne-Rhône-Alpes"}},{"nom":"La Côte-d'Arbroz","code":"74091","codesPostaux":["74110"],"centre":{"type":"Point","coordinates":[6.6372,46.1784]},"surface":1217.32,"population":349,"departement":{"code":"74","nom":"Haute-Savoie"},"region":{"code":"84","nom":"Auvergne-Rhône-Alpes"}},{"nom":"Cranves-Sales","code":"74094","codesPostaux":["74380"],"centre":{"type":"Point","coordinates":[6.3145,46.1979]},"surface":1358.54,"population":7762,"departement":{"code":"74","nom":"Haute-Savoie"},"region":{"code":"84","nom":"Auvergne-Rhône-Alpes"}},{"nom":"Crempigny-Bonneguête","code":"74095","codesPostaux":["74150"],"centre":{"type":"Point","coordinates":[5.9009,45.9459]},"surface":586.46,"population":325,"departement":{"code":"74","nom":"Haute-Savoie"},"region":{"code":"84","nom":"Auvergne-Rhône-Alpes"}},{"nom":"Cruseilles","code":"74096","codesPostaux":["74350"],"centre":{"type":"Point","coordinates":[6.1111,46.0425]},"surface":2547.87,"population":5376,"departement":{"code":"74","nom":"Haute-Savoie"},"region":{"code":"84","nom":"Auvergne-Rhône-Alpes"}},{"nom":"Cusy","code":"74097","codesPostaux":["74540"],"centre":{"type":"Point","coordinates":[6.0436,45.7612]},"surface":1743.72,"population":1842,"departement":{"code":"74","nom":"Haute-Savoie"},"region":{"code":"84","nom":"Auvergne-Rhône-Alpes"}},{"nom":"Cuvat","code":"74098","codesPostaux":["74350"],"centre":{"type":"Point","coordinates":[6.1073,45.976]},"surface":471.4,"population":1665,"departement":{"code":"74","nom":"Haute-Savoie"},"region":{"code":"84","nom":"Auvergne-Rhône-Alpes"}},{"nom":"Demi-Quartier","code":"74099","codesPostaux":["74120"],"centre":{"type":"Point","coordinates":[6.6287,45.8728]},"surface":887.17,"population":801,"departement":{"code":"74","nom":"Haute-Savoie"},"region":{"code":"84","nom":"Auvergne-Rhône-Alpes"}},{"nom":"Desingy","code":"74100","codesPostaux":["74270"],"centre":{"type":"Point","coordinates":[5.887,46.0022]},"surface":1889.48,"population":764,"departement":{"code":"74","nom":"Haute-Savoie"},"region":{"code":"84","nom":"Auvergne-Rhône-Alpes"}},{"nom":"Dingy-en-Vuache","code":"74101","codesPostaux":["74520"],"centre":{"type":"Point","coordinates":[5.9493,46.0873]},"surface":718.05,"population":819,"departement":{"code":"74","nom":"Haute-Savoie"},"region":{"code":"84","nom":"Auvergne-Rhône-Alpes"}},{"nom":"Dingy-Saint-Clair","code":"74102","codesPostaux":["74230"],"centre":{"type":"Point","coordinates":[6.254,45.9267]},"surface":3399.74,"population":1466,"departement":{"code":"74","nom":"Haute-Savoie"},"region":{"code":"84","nom":"Auvergne-Rhône-Alpes"}},{"nom":"Domancy","code":"74103","codesPostaux":["74700"],"centre":{"type":"Point","coordinates":[6.6644,45.909]},"surface":737.48,"population":2097,"departement":{"code":"74","nom":"Haute-Savoie"},"region":{"code":"84","nom":"Auvergne-Rhône-Alpes"}},{"nom":"Doussard","code":"74104","codesPostaux":["74210"],"centre":{"type":"Point","coordinates":[6.2211,45.7636]},"surface":2256.55,"population":3751,"departement":{"code":"74","nom":"Haute-Savoie"},"region":{"code":"84","nom":"Auvergne-Rhône-Alpes"}},{"nom":"Douvaine","code":"74105","codesPostaux":["74140"],"centre":{"type":"Point","coordinates":[6.3008,46.3076]},"surface":1054.47,"population":6796,"departement":{"code":"74","nom":"Haute-Savoie"},"region":{"code":"84","nom":"Auvergne-Rhône-Alpes"}},{"nom":"Draillant","code":"74106","codesPostaux":["74550"],"centre":{"type":"Point","coordinates":[6.4734,46.2956]},"surface":1036.89,"population":872,"departement":{"code":"74","nom":"Haute-Savoie"},"region":{"code":"84","nom":"Auvergne-Rhône-Alpes"}},{"nom":"Droisy","code":"74107","codesPostaux":["74270"],"centre":{"type":"Point","coordinates":[5.8821,45.9621]},"surface":455.71,"population":155,"departement":{"code":"74","nom":"Haute-Savoie"},"region":{"code":"84","nom":"Auvergne-Rhône-Alpes"}},{"nom":"Duingt","code":"74108","codesPostaux":["74410"],"centre":{"type":"Point","coordinates":[6.197,45.8191]},"surface":598.32,"population":1078,"departement":{"code":"74","nom":"Haute-Savoie"},"region":{"code":"84","nom":"Auvergne-Rhône-Alpes"}},{"nom":"Éloise","code":"74109","codesPostaux":["01200"],"centre":{"type":"Point","coordinates":[5.8474,46.0853]},"surface":892.39,"population":931,"departement":{"code":"74","nom":"Haute-Savoie"},"region":{"code":"84","nom":"Auvergne-Rhône-Alpes"}},{"nom":"Entrevernes","code":"74111","codesPostaux":["74410"],"centre":{"type":"Point","coordinates":[6.1809,45.7753]},"surface":820.97,"population":191,"departement":{"code":"74","nom":"Haute-Savoie"},"region":{"code":"84","nom":"Auvergne-Rhône-Alpes"}},{"nom":"Epagny Metz-Tessy","code":"74112","codesPostaux":["74330","74370"],"centre":{"type":"Point","coordinates":[6.0934,45.943]},"surface":1199.19,"population":8925,"departement":{"code":"74","nom":"Haute-Savoie"},"region":{"code":"84","nom":"Auvergne-Rhône-Alpes"}},{"nom":"Essert-Romand","code":"74114","codesPostaux":["74110"],"centre":{"type":"Point","coordinates":[6.6589,46.2041]},"surface":678.35,"population":526,"departement":{"code":"74","nom":"Haute-Savoie"},"region":{"code":"84","nom":"Auvergne-Rhône-Alpes"}},{"nom":"Etaux","code":"74116","codesPostaux":["74800"],"centre":{"type":"Point","coordinates":[6.2703,46.061]},"surface":1382.25,"population":2180,"departement":{"code":"74","nom":"Haute-Savoie"},"region":{"code":"84","nom":"Auvergne-Rhône-Alpes"}},{"nom":"Étercy","code":"74117","codesPostaux":["74150"],"centre":{"type":"Point","coordinates":[6.0063,45.8923]},"surface":453.37,"population":985,"departement":{"code":"74","nom":"Haute-Savoie"},"region":{"code":"84","nom":"Auvergne-Rhône-Alpes"}},{"nom":"Étrembières","code":"74118","codesPostaux":["74100"],"centre":{"type":"Point","coordinates":[6.2108,46.1696]},"surface":540.05,"population":2679,"departement":{"code":"74","nom":"Haute-Savoie"},"region":{"code":"84","nom":"Auvergne-Rhône-Alpes"}},{"nom":"Évian-les-Bains","code":"74119","codesPostaux":["74500"],"centre":{"type":"Point","coordinates":[6.5911,46.3911]},"surface":439.88,"population":9267,"departement":{"code":"74","nom":"Haute-Savoie"},"region":{"code":"84","nom":"Auvergne-Rhône-Alpes"}},{"nom":"Excenevex","code":"74121","codesPostaux":["74140"],"centre":{"type":"Point","coordinates":[6.3406,46.3502]},"surface":670.8,"population":1327,"departement":{"code":"74","nom":"Haute-Savoie"},"region":{"code":"84","nom":"Auvergne-Rhône-Alpes"}},{"nom":"Faucigny","code":"74122","codesPostaux":["74130"],"centre":{"type":"Point","coordinates":[6.3689,46.115]},"surface":491.97,"population":684,"departement":{"code":"74","nom":"Haute-Savoie"},"region":{"code":"84","nom":"Auvergne-Rhône-Alpes"}},{"nom":"Faverges-Seythenex","code":"74123","codesPostaux":["74210"],"centre":{"type":"Point","coordinates":[6.2896,45.7342]},"surface":5920.32,"population":7545,"departement":{"code":"74","nom":"Haute-Savoie"},"region":{"code":"84","nom":"Auvergne-Rhône-Alpes"}},{"nom":"Feigères","code":"74124","codesPostaux":["74160"],"centre":{"type":"Point","coordinates":[6.0722,46.1129]},"surface":761.42,"population":1879,"departement":{"code":"74","nom":"Haute-Savoie"},"region":{"code":"84","nom":"Auvergne-Rhône-Alpes"}},{"nom":"Fessy","code":"74126","codesPostaux":["74890"],"centre":{"type":"Point","coordinates":[6.4167,46.2745]},"surface":850.87,"population":1076,"departement":{"code":"74","nom":"Haute-Savoie"},"region":{"code":"84","nom":"Auvergne-Rhône-Alpes"}},{"nom":"Féternes","code":"74127","codesPostaux":["74500"],"centre":{"type":"Point","coordinates":[6.5586,46.3466]},"surface":1424.67,"population":1550,"departement":{"code":"74","nom":"Haute-Savoie"},"region":{"code":"84","nom":"Auvergne-Rhône-Alpes"}},{"nom":"Fillinges","code":"74128","codesPostaux":["74250"],"centre":{"type":"Point","coordinates":[6.3465,46.1703]},"surface":1167.96,"population":3671,"departement":{"code":"74","nom":"Haute-Savoie"},"region":{"code":"84","nom":"Auvergne-Rhône-Alpes"}},{"nom":"La Forclaz","code":"74129","codesPostaux":["74200"],"centre":{"type":"Point","coordinates":[6.6161,46.3157]},"surface":400.28,"population":219,"departement":{"code":"74","nom":"Haute-Savoie"},"region":{"code":"84","nom":"Auvergne-Rhône-Alpes"}},{"nom":"Franclens","code":"74130","codesPostaux":["74910"],"centre":{"type":"Point","coordinates":[5.8271,46.0441]},"surface":534.58,"population":541,"departement":{"code":"74","nom":"Haute-Savoie"},"region":{"code":"84","nom":"Auvergne-Rhône-Alpes"}},{"nom":"Frangy","code":"74131","codesPostaux":["74270"],"centre":{"type":"Point","coordinates":[5.9224,46.0231]},"surface":967.01,"population":2262,"departement":{"code":"74","nom":"Haute-Savoie"},"region":{"code":"84","nom":"Auvergne-Rhône-Alpes"}},{"nom":"Gaillard","code":"74133","codesPostaux":["74240"],"centre":{"type":"Point","coordinates":[6.2051,46.1841]},"surface":392.27,"population":11423,"departement":{"code":"74","nom":"Haute-Savoie"},"region":{"code":"84","nom":"Auvergne-Rhône-Alpes"}},{"nom":"Les Gets","code":"74134","codesPostaux":["74260"],"centre":{"type":"Point","coordinates":[6.6571,46.1553]},"surface":2989.88,"population":1227,"departement":{"code":"74","nom":"Haute-Savoie"},"region":{"code":"84","nom":"Auvergne-Rhône-Alpes"}},{"nom":"Giez","code":"74135","codesPostaux":["74210"],"centre":{"type":"Point","coordinates":[6.2463,45.7348]},"surface":1262.5,"population":570,"departement":{"code":"74","nom":"Haute-Savoie"},"region":{"code":"84","nom":"Auvergne-Rhône-Alpes"}},{"nom":"Le Grand-Bornand","code":"74136","codesPostaux":["74450"],"centre":{"type":"Point","coordinates":[6.4797,45.9596]},"surface":6129.08,"population":2050,"departement":{"code":"74","nom":"Haute-Savoie"},"region":{"code":"84","nom":"Auvergne-Rhône-Alpes"}},{"nom":"Groisy","code":"74137","codesPostaux":["74570"],"centre":{"type":"Point","coordinates":[6.1722,46.0178]},"surface":2138.93,"population":4082,"departement":{"code":"74","nom":"Haute-Savoie"},"region":{"code":"84","nom":"Auvergne-Rhône-Alpes"}},{"nom":"Gruffy","code":"74138","codesPostaux":["74540"],"centre":{"type":"Point","coordinates":[6.0643,45.781]},"surface":1443.16,"population":1504,"departement":{"code":"74","nom":"Haute-Savoie"},"region":{"code":"84","nom":"Auvergne-Rhône-Alpes"}},{"nom":"Habère-Lullin","code":"74139","codesPostaux":["74420"],"centre":{"type":"Point","coordinates":[6.4628,46.2347]},"surface":882.93,"population":1122,"departement":{"code":"74","nom":"Haute-Savoie"},"region":{"code":"84","nom":"Auvergne-Rhône-Alpes"}},{"nom":"Habère-Poche","code":"74140","codesPostaux":["74420"],"centre":{"type":"Point","coordinates":[6.4719,46.2543]},"surface":1193,"population":1488,"departement":{"code":"74","nom":"Haute-Savoie"},"region":{"code":"84","nom":"Auvergne-Rhône-Alpes"}},{"nom":"Hauteville-sur-Fier","code":"74141","codesPostaux":["74150"],"centre":{"type":"Point","coordinates":[5.9784,45.9076]},"surface":504.21,"population":1155,"departement":{"code":"74","nom":"Haute-Savoie"},"region":{"code":"84","nom":"Auvergne-Rhône-Alpes"}},{"nom":"Héry-sur-Alby","code":"74142","codesPostaux":["74540"],"centre":{"type":"Point","coordinates":[6.0087,45.79]},"surface":733.88,"population":979,"departement":{"code":"74","nom":"Haute-Savoie"},"region":{"code":"84","nom":"Auvergne-Rhône-Alpes"}},{"nom":"Les Houches","code":"74143","codesPostaux":["74310"],"centre":{"type":"Point","coordinates":[6.7991,45.8919]},"surface":4689.42,"population":3515,"departement":{"code":"74","nom":"Haute-Savoie"},"region":{"code":"84","nom":"Auvergne-Rhône-Alpes"}},{"nom":"Jonzier-Épagny","code":"74144","codesPostaux":["74520"],"centre":{"type":"Point","coordinates":[5.9902,46.0755]},"surface":712.69,"population":942,"departement":{"code":"74","nom":"Haute-Savoie"},"region":{"code":"84","nom":"Auvergne-Rhône-Alpes"}},{"nom":"Juvigny","code":"74145","codesPostaux":["74100"],"centre":{"type":"Point","coordinates":[6.2905,46.2156]},"surface":270.64,"population":639,"departement":{"code":"74","nom":"Haute-Savoie"},"region":{"code":"84","nom":"Auvergne-Rhône-Alpes"}},{"nom":"Larringes","code":"74146","codesPostaux":["74500"],"centre":{"type":"Point","coordinates":[6.5862,46.3711]},"surface":805.31,"population":1592,"departement":{"code":"74","nom":"Haute-Savoie"},"region":{"code":"84","nom":"Auvergne-Rhône-Alpes"}},{"nom":"Lathuile","code":"74147","codesPostaux":["74210"],"centre":{"type":"Point","coordinates":[6.1964,45.7727]},"surface":873.91,"population":1105,"departement":{"code":"74","nom":"Haute-Savoie"},"region":{"code":"84","nom":"Auvergne-Rhône-Alpes"}},{"nom":"Leschaux","code":"74148","codesPostaux":["74320"],"centre":{"type":"Point","coordinates":[6.1173,45.7736]},"surface":1241.82,"population":328,"departement":{"code":"74","nom":"Haute-Savoie"},"region":{"code":"84","nom":"Auvergne-Rhône-Alpes"}},{"nom":"Loisin","code":"74150","codesPostaux":["74140"],"centre":{"type":"Point","coordinates":[6.301,46.2797]},"surface":785.72,"population":1768,"departement":{"code":"74","nom":"Haute-Savoie"},"region":{"code":"84","nom":"Auvergne-Rhône-Alpes"}},{"nom":"Lornay","code":"74151","codesPostaux":["74150"],"centre":{"type":"Point","coordinates":[5.8924,45.9092]},"surface":964.89,"population":588,"departement":{"code":"74","nom":"Haute-Savoie"},"region":{"code":"84","nom":"Auvergne-Rhône-Alpes"}},{"nom":"Lovagny","code":"74152","codesPostaux":["74330"],"centre":{"type":"Point","coordinates":[6.0361,45.9049]},"surface":542.78,"population":1358,"departement":{"code":"74","nom":"Haute-Savoie"},"region":{"code":"84","nom":"Auvergne-Rhône-Alpes"}},{"nom":"Lucinges","code":"74153","codesPostaux":["74380"],"centre":{"type":"Point","coordinates":[6.3284,46.196]},"surface":766.39,"population":1819,"departement":{"code":"74","nom":"Haute-Savoie"},"region":{"code":"84","nom":"Auvergne-Rhône-Alpes"}},{"nom":"Lugrin","code":"74154","codesPostaux":["74500"],"centre":{"type":"Point","coordinates":[6.6748,46.3909]},"surface":1326.63,"population":2614,"departement":{"code":"74","nom":"Haute-Savoie"},"region":{"code":"84","nom":"Auvergne-Rhône-Alpes"}},{"nom":"Lullin","code":"74155","codesPostaux":["74470"],"centre":{"type":"Point","coordinates":[6.5107,46.2765]},"surface":1326.84,"population":809,"departement":{"code":"74","nom":"Haute-Savoie"},"region":{"code":"84","nom":"Auvergne-Rhône-Alpes"}},{"nom":"Lully","code":"74156","codesPostaux":["74890"],"centre":{"type":"Point","coordinates":[6.4086,46.2935]},"surface":484.87,"population":764,"departement":{"code":"74","nom":"Haute-Savoie"},"region":{"code":"84","nom":"Auvergne-Rhône-Alpes"}},{"nom":"Lyaud","code":"74157","codesPostaux":["74200"],"centre":{"type":"Point","coordinates":[6.5193,46.3318]},"surface":920.79,"population":1780,"departement":{"code":"74","nom":"Haute-Savoie"},"region":{"code":"84","nom":"Auvergne-Rhône-Alpes"}},{"nom":"Machilly","code":"74158","codesPostaux":["74140"],"centre":{"type":"Point","coordinates":[6.3223,46.2502]},"surface":575.03,"population":1152,"departement":{"code":"74","nom":"Haute-Savoie"},"region":{"code":"84","nom":"Auvergne-Rhône-Alpes"}},{"nom":"Magland","code":"74159","codesPostaux":["74300"],"centre":{"type":"Point","coordinates":[6.6455,46.009]},"surface":4026.65,"population":3220,"departement":{"code":"74","nom":"Haute-Savoie"},"region":{"code":"84","nom":"Auvergne-Rhône-Alpes"}},{"nom":"Manigod","code":"74160","codesPostaux":["74230"],"centre":{"type":"Point","coordinates":[6.3981,45.8439]},"surface":4399.39,"population":1000,"departement":{"code":"74","nom":"Haute-Savoie"},"region":{"code":"84","nom":"Auvergne-Rhône-Alpes"}},{"nom":"Marcellaz-Albanais","code":"74161","codesPostaux":["74150"],"centre":{"type":"Point","coordinates":[6.0017,45.8731]},"surface":1456.07,"population":2058,"departement":{"code":"74","nom":"Haute-Savoie"},"region":{"code":"84","nom":"Auvergne-Rhône-Alpes"}},{"nom":"Marcellaz","code":"74162","codesPostaux":["74250"],"centre":{"type":"Point","coordinates":[6.3578,46.1435]},"surface":416.78,"population":1082,"departement":{"code":"74","nom":"Haute-Savoie"},"region":{"code":"84","nom":"Auvergne-Rhône-Alpes"}},{"nom":"Margencel","code":"74163","codesPostaux":["74200"],"centre":{"type":"Point","coordinates":[6.4217,46.3294]},"surface":741.66,"population":2273,"departement":{"code":"74","nom":"Haute-Savoie"},"region":{"code":"84","nom":"Auvergne-Rhône-Alpes"}},{"nom":"Marignier","code":"74164","codesPostaux":["74970"],"centre":{"type":"Point","coordinates":[6.4936,46.0977]},"surface":2074.91,"population":6507,"departement":{"code":"74","nom":"Haute-Savoie"},"region":{"code":"84","nom":"Auvergne-Rhône-Alpes"}},{"nom":"Marigny-Saint-Marcel","code":"74165","codesPostaux":["74150"],"centre":{"type":"Point","coordinates":[5.988,45.8315]},"surface":736.79,"population":708,"departement":{"code":"74","nom":"Haute-Savoie"},"region":{"code":"84","nom":"Auvergne-Rhône-Alpes"}},{"nom":"Marin","code":"74166","codesPostaux":["74200"],"centre":{"type":"Point","coordinates":[6.5256,46.3742]},"surface":557.08,"population":1940,"departement":{"code":"74","nom":"Haute-Savoie"},"region":{"code":"84","nom":"Auvergne-Rhône-Alpes"}},{"nom":"Val de Chaise","code":"74167","codesPostaux":["74210"],"centre":{"type":"Point","coordinates":[6.3534,45.7597]},"surface":1865.93,"population":1384,"departement":{"code":"74","nom":"Haute-Savoie"},"region":{"code":"84","nom":"Auvergne-Rhône-Alpes"}},{"nom":"Marlioz","code":"74168","codesPostaux":["74270"],"centre":{"type":"Point","coordinates":[6.0077,46.0274]},"surface":808.36,"population":1062,"departement":{"code":"74","nom":"Haute-Savoie"},"region":{"code":"84","nom":"Auvergne-Rhône-Alpes"}},{"nom":"Marnaz","code":"74169","codesPostaux":["74460"],"centre":{"type":"Point","coordinates":[6.5239,46.0488]},"surface":898.85,"population":5964,"departement":{"code":"74","nom":"Haute-Savoie"},"region":{"code":"84","nom":"Auvergne-Rhône-Alpes"}},{"nom":"Massingy","code":"74170","codesPostaux":["74150"],"centre":{"type":"Point","coordinates":[5.9101,45.8254]},"surface":1235.39,"population":852,"departement":{"code":"74","nom":"Haute-Savoie"},"region":{"code":"84","nom":"Auvergne-Rhône-Alpes"}},{"nom":"Massongy","code":"74171","codesPostaux":["74140"],"centre":{"type":"Point","coordinates":[6.3213,46.3238]},"surface":979.35,"population":1770,"departement":{"code":"74","nom":"Haute-Savoie"},"region":{"code":"84","nom":"Auvergne-Rhône-Alpes"}},{"nom":"Maxilly-sur-Léman","code":"74172","codesPostaux":["74500"],"centre":{"type":"Point","coordinates":[6.6342,46.3946]},"surface":408.91,"population":1528,"departement":{"code":"74","nom":"Haute-Savoie"},"region":{"code":"84","nom":"Auvergne-Rhône-Alpes"}},{"nom":"Megève","code":"74173","codesPostaux":["74120"],"centre":{"type":"Point","coordinates":[6.6241,45.8397]},"surface":4394.03,"population":2893,"departement":{"code":"74","nom":"Haute-Savoie"},"region":{"code":"84","nom":"Auvergne-Rhône-Alpes"}},{"nom":"Mégevette","code":"74174","codesPostaux":["74490"],"centre":{"type":"Point","coordinates":[6.517,46.2105]},"surface":2179.29,"population":619,"departement":{"code":"74","nom":"Haute-Savoie"},"region":{"code":"84","nom":"Auvergne-Rhône-Alpes"}},{"nom":"Meillerie","code":"74175","codesPostaux":["74500"],"centre":{"type":"Point","coordinates":[6.7319,46.3998]},"surface":391.37,"population":293,"departement":{"code":"74","nom":"Haute-Savoie"},"region":{"code":"84","nom":"Auvergne-Rhône-Alpes"}},{"nom":"Menthon-Saint-Bernard","code":"74176","codesPostaux":["74290"],"centre":{"type":"Point","coordinates":[6.1917,45.867]},"surface":665.83,"population":1891,"departement":{"code":"74","nom":"Haute-Savoie"},"region":{"code":"84","nom":"Auvergne-Rhône-Alpes"}},{"nom":"Menthonnex-en-Bornes","code":"74177","codesPostaux":["74350"],"centre":{"type":"Point","coordinates":[6.1803,46.0588]},"surface":852.92,"population":1115,"departement":{"code":"74","nom":"Haute-Savoie"},"region":{"code":"84","nom":"Auvergne-Rhône-Alpes"}},{"nom":"Menthonnex-sous-Clermont","code":"74178","codesPostaux":["74270"],"centre":{"type":"Point","coordinates":[5.9382,45.9596]},"surface":1013.36,"population":811,"departement":{"code":"74","nom":"Haute-Savoie"},"region":{"code":"84","nom":"Auvergne-Rhône-Alpes"}},{"nom":"Mésigny","code":"74179","codesPostaux":["74330"],"centre":{"type":"Point","coordinates":[6.0078,45.9868]},"surface":673.69,"population":804,"departement":{"code":"74","nom":"Haute-Savoie"},"region":{"code":"84","nom":"Auvergne-Rhône-Alpes"}},{"nom":"Messery","code":"74180","codesPostaux":["74140"],"centre":{"type":"Point","coordinates":[6.2982,46.3474]},"surface":920.28,"population":2474,"departement":{"code":"74","nom":"Haute-Savoie"},"region":{"code":"84","nom":"Auvergne-Rhône-Alpes"}},{"nom":"Mieussy","code":"74183","codesPostaux":["74440"],"centre":{"type":"Point","coordinates":[6.5379,46.152]},"surface":4440.05,"population":2530,"departement":{"code":"74","nom":"Haute-Savoie"},"region":{"code":"84","nom":"Auvergne-Rhône-Alpes"}},{"nom":"Minzier","code":"74184","codesPostaux":["74270"],"centre":{"type":"Point","coordinates":[5.9912,46.0603]},"surface":877.48,"population":1090,"departement":{"code":"74","nom":"Haute-Savoie"},"region":{"code":"84","nom":"Auvergne-Rhône-Alpes"}},{"nom":"Monnetier-Mornex","code":"74185","codesPostaux":["74560"],"centre":{"type":"Point","coordinates":[6.2143,46.1525]},"surface":1139.58,"population":2362,"departement":{"code":"74","nom":"Haute-Savoie"},"region":{"code":"84","nom":"Auvergne-Rhône-Alpes"}},{"nom":"Montagny-les-Lanches","code":"74186","codesPostaux":["74600"],"centre":{"type":"Point","coordinates":[6.0453,45.858]},"surface":441.42,"population":830,"departement":{"code":"74","nom":"Haute-Savoie"},"region":{"code":"84","nom":"Auvergne-Rhône-Alpes"}},{"nom":"Montriond","code":"74188","codesPostaux":["74110"],"centre":{"type":"Point","coordinates":[6.7448,46.2048]},"surface":2480.58,"population":969,"departement":{"code":"74","nom":"Haute-Savoie"},"region":{"code":"84","nom":"Auvergne-Rhône-Alpes"}},{"nom":"Mont-Saxonnex","code":"74189","codesPostaux":["74130"],"centre":{"type":"Point","coordinates":[6.4828,46.0316]},"surface":2584.53,"population":1622,"departement":{"code":"74","nom":"Haute-Savoie"},"region":{"code":"84","nom":"Auvergne-Rhône-Alpes"}},{"nom":"Morillon","code":"74190","codesPostaux":["74440"],"centre":{"type":"Point","coordinates":[6.6717,46.062]},"surface":1451.52,"population":719,"departement":{"code":"74","nom":"Haute-Savoie"},"region":{"code":"84","nom":"Auvergne-Rhône-Alpes"}},{"nom":"Morzine","code":"74191","codesPostaux":["74110"],"centre":{"type":"Point","coordinates":[6.7432,46.172]},"surface":4407.86,"population":2658,"departement":{"code":"74","nom":"Haute-Savoie"},"region":{"code":"84","nom":"Auvergne-Rhône-Alpes"}},{"nom":"Moye","code":"74192","codesPostaux":["74150"],"centre":{"type":"Point","coordinates":[5.8971,45.868]},"surface":2362.96,"population":985,"departement":{"code":"74","nom":"Haute-Savoie"},"region":{"code":"84","nom":"Auvergne-Rhône-Alpes"}},{"nom":"La Muraz","code":"74193","codesPostaux":["74560"],"centre":{"type":"Point","coordinates":[6.1967,46.119]},"surface":1434.06,"population":1048,"departement":{"code":"74","nom":"Haute-Savoie"},"region":{"code":"84","nom":"Auvergne-Rhône-Alpes"}},{"nom":"Mûres","code":"74194","codesPostaux":["74540"],"centre":{"type":"Point","coordinates":[6.0391,45.8074]},"surface":523.28,"population":870,"departement":{"code":"74","nom":"Haute-Savoie"},"region":{"code":"84","nom":"Auvergne-Rhône-Alpes"}},{"nom":"Musièges","code":"74195","codesPostaux":["74270"],"centre":{"type":"Point","coordinates":[5.9522,46.0146]},"surface":297.22,"population":422,"departement":{"code":"74","nom":"Haute-Savoie"},"region":{"code":"84","nom":"Auvergne-Rhône-Alpes"}},{"nom":"Nancy-sur-Cluses","code":"74196","codesPostaux":["74300"],"centre":{"type":"Point","coordinates":[6.5759,46.0226]},"surface":1423.24,"population":463,"departement":{"code":"74","nom":"Haute-Savoie"},"region":{"code":"84","nom":"Auvergne-Rhône-Alpes"}},{"nom":"Nangy","code":"74197","codesPostaux":["74380"],"centre":{"type":"Point","coordinates":[6.3046,46.1483]},"surface":434.89,"population":1771,"departement":{"code":"74","nom":"Haute-Savoie"},"region":{"code":"84","nom":"Auvergne-Rhône-Alpes"}},{"nom":"Nâves-Parmelan","code":"74198","codesPostaux":["74370"],"centre":{"type":"Point","coordinates":[6.1956,45.9332]},"surface":537.96,"population":1000,"departement":{"code":"74","nom":"Haute-Savoie"},"region":{"code":"84","nom":"Auvergne-Rhône-Alpes"}},{"nom":"Nernier","code":"74199","codesPostaux":["74140"],"centre":{"type":"Point","coordinates":[6.3049,46.3608]},"surface":182.77,"population":423,"departement":{"code":"74","nom":"Haute-Savoie"},"region":{"code":"84","nom":"Auvergne-Rhône-Alpes"}},{"nom":"Neuvecelle","code":"74200","codesPostaux":["74500"],"centre":{"type":"Point","coordinates":[6.6091,46.3929]},"surface":400.64,"population":3256,"departement":{"code":"74","nom":"Haute-Savoie"},"region":{"code":"84","nom":"Auvergne-Rhône-Alpes"}},{"nom":"Neydens","code":"74201","codesPostaux":["74160"],"centre":{"type":"Point","coordinates":[6.1103,46.1189]},"surface":700.15,"population":2250,"departement":{"code":"74","nom":"Haute-Savoie"},"region":{"code":"84","nom":"Auvergne-Rhône-Alpes"}},{"nom":"Nonglard","code":"74202","codesPostaux":["74330"],"centre":{"type":"Point","coordinates":[6.0279,45.9218]},"surface":413.21,"population":733,"departement":{"code":"74","nom":"Haute-Savoie"},"region":{"code":"84","nom":"Auvergne-Rhône-Alpes"}},{"nom":"Novel","code":"74203","codesPostaux":["74500"],"centre":{"type":"Point","coordinates":[6.7661,46.3606]},"surface":941.22,"population":55,"departement":{"code":"74","nom":"Haute-Savoie"},"region":{"code":"84","nom":"Auvergne-Rhône-Alpes"}},{"nom":"Onnion","code":"74205","codesPostaux":["74490"],"centre":{"type":"Point","coordinates":[6.5021,46.1858]},"surface":1890.07,"population":1299,"departement":{"code":"74","nom":"Haute-Savoie"},"region":{"code":"84","nom":"Auvergne-Rhône-Alpes"}},{"nom":"Orcier","code":"74206","codesPostaux":["74550"],"centre":{"type":"Point","coordinates":[6.5026,46.3124]},"surface":940.16,"population":1079,"departement":{"code":"74","nom":"Haute-Savoie"},"region":{"code":"84","nom":"Auvergne-Rhône-Alpes"}},{"nom":"Passy","code":"74208","codesPostaux":["74190"],"centre":{"type":"Point","coordinates":[6.7507,45.9579]},"surface":8001.47,"population":10856,"departement":{"code":"74","nom":"Haute-Savoie"},"region":{"code":"84","nom":"Auvergne-Rhône-Alpes"}},{"nom":"Peillonnex","code":"74209","codesPostaux":["74250"],"centre":{"type":"Point","coordinates":[6.3825,46.1326]},"surface":642.17,"population":1381,"departement":{"code":"74","nom":"Haute-Savoie"},"region":{"code":"84","nom":"Auvergne-Rhône-Alpes"}},{"nom":"Perrignier","code":"74210","codesPostaux":["74550"],"centre":{"type":"Point","coordinates":[6.4364,46.3066]},"surface":786.64,"population":1905,"departement":{"code":"74","nom":"Haute-Savoie"},"region":{"code":"84","nom":"Auvergne-Rhône-Alpes"}},{"nom":"Pers-Jussy","code":"74211","codesPostaux":["74930"],"centre":{"type":"Point","coordinates":[6.264,46.1006]},"surface":1864.38,"population":3245,"departement":{"code":"74","nom":"Haute-Savoie"},"region":{"code":"84","nom":"Auvergne-Rhône-Alpes"}},{"nom":"Glières-Val-de-Borne","code":"74212","codesPostaux":["74130"],"centre":{"type":"Point","coordinates":[6.3933,45.9855]},"surface":7156.54,"population":1824,"departement":{"code":"74","nom":"Haute-Savoie"},"region":{"code":"84","nom":"Auvergne-Rhône-Alpes"}},{"nom":"Poisy","code":"74213","codesPostaux":["74330"],"centre":{"type":"Point","coordinates":[6.0623,45.9191]},"surface":1139.7,"population":9291,"departement":{"code":"74","nom":"Haute-Savoie"},"region":{"code":"84","nom":"Auvergne-Rhône-Alpes"}},{"nom":"Praz-sur-Arly","code":"74215","codesPostaux":["74120"],"centre":{"type":"Point","coordinates":[6.5859,45.828]},"surface":2264.54,"population":1311,"departement":{"code":"74","nom":"Haute-Savoie"},"region":{"code":"84","nom":"Auvergne-Rhône-Alpes"}},{"nom":"Présilly","code":"74216","codesPostaux":["74160"],"centre":{"type":"Point","coordinates":[6.089,46.0846]},"surface":861.47,"population":1116,"departement":{"code":"74","nom":"Haute-Savoie"},"region":{"code":"84","nom":"Auvergne-Rhône-Alpes"}},{"nom":"Publier","code":"74218","codesPostaux":["74500"],"centre":{"type":"Point","coordinates":[6.5428,46.3914]},"surface":896.66,"population":7864,"departement":{"code":"74","nom":"Haute-Savoie"},"region":{"code":"84","nom":"Auvergne-Rhône-Alpes"}},{"nom":"Quintal","code":"74219","codesPostaux":["74600"],"centre":{"type":"Point","coordinates":[6.0911,45.8321]},"surface":911.6,"population":1257,"departement":{"code":"74","nom":"Haute-Savoie"},"region":{"code":"84","nom":"Auvergne-Rhône-Alpes"}},{"nom":"Reignier-Ésery","code":"74220","codesPostaux":["74930"],"centre":{"type":"Point","coordinates":[6.2646,46.1367]},"surface":2506.52,"population":8464,"departement":{"code":"74","nom":"Haute-Savoie"},"region":{"code":"84","nom":"Auvergne-Rhône-Alpes"}},{"nom":"Le Reposoir","code":"74221","codesPostaux":["74950"],"centre":{"type":"Point","coordinates":[6.5183,45.9933]},"surface":3725.86,"population":565,"departement":{"code":"74","nom":"Haute-Savoie"},"region":{"code":"84","nom":"Auvergne-Rhône-Alpes"}},{"nom":"Reyvroz","code":"74222","codesPostaux":["74200"],"centre":{"type":"Point","coordinates":[6.5616,46.3231]},"surface":979.37,"population":500,"departement":{"code":"74","nom":"Haute-Savoie"},"region":{"code":"84","nom":"Auvergne-Rhône-Alpes"}},{"nom":"La Rivière-Enverse","code":"74223","codesPostaux":["74440"],"centre":{"type":"Point","coordinates":[6.627,46.0855]},"surface":800.89,"population":504,"departement":{"code":"74","nom":"Haute-Savoie"},"region":{"code":"84","nom":"Auvergne-Rhône-Alpes"}},{"nom":"La Roche-sur-Foron","code":"74224","codesPostaux":["74800"],"centre":{"type":"Point","coordinates":[6.3002,46.0461]},"surface":1788.38,"population":11348,"departement":{"code":"74","nom":"Haute-Savoie"},"region":{"code":"84","nom":"Auvergne-Rhône-Alpes"}},{"nom":"Rumilly","code":"74225","codesPostaux":["74150"],"centre":{"type":"Point","coordinates":[5.9412,45.8554]},"surface":1698.74,"population":16442,"departement":{"code":"74","nom":"Haute-Savoie"},"region":{"code":"84","nom":"Auvergne-Rhône-Alpes"}},{"nom":"Saint-André-de-Boëge","code":"74226","codesPostaux":["74420"],"centre":{"type":"Point","coordinates":[6.3825,46.1948]},"surface":1256.08,"population":597,"departement":{"code":"74","nom":"Haute-Savoie"},"region":{"code":"84","nom":"Auvergne-Rhône-Alpes"}},{"nom":"Saint-Blaise","code":"74228","codesPostaux":["74350"],"centre":{"type":"Point","coordinates":[6.0917,46.0653]},"surface":255.36,"population":383,"departement":{"code":"74","nom":"Haute-Savoie"},"region":{"code":"84","nom":"Auvergne-Rhône-Alpes"}},{"nom":"Saint-Cergues","code":"74229","codesPostaux":["74140"],"centre":{"type":"Point","coordinates":[6.3248,46.2335]},"surface":1248.7,"population":3869,"departement":{"code":"74","nom":"Haute-Savoie"},"region":{"code":"84","nom":"Auvergne-Rhône-Alpes"}},{"nom":"Saint-Eusèbe","code":"74231","codesPostaux":["74150"],"centre":{"type":"Point","coordinates":[5.9615,45.9264]},"surface":691.17,"population":633,"departement":{"code":"74","nom":"Haute-Savoie"},"region":{"code":"84","nom":"Auvergne-Rhône-Alpes"}},{"nom":"Saint-Eustache","code":"74232","codesPostaux":["74410"],"centre":{"type":"Point","coordinates":[6.1439,45.7952]},"surface":1053.91,"population":496,"departement":{"code":"74","nom":"Haute-Savoie"},"region":{"code":"84","nom":"Auvergne-Rhône-Alpes"}},{"nom":"Saint-Félix","code":"74233","codesPostaux":["74540"],"centre":{"type":"Point","coordinates":[5.9774,45.8078]},"surface":660.08,"population":2439,"departement":{"code":"74","nom":"Haute-Savoie"},"region":{"code":"84","nom":"Auvergne-Rhône-Alpes"}},{"nom":"Saint-Ferréol","code":"74234","codesPostaux":["74210"],"centre":{"type":"Point","coordinates":[6.3075,45.7835]},"surface":1675.58,"population":874,"departement":{"code":"74","nom":"Haute-Savoie"},"region":{"code":"84","nom":"Auvergne-Rhône-Alpes"}},{"nom":"Saint-Germain-sur-Rhône","code":"74235","codesPostaux":["74910"],"centre":{"type":"Point","coordinates":[5.8294,46.0721]},"surface":786.23,"population":646,"departement":{"code":"74","nom":"Haute-Savoie"},"region":{"code":"84","nom":"Auvergne-Rhône-Alpes"}},{"nom":"Saint-Gervais-les-Bains","code":"74236","codesPostaux":["74170"],"centre":{"type":"Point","coordinates":[6.7637,45.8554]},"surface":8669.11,"population":5755,"departement":{"code":"74","nom":"Haute-Savoie"},"region":{"code":"84","nom":"Auvergne-Rhône-Alpes"}},{"nom":"Saint-Gingolph","code":"74237","codesPostaux":["74500"],"centre":{"type":"Point","coordinates":[6.7768,46.389]},"surface":737.76,"population":903,"departement":{"code":"74","nom":"Haute-Savoie"},"region":{"code":"84","nom":"Auvergne-Rhône-Alpes"}},{"nom":"Saint-Jean-d'Aulps","code":"74238","codesPostaux":["74430"],"centre":{"type":"Point","coordinates":[6.6644,46.2284]},"surface":4032.66,"population":1492,"departement":{"code":"74","nom":"Haute-Savoie"},"region":{"code":"84","nom":"Auvergne-Rhône-Alpes"}},{"nom":"Saint-Jean-de-Sixt","code":"74239","codesPostaux":["74450"],"centre":{"type":"Point","coordinates":[6.4104,45.9241]},"surface":1220.42,"population":1561,"departement":{"code":"74","nom":"Haute-Savoie"},"region":{"code":"84","nom":"Auvergne-Rhône-Alpes"}},{"nom":"Saint-Jean-de-Tholome","code":"74240","codesPostaux":["74250"],"centre":{"type":"Point","coordinates":[6.4175,46.1122]},"surface":1236.88,"population":1180,"departement":{"code":"74","nom":"Haute-Savoie"},"region":{"code":"84","nom":"Auvergne-Rhône-Alpes"}},{"nom":"Saint-Jeoire","code":"74241","codesPostaux":["74490"],"centre":{"type":"Point","coordinates":[6.4696,46.1446]},"surface":2277.01,"population":3457,"departement":{"code":"74","nom":"Haute-Savoie"},"region":{"code":"84","nom":"Auvergne-Rhône-Alpes"}},{"nom":"Saint-Jorioz","code":"74242","codesPostaux":["74410"],"centre":{"type":"Point","coordinates":[6.1496,45.8247]},"surface":2283.47,"population":6390,"departement":{"code":"74","nom":"Haute-Savoie"},"region":{"code":"84","nom":"Auvergne-Rhône-Alpes"}},{"nom":"Saint-Julien-en-Genevois","code":"74243","codesPostaux":["74160"],"centre":{"type":"Point","coordinates":[6.0877,46.1375]},"surface":1064.05,"population":16222,"departement":{"code":"74","nom":"Haute-Savoie"},"region":{"code":"84","nom":"Auvergne-Rhône-Alpes"}},{"nom":"Saint-Laurent","code":"74244","codesPostaux":["74800"],"centre":{"type":"Point","coordinates":[6.3588,46.0367]},"surface":1093.66,"population":841,"departement":{"code":"74","nom":"Haute-Savoie"},"region":{"code":"84","nom":"Auvergne-Rhône-Alpes"}},{"nom":"Saint-Paul-en-Chablais","code":"74249","codesPostaux":["74500"],"centre":{"type":"Point","coordinates":[6.6393,46.3685]},"surface":1437.65,"population":2613,"departement":{"code":"74","nom":"Haute-Savoie"},"region":{"code":"84","nom":"Auvergne-Rhône-Alpes"}},{"nom":"Saint-Pierre-en-Faucigny","code":"74250","codesPostaux":["74800"],"centre":{"type":"Point","coordinates":[6.3735,46.0591]},"surface":1497.99,"population":7865,"departement":{"code":"74","nom":"Haute-Savoie"},"region":{"code":"84","nom":"Auvergne-Rhône-Alpes"}},{"nom":"Saint-Sigismond","code":"74252","codesPostaux":["74300"],"centre":{"type":"Point","coordinates":[6.6184,46.0743]},"surface":789.94,"population":641,"departement":{"code":"74","nom":"Haute-Savoie"},"region":{"code":"84","nom":"Auvergne-Rhône-Alpes"}},{"nom":"Saint-Sixt","code":"74253","codesPostaux":["74800"],"centre":{"type":"Point","coordinates":[6.3216,46.039]},"surface":521.64,"population":1016,"departement":{"code":"74","nom":"Haute-Savoie"},"region":{"code":"84","nom":"Auvergne-Rhône-Alpes"}},{"nom":"Saint-Sylvestre","code":"74254","codesPostaux":["74540"],"centre":{"type":"Point","coordinates":[6.0105,45.8419]},"surface":533.84,"population":595,"departement":{"code":"74","nom":"Haute-Savoie"},"region":{"code":"84","nom":"Auvergne-Rhône-Alpes"}},{"nom":"Sales","code":"74255","codesPostaux":["74150"],"centre":{"type":"Point","coordinates":[5.9609,45.8809]},"surface":922.3,"population":2325,"departement":{"code":"74","nom":"Haute-Savoie"},"region":{"code":"84","nom":"Auvergne-Rhône-Alpes"}},{"nom":"Sallanches","code":"74256","codesPostaux":["74700"],"centre":{"type":"Point","coordinates":[6.6041,45.9323]},"surface":6559.89,"population":17319,"departement":{"code":"74","nom":"Haute-Savoie"},"region":{"code":"84","nom":"Auvergne-Rhône-Alpes"}},{"nom":"Sallenôves","code":"74257","codesPostaux":["74270"],"centre":{"type":"Point","coordinates":[5.9928,46.004]},"surface":364.4,"population":849,"departement":{"code":"74","nom":"Haute-Savoie"},"region":{"code":"84","nom":"Auvergne-Rhône-Alpes"}},{"nom":"Samoëns","code":"74258","codesPostaux":["74340"],"centre":{"type":"Point","coordinates":[6.7553,46.0762]},"surface":9723.09,"population":2203,"departement":{"code":"74","nom":"Haute-Savoie"},"region":{"code":"84","nom":"Auvergne-Rhône-Alpes"}},{"nom":"Le Sappey","code":"74259","codesPostaux":["74350"],"centre":{"type":"Point","coordinates":[6.1606,46.0888]},"surface":1361.32,"population":468,"departement":{"code":"74","nom":"Haute-Savoie"},"region":{"code":"84","nom":"Auvergne-Rhône-Alpes"}},{"nom":"Savigny","code":"74260","codesPostaux":["74520"],"centre":{"type":"Point","coordinates":[5.9487,46.068]},"surface":1037.64,"population":1041,"departement":{"code":"74","nom":"Haute-Savoie"},"region":{"code":"84","nom":"Auvergne-Rhône-Alpes"}},{"nom":"Saxel","code":"74261","codesPostaux":["74420"],"centre":{"type":"Point","coordinates":[6.4021,46.2457]},"surface":561.81,"population":518,"departement":{"code":"74","nom":"Haute-Savoie"},"region":{"code":"84","nom":"Auvergne-Rhône-Alpes"}},{"nom":"Scientrier","code":"74262","codesPostaux":["74930"],"centre":{"type":"Point","coordinates":[6.3176,46.1211]},"surface":721.45,"population":1273,"departement":{"code":"74","nom":"Haute-Savoie"},"region":{"code":"84","nom":"Auvergne-Rhône-Alpes"}},{"nom":"Sciez","code":"74263","codesPostaux":["74140"],"centre":{"type":"Point","coordinates":[6.3748,46.3243]},"surface":2044.98,"population":6447,"departement":{"code":"74","nom":"Haute-Savoie"},"region":{"code":"84","nom":"Auvergne-Rhône-Alpes"}},{"nom":"Scionzier","code":"74264","codesPostaux":["74950"],"centre":{"type":"Point","coordinates":[6.545,46.0497]},"surface":1059.89,"population":9162,"departement":{"code":"74","nom":"Haute-Savoie"},"region":{"code":"84","nom":"Auvergne-Rhône-Alpes"}},{"nom":"Serraval","code":"74265","codesPostaux":["74230"],"centre":{"type":"Point","coordinates":[6.3306,45.8064]},"surface":1970.25,"population":758,"departement":{"code":"74","nom":"Haute-Savoie"},"region":{"code":"84","nom":"Auvergne-Rhône-Alpes"}},{"nom":"Servoz","code":"74266","codesPostaux":["74310"],"centre":{"type":"Point","coordinates":[6.7836,45.9458]},"surface":1344.52,"population":1169,"departement":{"code":"74","nom":"Haute-Savoie"},"region":{"code":"84","nom":"Auvergne-Rhône-Alpes"}},{"nom":"Sevrier","code":"74267","codesPostaux":["74320"],"centre":{"type":"Point","coordinates":[6.1373,45.8572]},"surface":1843.5,"population":4333,"departement":{"code":"74","nom":"Haute-Savoie"},"region":{"code":"84","nom":"Auvergne-Rhône-Alpes"}},{"nom":"Seyssel","code":"74269","codesPostaux":["74910"],"centre":{"type":"Point","coordinates":[5.8531,45.9621]},"surface":1694.8,"population":2321,"departement":{"code":"74","nom":"Haute-Savoie"},"region":{"code":"84","nom":"Auvergne-Rhône-Alpes"}},{"nom":"Seytroux","code":"74271","codesPostaux":["74430"],"centre":{"type":"Point","coordinates":[6.6071,46.2385]},"surface":1851.55,"population":538,"departement":{"code":"74","nom":"Haute-Savoie"},"region":{"code":"84","nom":"Auvergne-Rhône-Alpes"}},{"nom":"Sillingy","code":"74272","codesPostaux":["74330"],"centre":{"type":"Point","coordinates":[6.035,45.9517]},"surface":1476.7,"population":5826,"departement":{"code":"74","nom":"Haute-Savoie"},"region":{"code":"84","nom":"Auvergne-Rhône-Alpes"}},{"nom":"Sixt-Fer-à-Cheval","code":"74273","codesPostaux":["74740"],"centre":{"type":"Point","coordinates":[6.8112,46.0491]},"surface":11891.8,"population":736,"departement":{"code":"74","nom":"Haute-Savoie"},"region":{"code":"84","nom":"Auvergne-Rhône-Alpes"}},{"nom":"Talloires-Montmin","code":"74275","codesPostaux":["74210","74290"],"centre":{"type":"Point","coordinates":[6.2319,45.8171]},"surface":4207.09,"population":1903,"departement":{"code":"74","nom":"Haute-Savoie"},"region":{"code":"84","nom":"Auvergne-Rhône-Alpes"}},{"nom":"Taninges","code":"74276","codesPostaux":["74440"],"centre":{"type":"Point","coordinates":[6.6137,46.1341]},"surface":4255.2,"population":3491,"departement":{"code":"74","nom":"Haute-Savoie"},"region":{"code":"84","nom":"Auvergne-Rhône-Alpes"}},{"nom":"Thyez","code":"74278","codesPostaux":["74300"],"centre":{"type":"Point","coordinates":[6.536,46.0899]},"surface":977.45,"population":6309,"departement":{"code":"74","nom":"Haute-Savoie"},"region":{"code":"84","nom":"Auvergne-Rhône-Alpes"}},{"nom":"Thollon-les-Mémises","code":"74279","codesPostaux":["74500"],"centre":{"type":"Point","coordinates":[6.7373,46.3841]},"surface":1394.92,"population":879,"departement":{"code":"74","nom":"Haute-Savoie"},"region":{"code":"84","nom":"Auvergne-Rhône-Alpes"}},{"nom":"Thônes","code":"74280","codesPostaux":["74230"],"centre":{"type":"Point","coordinates":[6.3329,45.8834]},"surface":5224.62,"population":6654,"departement":{"code":"74","nom":"Haute-Savoie"},"region":{"code":"84","nom":"Auvergne-Rhône-Alpes"}},{"nom":"Thonon-les-Bains","code":"74281","codesPostaux":["74200"],"centre":{"type":"Point","coordinates":[6.4776,46.3745]},"surface":1631.92,"population":37928,"departement":{"code":"74","nom":"Haute-Savoie"},"region":{"code":"84","nom":"Auvergne-Rhône-Alpes"}},{"nom":"Fillière","code":"74282","codesPostaux":["74370","74570"],"centre":{"type":"Point","coordinates":[6.2275,46.0057]},"surface":11906.68,"population":10075,"departement":{"code":"74","nom":"Haute-Savoie"},"region":{"code":"84","nom":"Auvergne-Rhône-Alpes"}},{"nom":"Thusy","code":"74283","codesPostaux":["74150"],"centre":{"type":"Point","coordinates":[5.9641,45.9466]},"surface":1076.87,"population":1181,"departement":{"code":"74","nom":"Haute-Savoie"},"region":{"code":"84","nom":"Auvergne-Rhône-Alpes"}},{"nom":"La Tour","code":"74284","codesPostaux":["74250"],"centre":{"type":"Point","coordinates":[6.4245,46.1356]},"surface":770.98,"population":1329,"departement":{"code":"74","nom":"Haute-Savoie"},"region":{"code":"84","nom":"Auvergne-Rhône-Alpes"}},{"nom":"Usinens","code":"74285","codesPostaux":["74910"],"centre":{"type":"Point","coordinates":[5.85,46.0131]},"surface":747.73,"population":433,"departement":{"code":"74","nom":"Haute-Savoie"},"region":{"code":"84","nom":"Auvergne-Rhône-Alpes"}},{"nom":"Vacheresse","code":"74286","codesPostaux":["74360"],"centre":{"type":"Point","coordinates":[6.7027,46.3245]},"surface":3107.41,"population":939,"departement":{"code":"74","nom":"Haute-Savoie"},"region":{"code":"84","nom":"Auvergne-Rhône-Alpes"}},{"nom":"Vailly","code":"74287","codesPostaux":["74470"],"centre":{"type":"Point","coordinates":[6.5455,46.2908]},"surface":1883.15,"population":907,"departement":{"code":"74","nom":"Haute-Savoie"},"region":{"code":"84","nom":"Auvergne-Rhône-Alpes"}},{"nom":"Valleiry","code":"74288","codesPostaux":["74520"],"centre":{"type":"Point","coordinates":[5.9706,46.1153]},"surface":695.83,"population":5264,"departement":{"code":"74","nom":"Haute-Savoie"},"region":{"code":"84","nom":"Auvergne-Rhône-Alpes"}},{"nom":"Vallières-sur-Fier","code":"74289","codesPostaux":["74150"],"centre":{"type":"Point","coordinates":[5.9144,45.9151]},"surface":1924.77,"population":2860,"departement":{"code":"74","nom":"Haute-Savoie"},"region":{"code":"84","nom":"Auvergne-Rhône-Alpes"}},{"nom":"Vallorcine","code":"74290","codesPostaux":["74660"],"centre":{"type":"Point","coordinates":[6.9037,46.0269]},"surface":4450.26,"population":453,"departement":{"code":"74","nom":"Haute-Savoie"},"region":{"code":"84","nom":"Auvergne-Rhône-Alpes"}},{"nom":"Vanzy","code":"74291","codesPostaux":["74270"],"centre":{"type":"Point","coordinates":[5.8726,46.0342]},"surface":559.9,"population":351,"departement":{"code":"74","nom":"Haute-Savoie"},"region":{"code":"84","nom":"Auvergne-Rhône-Alpes"}},{"nom":"Vaulx","code":"74292","codesPostaux":["74150"],"centre":{"type":"Point","coordinates":[5.9983,45.9258]},"surface":1119.61,"population":1086,"departement":{"code":"74","nom":"Haute-Savoie"},"region":{"code":"84","nom":"Auvergne-Rhône-Alpes"}},{"nom":"Veigy-Foncenex","code":"74293","codesPostaux":["74140"],"centre":{"type":"Point","coordinates":[6.2692,46.27]},"surface":1298.06,"population":4141,"departement":{"code":"74","nom":"Haute-Savoie"},"region":{"code":"84","nom":"Auvergne-Rhône-Alpes"}},{"nom":"Verchaix","code":"74294","codesPostaux":["74440"],"centre":{"type":"Point","coordinates":[6.6942,46.1238]},"surface":1589.49,"population":830,"departement":{"code":"74","nom":"Haute-Savoie"},"region":{"code":"84","nom":"Auvergne-Rhône-Alpes"}},{"nom":"La Vernaz","code":"74295","codesPostaux":["74200"],"centre":{"type":"Point","coordinates":[6.5976,46.3068]},"surface":774.22,"population":280,"departement":{"code":"74","nom":"Haute-Savoie"},"region":{"code":"84","nom":"Auvergne-Rhône-Alpes"}},{"nom":"Vers","code":"74296","codesPostaux":["74160"],"centre":{"type":"Point","coordinates":[6.0279,46.0905]},"surface":595.76,"population":975,"departement":{"code":"74","nom":"Haute-Savoie"},"region":{"code":"84","nom":"Auvergne-Rhône-Alpes"}},{"nom":"Versonnex","code":"74297","codesPostaux":["74150"],"centre":{"type":"Point","coordinates":[5.9273,45.9248]},"surface":423.02,"population":714,"departement":{"code":"74","nom":"Haute-Savoie"},"region":{"code":"84","nom":"Auvergne-Rhône-Alpes"}},{"nom":"Vétraz-Monthoux","code":"74298","codesPostaux":["74100"],"centre":{"type":"Point","coordinates":[6.2597,46.1818]},"surface":711.08,"population":10949,"departement":{"code":"74","nom":"Haute-Savoie"},"region":{"code":"84","nom":"Auvergne-Rhône-Alpes"}},{"nom":"Veyrier-du-Lac","code":"74299","codesPostaux":["74290"],"centre":{"type":"Point","coordinates":[6.1755,45.8854]},"surface":1325.44,"population":2320,"departement":{"code":"74","nom":"Haute-Savoie"},"region":{"code":"84","nom":"Auvergne-Rhône-Alpes"}},{"nom":"Villard","code":"74301","codesPostaux":["74420"],"centre":{"type":"Point","coordinates":[6.449,46.213]},"surface":740.45,"population":947,"departement":{"code":"74","nom":"Haute-Savoie"},"region":{"code":"84","nom":"Auvergne-Rhône-Alpes"}},{"nom":"Les Villards-sur-Thônes","code":"74302","codesPostaux":["74230"],"centre":{"type":"Point","coordinates":[6.3746,45.9148]},"surface":1329.78,"population":1132,"departement":{"code":"74","nom":"Haute-Savoie"},"region":{"code":"84","nom":"Auvergne-Rhône-Alpes"}},{"nom":"Villaz","code":"74303","codesPostaux":["74370"],"centre":{"type":"Point","coordinates":[6.1999,45.9538]},"surface":1526.51,"population":3607,"departement":{"code":"74","nom":"Haute-Savoie"},"region":{"code":"84","nom":"Auvergne-Rhône-Alpes"}},{"nom":"Ville-en-Sallaz","code":"74304","codesPostaux":["74250"],"centre":{"type":"Point","coordinates":[6.4178,46.1465]},"surface":336.38,"population":899,"departement":{"code":"74","nom":"Haute-Savoie"},"region":{"code":"84","nom":"Auvergne-Rhône-Alpes"}},{"nom":"Ville-la-Grand","code":"74305","codesPostaux":["74100"],"centre":{"type":"Point","coordinates":[6.2579,46.2061]},"surface":447.24,"population":9514,"departement":{"code":"74","nom":"Haute-Savoie"},"region":{"code":"84","nom":"Auvergne-Rhône-Alpes"}},{"nom":"Villy-le-Bouveret","code":"74306","codesPostaux":["74350"],"centre":{"type":"Point","coordinates":[6.16,46.0451]},"surface":348.77,"population":653,"departement":{"code":"74","nom":"Haute-Savoie"},"region":{"code":"84","nom":"Auvergne-Rhône-Alpes"}},{"nom":"Villy-le-Pelloux","code":"74307","codesPostaux":["74350"],"centre":{"type":"Point","coordinates":[6.1371,46.0004]},"surface":295.3,"population":1062,"departement":{"code":"74","nom":"Haute-Savoie"},"region":{"code":"84","nom":"Auvergne-Rhône-Alpes"}},{"nom":"Vinzier","code":"74308","codesPostaux":["74500"],"centre":{"type":"Point","coordinates":[6.6136,46.3421]},"surface":651.67,"population":896,"departement":{"code":"74","nom":"Haute-Savoie"},"region":{"code":"84","nom":"Auvergne-Rhône-Alpes"}},{"nom":"Viry","code":"74309","codesPostaux":["74580"],"centre":{"type":"Point","coordinates":[6.0229,46.115]},"surface":2607.05,"population":5809,"departement":{"code":"74","nom":"Haute-Savoie"},"region":{"code":"84","nom":"Auvergne-Rhône-Alpes"}},{"nom":"Viuz-la-Chiésaz","code":"74310","codesPostaux":["74540"],"centre":{"type":"Point","coordinates":[6.0771,45.8125]},"surface":1388.37,"population":1351,"departement":{"code":"74","nom":"Haute-Savoie"},"region":{"code":"84","nom":"Auvergne-Rhône-Alpes"}},{"nom":"Viuz-en-Sallaz","code":"74311","codesPostaux":["74250"],"centre":{"type":"Point","coordinates":[6.4078,46.1654]},"surface":2096.48,"population":4681,"departement":{"code":"74","nom":"Haute-Savoie"},"region":{"code":"84","nom":"Auvergne-Rhône-Alpes"}},{"nom":"Vougy","code":"74312","codesPostaux":["74130"],"centre":{"type":"Point","coordinates":[6.4894,46.0662]},"surface":400.47,"population":1659,"departement":{"code":"74","nom":"Haute-Savoie"},"region":{"code":"84","nom":"Auvergne-Rhône-Alpes"}},{"nom":"Vovray-en-Bornes","code":"74313","codesPostaux":["74350"],"centre":{"type":"Point","coordinates":[6.1401,46.0621]},"surface":651.22,"population":550,"departement":{"code":"74","nom":"Haute-Savoie"},"region":{"code":"84","nom":"Auvergne-Rhône-Alpes"}},{"nom":"Vulbens","code":"74314","codesPostaux":["74520"],"centre":{"type":"Point","coordinates":[5.9339,46.1083]},"surface":1239.75,"population":1783,"departement":{"code":"74","nom":"Haute-Savoie"},"region":{"code":"84","nom":"Auvergne-Rhône-Alpes"}},{"nom":"Yvoire","code":"74315","codesPostaux":["74140"],"centre":{"type":"Point","coordinates":[6.3322,46.3623]},"surface":314.25,"population":1046,"departement":{"code":"74","nom":"Haute-Savoie"},"region":{"code":"84","nom":"Auvergne-Rhône-Alpes"}}]