[{"nom":"L'Ajoupa-Bouillon","code":"97201","codesPostaux":["97216"],"centre":{"type":"Point","coordinates":[-61.1305,14.816]},"surface":1237.18,"population":1682,"departement":{"code":"972","nom":"Martinique"},"region":{"code":"02","nom":"Martinique"}},{"nom":"Les Anses-d'Arlet","code":"97202","codesPostaux":["97217"],"centre":{"type":"Point","coordinates":[-61.0736,14.4996]},"surface":2588.33,"population":3912,"departement":{"code":"972","nom":"Martinique"},"region":{"code":"02","nom":"Martinique"}},{"nom":"Basse-Pointe","code":"97203","codesPostaux":["97218"],"centre":{"type":"Point","coordinates":[-61.1237,14.841]},"surface":2793.24,"population":2852,"departement":{"code":"972","nom":"Martinique"},"region":{"code":"02","nom":"Martinique"}},{"nom":"Le Carbet","code":"97204","codesPostaux":["97221"],"centre":{"type":"Point","coordinates":[-61.1583,14.7041]},"surface":1789.74,"population":3721,"departement":{"code":"972","nom":"Martinique"},"region":{"code":"02","nom":"Martinique"}},{"nom":"Case-Pilote","code":"97205","codesPostaux":["97222"],"centre":{"type":"Point","coordinates":[-61.1297,14.6594]},"surface":1857.2,"population":4537,"departement":{"code":"972","nom":"Martinique"},"region":{"code":"02","nom":"Martinique"}},{"nom":"Le Diamant","code":"97206","codesPostaux":["97223"],"centre":{"type":"Point","coordinates":[-61.0165,14.4787]},"surface":2750.72,"population":6161,"departement":{"code":"972","nom":"Martinique"},"region":{"code":"02","nom":"Martinique"}},{"nom":"Ducos","code":"97207","codesPostaux":["97224"],"centre":{"type":"Point","coordinates":[-60.9685,14.5785]},"surface":2878.95,"population":18105,"departement":{"code":"972","nom":"Martinique"},"region":{"code":"02","nom":"Martinique"}},{"nom":"Fonds-Saint-Denis","code":"97208","codesPostaux":["97250"],"centre":{"type":"Point","coordinates":[-61.1207,14.7228]},"surface":2378.95,"population":640,"departement":{"code":"972","nom":"Martinique"},"region":{"code":"02","nom":"Martinique"}},{"nom":"Fort-de-France","code":"97209","codesPostaux":["97200","97234"],"centre":{"type":"Point","coordinates":[-61.0686,14.6492]},"surface":4403.76,"population":75506,"departement":{"code":"972","nom":"Martinique"},"region":{"code":"02","nom":"Martinique"}},{"nom":"Le François","code":"97210","codesPostaux":["97240"],"centre":{"type":"Point","coordinates":[-60.8976,14.6093]},"surface":5443.42,"population":15778,"departement":{"code":"972","nom":"Martinique"},"region":{"code":"02","nom":"Martinique"}},{"nom":"Grand'Rivière","code":"97211","codesPostaux":["97218"],"centre":{"type":"Point","coordinates":[-61.1836,14.847]},"surface":1669.3,"population":487,"departement":{"code":"972","nom":"Martinique"},"region":{"code":"02","nom":"Martinique"}},{"nom":"Gros-Morne","code":"97212","codesPostaux":["97213"],"centre":{"type":"Point","coordinates":[-61.0303,14.7084]},"surface":4627.46,"population":9610,"departement":{"code":"972","nom":"Martinique"},"region":{"code":"02","nom":"Martinique"}},{"nom":"Le Lamentin","code":"97213","codesPostaux":["97232"],"centre":{"type":"Point","coordinates":[-60.9923,14.6231]},"surface":6273.15,"population":39400,"departement":{"code":"972","nom":"Martinique"},"region":{"code":"02","nom":"Martinique"}},{"nom":"Le Lorrain","code":"97214","codesPostaux":["97214"],"centre":{"type":"Point","coordinates":[-61.074,14.7995]},"surface":5049.31,"population":6566,"departement":{"code":"972","nom":"Martinique"},"region":{"code":"02","nom":"Martinique"}},{"nom":"Macouba","code":"97215","codesPostaux":["97218"],"centre":{"type":"Point","coordinates":[-61.1465,14.8474]},"surface":1695.48,"population":987,"departement":{"code":"972","nom":"Martinique"},"region":{"code":"02","nom":"Martinique"}},{"nom":"Le Marigot","code":"97216","codesPostaux":["97225"],"centre":{"type":"Point","coordinates":[-61.053,14.7795]},"surface":2176.73,"population":2948,"departement":{"code":"972","nom":"Martinique"},"region":{"code":"02","nom":"Martinique"}},{"nom":"Le Marin","code":"97217","codesPostaux":["97290"],"centre":{"type":"Point","coordinates":[-60.8589,14.4822]},"surface":3179.64,"population":8486,"departement":{"code":"972","nom":"Martinique"},"region":{"code":"02","nom":"Martinique"}},{"nom":"Le Morne-Rouge","code":"97218","codesPostaux":["97260"],"centre":{"type":"Point","coordinates":[-61.1217,14.7695]},"surface":3768.01,"population":4388,"departement":{"code":"972","nom":"Martinique"},"region":{"code":"02","nom":"Martinique"}},{"nom":"Le Prêcheur","code":"97219","codesPostaux":["97250"],"centre":{"type":"Point","coordinates":[-61.1963,14.8221]},"surface":2994.18,"population":1479,"departement":{"code":"972","nom":"Martinique"},"region":{"code":"02","nom":"Martinique"}},{"nom":"Rivière-Pilote","code":"97220","codesPostaux":["97211"],"centre":{"type":"Point","coordinates":[-60.897,14.5027]},"surface":3596.56,"population":11604,"departement":{"code":"972","nom":"Martinique"},"region":{"code":"02","nom":"Martinique"}},{"nom":"Rivière-Salée","code":"97221","codesPostaux":["97215"],"centre":{"type":"Point","coordinates":[-60.9623,14.5262]},"surface":3976.65,"population":11829,"departement":{"code":"972","nom":"Martinique"},"region":{"code":"02","nom":"Martinique"}},{"nom":"Le Robert","code":"97222","codesPostaux":["97231"],"centre":{"type":"Point","coordinates":[-60.9243,14.6786]},"surface":4514.12,"population":21553,"departement":{"code":"972","nom":"Martinique"},"region":{"code":"02","nom":"Martinique"}},{"nom":"Saint-Esprit","code":"97223","codesPostaux":["97270"],"centre":{"type":"Point","coordinates":[-60.9233,14.5617]},"surface":2332.04,"population":10322,"departement":{"code":"972","nom":"Martinique"},"region":{"code":"02","nom":"Martinique"}},{"nom":"Saint-Joseph","code":"97224","codesPostaux":["97212"],"centre":{"type":"Point","coordinates":[-61.0407,14.6835]},"surface":4357.82,"population":16258,"departement":{"code":"972","nom":"Martinique"},"region":{"code":"02","nom":"Martinique"}},{"nom":"Saint-Pierre","code":"97225","codesPostaux":["97250"],"centre":{"type":"Point","coordinates":[-61.1735,14.7717]},"surface":3869.43,"population":3961,"departement":{"code":"972","nom":"Martinique"},"region":{"code":"02","nom":"Martinique"}},{"nom":"Sainte-Anne","code":"97226","codesPostaux":["97227"],"centre":{"type":"Point","coordinates":[-60.8516,14.4314]},"surface":3880.4,"population":4306,"departement":{"code":"972","nom":"Martinique"},"region":{"code":"02","nom":"Martinique"}},{"nom":"Sainte-Luce","code":"97227","codesPostaux":["97228"],"centre":{"type":"Point","coordinates":[-60.9467,14.4904]},"surface":2811.49,"population":9410,"departement":{"code":"972","nom":"Martinique"},"region":{"code":"02","nom":"Martinique"}},{"nom":"Sainte-Marie","code":"97228","codesPostaux":["97230"],"centre":{"type":"Point","coordinates":[-61.0084,14.773]},"surface":4465.39,"population":14756,"departement":{"code":"972","nom":"Martinique"},"region":{"code":"02","nom":"Martinique"}},{"nom":"Schœlcher","code":"97229","codesPostaux":["97233"],"centre":{"type":"Point","coordinates":[-61.1001,14.6518]},"surface":2130.25,"population":19478,"departement":{"code":"972","nom":"Martinique"},"region":{"code":"02","nom":"Martinique"}},{"nom":"La Trinité","code":"97230","codesPostaux":["97220"],"centre":{"type":"Point","coordinates":[-60.9469,14.7518]},"surface":4602.16,"population":11454,"departement":{"code":"972","nom":"Martinique"},"region":{"code":"02","nom":"Martinique"}},{"nom":"Les Trois-Îlets","code":"97231","codesPostaux":["97229"],"centre":{"type":"Point","coordinates":[-61.0376,14.5329]},"surface":2768.1,"population":6507,"departement":{"code":"972","nom":"Martinique"},"region":{"code":"02","nom":"Martinique"}},{"nom":"Le Vauclin","code":"97232","codesPostaux":["97280"],"centre":{"type":"Point","coordinates":[-60.8595,14.542]},"surface":3890.81,"population":8483,"departement":{"code":"972","nom":"Martinique"},"region":{"code":"02","nom":"Martinique"}},{"nom":"Le Morne-Vert","code":"97233","codesPostaux":["97226"],"centre":{"type":"Point","coordinates":[-61.1362,14.7046]},"surface":1337.79,"population":1718,"departement":{"code":"972","nom":"Martinique"},"region":{"code":"02","nom":"Martinique"}},{"nom":"Bellefontaine","code":"97234","codesPostaux":["97222"],"centre":{"type":"Point","coordinates":[-61.146,14.6747]},"surface":1196.57,"population":1746,"departement":{"code":"972","nom":"Martinique"},"region":{"code":"02","nom":"Martinique"}}]