[{"nom":"Aigné","code":"72001","codesPostaux":["72650"],"centre":{"type":"Point","coordinates":[0.1056,48.0659]},"surface":1266.55,"population":1695,"departement":{"code":"72","nom":"Sarthe"},"region":{"code":"52","nom":"Pays de la Loire"}},{"nom":"Aillières-Beauvoir","code":"72002","codesPostaux":["72600"],"centre":{"type":"Point","coordinates":[0.321,48.4005]},"surface":1511.32,"population":200,"departement":{"code":"72","nom":"Sarthe"},"region":{"code":"52","nom":"Pays de la Loire"}},{"nom":"Allonnes","code":"72003","codesPostaux":["72700"],"centre":{"type":"Point","coordinates":[0.1447,47.9588]},"surface":1820.38,"population":10739,"departement":{"code":"72","nom":"Sarthe"},"region":{"code":"52","nom":"Pays de la Loire"}},{"nom":"Amné","code":"72004","codesPostaux":["72540"],"centre":{"type":"Point","coordinates":[-0.0426,48.0349]},"surface":1600.48,"population":569,"departement":{"code":"72","nom":"Sarthe"},"region":{"code":"52","nom":"Pays de la Loire"}},{"nom":"Ancinnes","code":"72005","codesPostaux":["72610"],"centre":{"type":"Point","coordinates":[0.1772,48.3618]},"surface":2739.7,"population":895,"departement":{"code":"72","nom":"Sarthe"},"region":{"code":"52","nom":"Pays de la Loire"}},{"nom":"Arçonnay","code":"72006","codesPostaux":["72610"],"centre":{"type":"Point","coordinates":[0.0826,48.3963]},"surface":799.28,"population":1902,"departement":{"code":"72","nom":"Sarthe"},"region":{"code":"52","nom":"Pays de la Loire"}},{"nom":"Ardenay-sur-Mérize","code":"72007","codesPostaux":["72370"],"centre":{"type":"Point","coordinates":[0.4301,47.9916]},"surface":1162.54,"population":504,"departement":{"code":"72","nom":"Sarthe"},"region":{"code":"52","nom":"Pays de la Loire"}},{"nom":"Arnage","code":"72008","codesPostaux":["72230"],"centre":{"type":"Point","coordinates":[0.1917,47.9306]},"surface":1084.69,"population":5445,"departement":{"code":"72","nom":"Sarthe"},"region":{"code":"52","nom":"Pays de la Loire"}},{"nom":"Arthezé","code":"72009","codesPostaux":["72270"],"centre":{"type":"Point","coordinates":[-0.1131,47.7914]},"surface":871.87,"population":350,"departement":{"code":"72","nom":"Sarthe"},"region":{"code":"52","nom":"Pays de la Loire"}},{"nom":"Asnières-sur-Vègre","code":"72010","codesPostaux":["72430"],"centre":{"type":"Point","coordinates":[-0.2247,47.889]},"surface":1258.14,"population":331,"departement":{"code":"72","nom":"Sarthe"},"region":{"code":"52","nom":"Pays de la Loire"}},{"nom":"Assé-le-Boisne","code":"72011","codesPostaux":["72130"],"centre":{"type":"Point","coordinates":[-0.0112,48.3188]},"surface":2877.47,"population":881,"departement":{"code":"72","nom":"Sarthe"},"region":{"code":"52","nom":"Pays de la Loire"}},{"nom":"Assé-le-Riboul","code":"72012","codesPostaux":["72170"],"centre":{"type":"Point","coordinates":[0.0833,48.2021]},"surface":1682.1,"population":479,"departement":{"code":"72","nom":"Sarthe"},"region":{"code":"52","nom":"Pays de la Loire"}},{"nom":"Aubigné-Racan","code":"72013","codesPostaux":["72800"],"centre":{"type":"Point","coordinates":[0.2504,47.684]},"surface":3233.28,"population":2158,"departement":{"code":"72","nom":"Sarthe"},"region":{"code":"52","nom":"Pays de la Loire"}},{"nom":"Les Aulneaux","code":"72015","codesPostaux":["72600"],"centre":{"type":"Point","coordinates":[0.3404,48.4405]},"surface":823.99,"population":111,"departement":{"code":"72","nom":"Sarthe"},"region":{"code":"52","nom":"Pays de la Loire"}},{"nom":"Auvers-le-Hamon","code":"72016","codesPostaux":["72300"],"centre":{"type":"Point","coordinates":[-0.3418,47.9034]},"surface":4826.47,"population":1445,"departement":{"code":"72","nom":"Sarthe"},"region":{"code":"52","nom":"Pays de la Loire"}},{"nom":"Auvers-sous-Montfaucon","code":"72017","codesPostaux":["72540"],"centre":{"type":"Point","coordinates":[-0.0786,47.9984]},"surface":753.66,"population":231,"departement":{"code":"72","nom":"Sarthe"},"region":{"code":"52","nom":"Pays de la Loire"}},{"nom":"Avesnes-en-Saosnois","code":"72018","codesPostaux":["72260"],"centre":{"type":"Point","coordinates":[0.3597,48.2681]},"surface":573.14,"population":93,"departement":{"code":"72","nom":"Sarthe"},"region":{"code":"52","nom":"Pays de la Loire"}},{"nom":"Avessé","code":"72019","codesPostaux":["72350"],"centre":{"type":"Point","coordinates":[-0.2737,47.9646]},"surface":1867.16,"population":332,"departement":{"code":"72","nom":"Sarthe"},"region":{"code":"52","nom":"Pays de la Loire"}},{"nom":"Avezé","code":"72020","codesPostaux":["72400"],"centre":{"type":"Point","coordinates":[0.6766,48.233]},"surface":2103.83,"population":690,"departement":{"code":"72","nom":"Sarthe"},"region":{"code":"52","nom":"Pays de la Loire"}},{"nom":"Avoise","code":"72021","codesPostaux":["72430"],"centre":{"type":"Point","coordinates":[-0.197,47.8575]},"surface":2443.95,"population":594,"departement":{"code":"72","nom":"Sarthe"},"region":{"code":"52","nom":"Pays de la Loire"}},{"nom":"Le Bailleul","code":"72022","codesPostaux":["72200"],"centre":{"type":"Point","coordinates":[-0.1787,47.7685]},"surface":2773.85,"population":1217,"departement":{"code":"72","nom":"Sarthe"},"region":{"code":"52","nom":"Pays de la Loire"}},{"nom":"Ballon-Saint Mars","code":"72023","codesPostaux":["72290"],"centre":{"type":"Point","coordinates":[0.2563,48.174]},"surface":3175.53,"population":2273,"departement":{"code":"72","nom":"Sarthe"},"region":{"code":"52","nom":"Pays de la Loire"}},{"nom":"La Bazoge","code":"72024","codesPostaux":["72650"],"centre":{"type":"Point","coordinates":[0.146,48.1018]},"surface":2297.1,"population":3796,"departement":{"code":"72","nom":"Sarthe"},"region":{"code":"52","nom":"Pays de la Loire"}},{"nom":"Bazouges Cré sur Loir","code":"72025","codesPostaux":["72200"],"centre":{"type":"Point","coordinates":[-0.1628,47.6758]},"surface":4735.99,"population":1977,"departement":{"code":"72","nom":"Sarthe"},"region":{"code":"52","nom":"Pays de la Loire"}},{"nom":"Beaufay","code":"72026","codesPostaux":["72110"],"centre":{"type":"Point","coordinates":[0.3502,48.1399]},"surface":2397.63,"population":1522,"departement":{"code":"72","nom":"Sarthe"},"region":{"code":"52","nom":"Pays de la Loire"}},{"nom":"Beaumont-sur-Dême","code":"72027","codesPostaux":["72340"],"centre":{"type":"Point","coordinates":[0.5847,47.6903]},"surface":1359.53,"population":326,"departement":{"code":"72","nom":"Sarthe"},"region":{"code":"52","nom":"Pays de la Loire"}},{"nom":"Beaumont-Pied-de-Bœuf","code":"72028","codesPostaux":["72500"],"centre":{"type":"Point","coordinates":[0.3838,47.7562]},"surface":2483.39,"population":472,"departement":{"code":"72","nom":"Sarthe"},"region":{"code":"52","nom":"Pays de la Loire"}},{"nom":"Beaumont-sur-Sarthe","code":"72029","codesPostaux":["72170"],"centre":{"type":"Point","coordinates":[0.1167,48.2234]},"surface":662.77,"population":1972,"departement":{"code":"72","nom":"Sarthe"},"region":{"code":"52","nom":"Pays de la Loire"}},{"nom":"Beillé","code":"72031","codesPostaux":["72160"],"centre":{"type":"Point","coordinates":[0.5113,48.0845]},"surface":859.49,"population":542,"departement":{"code":"72","nom":"Sarthe"},"region":{"code":"52","nom":"Pays de la Loire"}},{"nom":"Berfay","code":"72032","codesPostaux":["72320"],"centre":{"type":"Point","coordinates":[0.7473,48.0015]},"surface":1836.16,"population":333,"departement":{"code":"72","nom":"Sarthe"},"region":{"code":"52","nom":"Pays de la Loire"}},{"nom":"Bérus","code":"72034","codesPostaux":["72610"],"centre":{"type":"Point","coordinates":[0.0674,48.3749]},"surface":684.7,"population":435,"departement":{"code":"72","nom":"Sarthe"},"region":{"code":"52","nom":"Pays de la Loire"}},{"nom":"Bessé-sur-Braye","code":"72035","codesPostaux":["72310"],"centre":{"type":"Point","coordinates":[0.731,47.8192]},"surface":2056.24,"population":1972,"departement":{"code":"72","nom":"Sarthe"},"region":{"code":"52","nom":"Pays de la Loire"}},{"nom":"Béthon","code":"72036","codesPostaux":["72610"],"centre":{"type":"Point","coordinates":[0.0911,48.3655]},"surface":386.7,"population":323,"departement":{"code":"72","nom":"Sarthe"},"region":{"code":"52","nom":"Pays de la Loire"}},{"nom":"Blèves","code":"72037","codesPostaux":["72600"],"centre":{"type":"Point","coordinates":[0.3332,48.4479]},"surface":205.33,"population":128,"departement":{"code":"72","nom":"Sarthe"},"region":{"code":"52","nom":"Pays de la Loire"}},{"nom":"Boëssé-le-Sec","code":"72038","codesPostaux":["72400"],"centre":{"type":"Point","coordinates":[0.5537,48.1323]},"surface":1192.88,"population":515,"departement":{"code":"72","nom":"Sarthe"},"region":{"code":"52","nom":"Pays de la Loire"}},{"nom":"Bonnétable","code":"72039","codesPostaux":["72110"],"centre":{"type":"Point","coordinates":[0.454,48.1841]},"surface":4012.52,"population":3703,"departement":{"code":"72","nom":"Sarthe"},"region":{"code":"52","nom":"Pays de la Loire"}},{"nom":"La Bosse","code":"72040","codesPostaux":["72400"],"centre":{"type":"Point","coordinates":[0.5551,48.164]},"surface":1088.72,"population":155,"departement":{"code":"72","nom":"Sarthe"},"region":{"code":"52","nom":"Pays de la Loire"}},{"nom":"Bouër","code":"72041","codesPostaux":["72390"],"centre":{"type":"Point","coordinates":[0.6371,48.078]},"surface":1206.49,"population":350,"departement":{"code":"72","nom":"Sarthe"},"region":{"code":"52","nom":"Pays de la Loire"}},{"nom":"Bouloire","code":"72042","codesPostaux":["72440"],"centre":{"type":"Point","coordinates":[0.5496,47.9695]},"surface":2701.97,"population":2127,"departement":{"code":"72","nom":"Sarthe"},"region":{"code":"52","nom":"Pays de la Loire"}},{"nom":"Bourg-le-Roi","code":"72043","codesPostaux":["72610"],"centre":{"type":"Point","coordinates":[0.1338,48.3459]},"surface":36.59,"population":325,"departement":{"code":"72","nom":"Sarthe"},"region":{"code":"52","nom":"Pays de la Loire"}},{"nom":"Bousse","code":"72044","codesPostaux":["72270"],"centre":{"type":"Point","coordinates":[-0.065,47.7641]},"surface":1203.22,"population":431,"departement":{"code":"72","nom":"Sarthe"},"region":{"code":"52","nom":"Pays de la Loire"}},{"nom":"Brains-sur-Gée","code":"72045","codesPostaux":["72550"],"centre":{"type":"Point","coordinates":[-0.0216,48.0111]},"surface":1594.07,"population":757,"departement":{"code":"72","nom":"Sarthe"},"region":{"code":"52","nom":"Pays de la Loire"}},{"nom":"Le Breil-sur-Mérize","code":"72046","codesPostaux":["72370"],"centre":{"type":"Point","coordinates":[0.5031,47.996]},"surface":1837.47,"population":1552,"departement":{"code":"72","nom":"Sarthe"},"region":{"code":"52","nom":"Pays de la Loire"}},{"nom":"Brette-les-Pins","code":"72047","codesPostaux":["72250"],"centre":{"type":"Point","coordinates":[0.3277,47.9118]},"surface":1462.27,"population":2131,"departement":{"code":"72","nom":"Sarthe"},"region":{"code":"52","nom":"Pays de la Loire"}},{"nom":"Briosne-lès-Sables","code":"72048","codesPostaux":["72110"],"centre":{"type":"Point","coordinates":[0.3922,48.1734]},"surface":993.12,"population":558,"departement":{"code":"72","nom":"Sarthe"},"region":{"code":"52","nom":"Pays de la Loire"}},{"nom":"La Bruère-sur-Loir","code":"72049","codesPostaux":["72500"],"centre":{"type":"Point","coordinates":[0.3525,47.6542]},"surface":1151.55,"population":250,"departement":{"code":"72","nom":"Sarthe"},"region":{"code":"52","nom":"Pays de la Loire"}},{"nom":"Brûlon","code":"72050","codesPostaux":["72350"],"centre":{"type":"Point","coordinates":[-0.2314,47.9811]},"surface":1620.98,"population":1549,"departement":{"code":"72","nom":"Sarthe"},"region":{"code":"52","nom":"Pays de la Loire"}},{"nom":"Cérans-Foulletourte","code":"72051","codesPostaux":["72330"],"centre":{"type":"Point","coordinates":[0.0708,47.8337]},"surface":3245.17,"population":3341,"departement":{"code":"72","nom":"Sarthe"},"region":{"code":"52","nom":"Pays de la Loire"}},{"nom":"Chahaignes","code":"72052","codesPostaux":["72340"],"centre":{"type":"Point","coordinates":[0.5127,47.7514]},"surface":2261.37,"population":664,"departement":{"code":"72","nom":"Sarthe"},"region":{"code":"52","nom":"Pays de la Loire"}},{"nom":"Challes","code":"72053","codesPostaux":["72250"],"centre":{"type":"Point","coordinates":[0.4268,47.936]},"surface":2596.31,"population":1156,"departement":{"code":"72","nom":"Sarthe"},"region":{"code":"52","nom":"Pays de la Loire"}},{"nom":"Champagné","code":"72054","codesPostaux":["72470"],"centre":{"type":"Point","coordinates":[0.3363,48.0157]},"surface":1397.58,"population":3666,"departement":{"code":"72","nom":"Sarthe"},"region":{"code":"52","nom":"Pays de la Loire"}},{"nom":"Champfleur","code":"72056","codesPostaux":["72610"],"centre":{"type":"Point","coordinates":[0.124,48.3868]},"surface":1316.41,"population":1282,"departement":{"code":"72","nom":"Sarthe"},"region":{"code":"52","nom":"Pays de la Loire"}},{"nom":"Champrond","code":"72057","codesPostaux":["72320"],"centre":{"type":"Point","coordinates":[0.7452,48.0868]},"surface":604.6,"population":69,"departement":{"code":"72","nom":"Sarthe"},"region":{"code":"52","nom":"Pays de la Loire"}},{"nom":"Changé","code":"72058","codesPostaux":["72560"],"centre":{"type":"Point","coordinates":[0.2966,47.9797]},"surface":3525.77,"population":6911,"departement":{"code":"72","nom":"Sarthe"},"region":{"code":"52","nom":"Pays de la Loire"}},{"nom":"Chantenay-Villedieu","code":"72059","codesPostaux":["72430"],"centre":{"type":"Point","coordinates":[-0.1464,47.9203]},"surface":2787.79,"population":807,"departement":{"code":"72","nom":"Sarthe"},"region":{"code":"52","nom":"Pays de la Loire"}},{"nom":"La Chapelle-aux-Choux","code":"72060","codesPostaux":["72800"],"centre":{"type":"Point","coordinates":[0.2302,47.6296]},"surface":1452.28,"population":283,"departement":{"code":"72","nom":"Sarthe"},"region":{"code":"52","nom":"Pays de la Loire"}},{"nom":"La Chapelle-d'Aligné","code":"72061","codesPostaux":["72300"],"centre":{"type":"Point","coordinates":[-0.2375,47.7367]},"surface":3343.44,"population":1729,"departement":{"code":"72","nom":"Sarthe"},"region":{"code":"52","nom":"Pays de la Loire"}},{"nom":"La Chapelle-du-Bois","code":"72062","codesPostaux":["72400"],"centre":{"type":"Point","coordinates":[0.5814,48.2234]},"surface":1658.72,"population":768,"departement":{"code":"72","nom":"Sarthe"},"region":{"code":"52","nom":"Pays de la Loire"}},{"nom":"La Chapelle-Huon","code":"72064","codesPostaux":["72310"],"centre":{"type":"Point","coordinates":[0.7239,47.8566]},"surface":1876.21,"population":513,"departement":{"code":"72","nom":"Sarthe"},"region":{"code":"52","nom":"Pays de la Loire"}},{"nom":"La Chapelle-Saint-Aubin","code":"72065","codesPostaux":["72650"],"centre":{"type":"Point","coordinates":[0.1568,48.0346]},"surface":599.67,"population":2256,"departement":{"code":"72","nom":"Sarthe"},"region":{"code":"52","nom":"Pays de la Loire"}},{"nom":"La Chapelle-Saint-Fray","code":"72066","codesPostaux":["72240"],"centre":{"type":"Point","coordinates":[0.09,48.107]},"surface":641.32,"population":421,"departement":{"code":"72","nom":"Sarthe"},"region":{"code":"52","nom":"Pays de la Loire"}},{"nom":"La Chapelle-Saint-Rémy","code":"72067","codesPostaux":["72160"],"centre":{"type":"Point","coordinates":[0.4619,48.1067]},"surface":1935.25,"population":995,"departement":{"code":"72","nom":"Sarthe"},"region":{"code":"52","nom":"Pays de la Loire"}},{"nom":"La Chartre-sur-le-Loir","code":"72068","codesPostaux":["72340"],"centre":{"type":"Point","coordinates":[0.5815,47.7303]},"surface":877.48,"population":1370,"departement":{"code":"72","nom":"Sarthe"},"region":{"code":"52","nom":"Pays de la Loire"}},{"nom":"Chassillé","code":"72070","codesPostaux":["72540"],"centre":{"type":"Point","coordinates":[-0.1312,48.0204]},"surface":729.68,"population":249,"departement":{"code":"72","nom":"Sarthe"},"region":{"code":"52","nom":"Pays de la Loire"}},{"nom":"Montval-sur-Loir","code":"72071","codesPostaux":["72500"],"centre":{"type":"Point","coordinates":[0.4213,47.6955]},"surface":2742.74,"population":5641,"departement":{"code":"72","nom":"Sarthe"},"region":{"code":"52","nom":"Pays de la Loire"}},{"nom":"Château-l'Hermitage","code":"72072","codesPostaux":["72510"],"centre":{"type":"Point","coordinates":[0.2004,47.8003]},"surface":941.11,"population":256,"departement":{"code":"72","nom":"Sarthe"},"region":{"code":"52","nom":"Pays de la Loire"}},{"nom":"Chaufour-Notre-Dame","code":"72073","codesPostaux":["72550"],"centre":{"type":"Point","coordinates":[0.0676,48.0139]},"surface":1123.67,"population":1173,"departement":{"code":"72","nom":"Sarthe"},"region":{"code":"52","nom":"Pays de la Loire"}},{"nom":"Chemiré-en-Charnie","code":"72074","codesPostaux":["72540"],"centre":{"type":"Point","coordinates":[-0.2009,48.051]},"surface":1149.57,"population":212,"departement":{"code":"72","nom":"Sarthe"},"region":{"code":"52","nom":"Pays de la Loire"}},{"nom":"Chemiré-le-Gaudin","code":"72075","codesPostaux":["72210"],"centre":{"type":"Point","coordinates":[-0.0103,47.932]},"surface":2289.94,"population":998,"departement":{"code":"72","nom":"Sarthe"},"region":{"code":"52","nom":"Pays de la Loire"}},{"nom":"Chenay","code":"72076","codesPostaux":["72610"],"centre":{"type":"Point","coordinates":[0.1621,48.4466]},"surface":218.71,"population":255,"departement":{"code":"72","nom":"Sarthe"},"region":{"code":"52","nom":"Pays de la Loire"}},{"nom":"Chenu","code":"72077","codesPostaux":["72500"],"centre":{"type":"Point","coordinates":[0.3553,47.6076]},"surface":3088.58,"population":421,"departement":{"code":"72","nom":"Sarthe"},"region":{"code":"52","nom":"Pays de la Loire"}},{"nom":"Chérancé","code":"72078","codesPostaux":["72170"],"centre":{"type":"Point","coordinates":[0.1727,48.2806]},"surface":1031.87,"population":353,"departement":{"code":"72","nom":"Sarthe"},"region":{"code":"52","nom":"Pays de la Loire"}},{"nom":"Chérisay","code":"72079","codesPostaux":["72610"],"centre":{"type":"Point","coordinates":[0.1138,48.3491]},"surface":796.63,"population":303,"departement":{"code":"72","nom":"Sarthe"},"region":{"code":"52","nom":"Pays de la Loire"}},{"nom":"Cherré-Au","code":"72080","codesPostaux":["72400"],"centre":{"type":"Point","coordinates":[0.671,48.1742]},"surface":2974.99,"population":2758,"departement":{"code":"72","nom":"Sarthe"},"region":{"code":"52","nom":"Pays de la Loire"}},{"nom":"Chevillé","code":"72083","codesPostaux":["72350"],"centre":{"type":"Point","coordinates":[-0.222,47.944]},"surface":1427.55,"population":351,"departement":{"code":"72","nom":"Sarthe"},"region":{"code":"52","nom":"Pays de la Loire"}},{"nom":"Clermont-Créans","code":"72084","codesPostaux":["72200"],"centre":{"type":"Point","coordinates":[-0.0197,47.7292]},"surface":1814.86,"population":1293,"departement":{"code":"72","nom":"Sarthe"},"region":{"code":"52","nom":"Pays de la Loire"}},{"nom":"Cogners","code":"72085","codesPostaux":["72310"],"centre":{"type":"Point","coordinates":[0.6576,47.8623]},"surface":1363.45,"population":170,"departement":{"code":"72","nom":"Sarthe"},"region":{"code":"52","nom":"Pays de la Loire"}},{"nom":"Commerveil","code":"72086","codesPostaux":["72600"],"centre":{"type":"Point","coordinates":[0.3593,48.3133]},"surface":569.1,"population":138,"departement":{"code":"72","nom":"Sarthe"},"region":{"code":"52","nom":"Pays de la Loire"}},{"nom":"Conflans-sur-Anille","code":"72087","codesPostaux":["72120"],"centre":{"type":"Point","coordinates":[0.7253,47.9715]},"surface":3101.19,"population":468,"departement":{"code":"72","nom":"Sarthe"},"region":{"code":"52","nom":"Pays de la Loire"}},{"nom":"Congé-sur-Orne","code":"72088","codesPostaux":["72290"],"centre":{"type":"Point","coordinates":[0.2561,48.2062]},"surface":1130.06,"population":314,"departement":{"code":"72","nom":"Sarthe"},"region":{"code":"52","nom":"Pays de la Loire"}},{"nom":"Conlie","code":"72089","codesPostaux":["72240"],"centre":{"type":"Point","coordinates":[-0.0015,48.1206]},"surface":1722.09,"population":1833,"departement":{"code":"72","nom":"Sarthe"},"region":{"code":"52","nom":"Pays de la Loire"}},{"nom":"Connerré","code":"72090","codesPostaux":["72160"],"centre":{"type":"Point","coordinates":[0.4703,48.0504]},"surface":1659.79,"population":2780,"departement":{"code":"72","nom":"Sarthe"},"region":{"code":"52","nom":"Pays de la Loire"}},{"nom":"Contilly","code":"72091","codesPostaux":["72600"],"centre":{"type":"Point","coordinates":[0.3562,48.4127]},"surface":1250.57,"population":134,"departement":{"code":"72","nom":"Sarthe"},"region":{"code":"52","nom":"Pays de la Loire"}},{"nom":"Cormes","code":"72093","codesPostaux":["72400"],"centre":{"type":"Point","coordinates":[0.7131,48.1668]},"surface":1889.62,"population":893,"departement":{"code":"72","nom":"Sarthe"},"region":{"code":"52","nom":"Pays de la Loire"}},{"nom":"Coudrecieux","code":"72094","codesPostaux":["72440"],"centre":{"type":"Point","coordinates":[0.6267,47.983]},"surface":2443.58,"population":636,"departement":{"code":"72","nom":"Sarthe"},"region":{"code":"52","nom":"Pays de la Loire"}},{"nom":"Coulaines","code":"72095","codesPostaux":["72190"],"centre":{"type":"Point","coordinates":[0.2111,48.0348]},"surface":396.36,"population":8121,"departement":{"code":"72","nom":"Sarthe"},"region":{"code":"52","nom":"Pays de la Loire"}},{"nom":"Coulans-sur-Gée","code":"72096","codesPostaux":["72550"],"centre":{"type":"Point","coordinates":[0.0174,48.0226]},"surface":2754.13,"population":1605,"departement":{"code":"72","nom":"Sarthe"},"region":{"code":"52","nom":"Pays de la Loire"}},{"nom":"Coulongé","code":"72098","codesPostaux":["72800"],"centre":{"type":"Point","coordinates":[0.1949,47.693]},"surface":1518.53,"population":506,"departement":{"code":"72","nom":"Sarthe"},"region":{"code":"52","nom":"Pays de la Loire"}},{"nom":"Courcebœufs","code":"72099","codesPostaux":["72290"],"centre":{"type":"Point","coordinates":[0.281,48.1268]},"surface":1688.23,"population":640,"departement":{"code":"72","nom":"Sarthe"},"region":{"code":"52","nom":"Pays de la Loire"}},{"nom":"Courcelles-la-Forêt","code":"72100","codesPostaux":["72270"],"centre":{"type":"Point","coordinates":[-0.0239,47.7965]},"surface":1963.48,"population":397,"departement":{"code":"72","nom":"Sarthe"},"region":{"code":"52","nom":"Pays de la Loire"}},{"nom":"Courcemont","code":"72101","codesPostaux":["72110"],"centre":{"type":"Point","coordinates":[0.3423,48.1792]},"surface":1933.79,"population":664,"departement":{"code":"72","nom":"Sarthe"},"region":{"code":"52","nom":"Pays de la Loire"}},{"nom":"Courcival","code":"72102","codesPostaux":["72110"],"centre":{"type":"Point","coordinates":[0.385,48.2354]},"surface":899.4,"population":80,"departement":{"code":"72","nom":"Sarthe"},"region":{"code":"52","nom":"Pays de la Loire"}},{"nom":"Courdemanche","code":"72103","codesPostaux":["72150"],"centre":{"type":"Point","coordinates":[0.5562,47.8187]},"surface":2417.47,"population":623,"departement":{"code":"72","nom":"Sarthe"},"region":{"code":"52","nom":"Pays de la Loire"}},{"nom":"Courgains","code":"72104","codesPostaux":["72260"],"centre":{"type":"Point","coordinates":[0.2721,48.2874]},"surface":1474.53,"population":581,"departement":{"code":"72","nom":"Sarthe"},"region":{"code":"52","nom":"Pays de la Loire"}},{"nom":"Courgenard","code":"72105","codesPostaux":["72320"],"centre":{"type":"Point","coordinates":[0.7354,48.1563]},"surface":1141.97,"population":454,"departement":{"code":"72","nom":"Sarthe"},"region":{"code":"52","nom":"Pays de la Loire"}},{"nom":"Courtillers","code":"72106","codesPostaux":["72300"],"centre":{"type":"Point","coordinates":[-0.3142,47.8058]},"surface":740.26,"population":901,"departement":{"code":"72","nom":"Sarthe"},"region":{"code":"52","nom":"Pays de la Loire"}},{"nom":"Crannes-en-Champagne","code":"72107","codesPostaux":["72540"],"centre":{"type":"Point","coordinates":[-0.0409,47.9782]},"surface":1204.49,"population":340,"departement":{"code":"72","nom":"Sarthe"},"region":{"code":"52","nom":"Pays de la Loire"}},{"nom":"Crissé","code":"72109","codesPostaux":["72140"],"centre":{"type":"Point","coordinates":[-0.0576,48.1856]},"surface":2094.93,"population":534,"departement":{"code":"72","nom":"Sarthe"},"region":{"code":"52","nom":"Pays de la Loire"}},{"nom":"Crosmières","code":"72110","codesPostaux":["72200"],"centre":{"type":"Point","coordinates":[-0.1601,47.7387]},"surface":2053.97,"population":974,"departement":{"code":"72","nom":"Sarthe"},"region":{"code":"52","nom":"Pays de la Loire"}},{"nom":"Cures","code":"72111","codesPostaux":["72240"],"centre":{"type":"Point","coordinates":[0.0207,48.0865]},"surface":1156.51,"population":489,"departement":{"code":"72","nom":"Sarthe"},"region":{"code":"52","nom":"Pays de la Loire"}},{"nom":"Dangeul","code":"72112","codesPostaux":["72260"],"centre":{"type":"Point","coordinates":[0.262,48.2489]},"surface":1405.45,"population":486,"departement":{"code":"72","nom":"Sarthe"},"region":{"code":"52","nom":"Pays de la Loire"}},{"nom":"Degré","code":"72113","codesPostaux":["72550"],"centre":{"type":"Point","coordinates":[0.0739,48.0519]},"surface":990.55,"population":751,"departement":{"code":"72","nom":"Sarthe"},"region":{"code":"52","nom":"Pays de la Loire"}},{"nom":"Dehault","code":"72114","codesPostaux":["72400"],"centre":{"type":"Point","coordinates":[0.5785,48.2054]},"surface":896.6,"population":241,"departement":{"code":"72","nom":"Sarthe"},"region":{"code":"52","nom":"Pays de la Loire"}},{"nom":"Dissay-sous-Courcillon","code":"72115","codesPostaux":["72500"],"centre":{"type":"Point","coordinates":[0.488,47.6663]},"surface":3522.07,"population":966,"departement":{"code":"72","nom":"Sarthe"},"region":{"code":"52","nom":"Pays de la Loire"}},{"nom":"Dollon","code":"72118","codesPostaux":["72390"],"centre":{"type":"Point","coordinates":[0.5893,48.0363]},"surface":2543.7,"population":1427,"departement":{"code":"72","nom":"Sarthe"},"region":{"code":"52","nom":"Pays de la Loire"}},{"nom":"Domfront-en-Champagne","code":"72119","codesPostaux":["72240"],"centre":{"type":"Point","coordinates":[0.0487,48.112]},"surface":2104.98,"population":1069,"departement":{"code":"72","nom":"Sarthe"},"region":{"code":"52","nom":"Pays de la Loire"}},{"nom":"Doucelles","code":"72120","codesPostaux":["72170"],"centre":{"type":"Point","coordinates":[0.1813,48.2561]},"surface":446.67,"population":223,"departement":{"code":"72","nom":"Sarthe"},"region":{"code":"52","nom":"Pays de la Loire"}},{"nom":"Douillet","code":"72121","codesPostaux":["72130"],"centre":{"type":"Point","coordinates":[-0.0496,48.2763]},"surface":1917.68,"population":319,"departement":{"code":"72","nom":"Sarthe"},"region":{"code":"52","nom":"Pays de la Loire"}},{"nom":"Duneau","code":"72122","codesPostaux":["72160"],"centre":{"type":"Point","coordinates":[0.5329,48.0668]},"surface":1296.74,"population":1078,"departement":{"code":"72","nom":"Sarthe"},"region":{"code":"52","nom":"Pays de la Loire"}},{"nom":"Dureil","code":"72123","codesPostaux":["72270"],"centre":{"type":"Point","coordinates":[-0.1333,47.8298]},"surface":805.89,"population":61,"departement":{"code":"72","nom":"Sarthe"},"region":{"code":"52","nom":"Pays de la Loire"}},{"nom":"Écommoy","code":"72124","codesPostaux":["72220"],"centre":{"type":"Point","coordinates":[0.2875,47.8232]},"surface":2865.22,"population":4868,"departement":{"code":"72","nom":"Sarthe"},"region":{"code":"52","nom":"Pays de la Loire"}},{"nom":"Écorpain","code":"72125","codesPostaux":["72120"],"centre":{"type":"Point","coordinates":[0.6438,47.94]},"surface":2151.23,"population":296,"departement":{"code":"72","nom":"Sarthe"},"region":{"code":"52","nom":"Pays de la Loire"}},{"nom":"Épineu-le-Chevreuil","code":"72126","codesPostaux":["72540"],"centre":{"type":"Point","coordinates":[-0.131,48.0416]},"surface":1478.44,"population":286,"departement":{"code":"72","nom":"Sarthe"},"region":{"code":"52","nom":"Pays de la Loire"}},{"nom":"Étival-lès-le-Mans","code":"72127","codesPostaux":["72700"],"centre":{"type":"Point","coordinates":[0.0785,47.964]},"surface":1034.34,"population":1826,"departement":{"code":"72","nom":"Sarthe"},"region":{"code":"52","nom":"Pays de la Loire"}},{"nom":"Val-d'Étangson","code":"72128","codesPostaux":["72120"],"centre":{"type":"Point","coordinates":[0.6201,47.8837]},"surface":3136.26,"population":530,"departement":{"code":"72","nom":"Sarthe"},"region":{"code":"52","nom":"Pays de la Loire"}},{"nom":"Fatines","code":"72129","codesPostaux":["72470"],"centre":{"type":"Point","coordinates":[0.3352,48.047]},"surface":546.05,"population":929,"departement":{"code":"72","nom":"Sarthe"},"region":{"code":"52","nom":"Pays de la Loire"}},{"nom":"Fay","code":"72130","codesPostaux":["72550"],"centre":{"type":"Point","coordinates":[0.0724,47.9997]},"surface":947.29,"population":751,"departement":{"code":"72","nom":"Sarthe"},"region":{"code":"52","nom":"Pays de la Loire"}},{"nom":"Fercé-sur-Sarthe","code":"72131","codesPostaux":["72430"],"centre":{"type":"Point","coordinates":[-0.0329,47.8968]},"surface":1218.19,"population":575,"departement":{"code":"72","nom":"Sarthe"},"region":{"code":"52","nom":"Pays de la Loire"}},{"nom":"La Ferté-Bernard","code":"72132","codesPostaux":["72400"],"centre":{"type":"Point","coordinates":[0.6366,48.1847]},"surface":1558.11,"population":8740,"departement":{"code":"72","nom":"Sarthe"},"region":{"code":"52","nom":"Pays de la Loire"}},{"nom":"Fillé","code":"72133","codesPostaux":["72210"],"centre":{"type":"Point","coordinates":[0.1163,47.8993]},"surface":1016.94,"population":1562,"departement":{"code":"72","nom":"Sarthe"},"region":{"code":"52","nom":"Pays de la Loire"}},{"nom":"Flée","code":"72134","codesPostaux":["72500"],"centre":{"type":"Point","coordinates":[0.4577,47.7353]},"surface":1752.95,"population":528,"departement":{"code":"72","nom":"Sarthe"},"region":{"code":"52","nom":"Pays de la Loire"}},{"nom":"La Fontaine-Saint-Martin","code":"72135","codesPostaux":["72330"],"centre":{"type":"Point","coordinates":[0.0484,47.7962]},"surface":1383.87,"population":599,"departement":{"code":"72","nom":"Sarthe"},"region":{"code":"52","nom":"Pays de la Loire"}},{"nom":"Fontenay-sur-Vègre","code":"72136","codesPostaux":["72350"],"centre":{"type":"Point","coordinates":[-0.2213,47.906]},"surface":1146.35,"population":307,"departement":{"code":"72","nom":"Sarthe"},"region":{"code":"52","nom":"Pays de la Loire"}},{"nom":"Villeneuve-en-Perseigne","code":"72137","codesPostaux":["72600","72610"],"centre":{"type":"Point","coordinates":[0.2365,48.4303]},"surface":8725.44,"population":2174,"departement":{"code":"72","nom":"Sarthe"},"region":{"code":"52","nom":"Pays de la Loire"}},{"nom":"Fresnay-sur-Sarthe","code":"72138","codesPostaux":["72130"],"centre":{"type":"Point","coordinates":[0.0812,48.2855]},"surface":2925.44,"population":2928,"departement":{"code":"72","nom":"Sarthe"},"region":{"code":"52","nom":"Pays de la Loire"}},{"nom":"Fyé","code":"72139","codesPostaux":["72610"],"centre":{"type":"Point","coordinates":[0.0825,48.3241]},"surface":1633.6,"population":1013,"departement":{"code":"72","nom":"Sarthe"},"region":{"code":"52","nom":"Pays de la Loire"}},{"nom":"Gesnes-le-Gandelin","code":"72141","codesPostaux":["72130"],"centre":{"type":"Point","coordinates":[0.024,48.3581]},"surface":1300.72,"population":879,"departement":{"code":"72","nom":"Sarthe"},"region":{"code":"52","nom":"Pays de la Loire"}},{"nom":"Grandchamp","code":"72142","codesPostaux":["72610"],"centre":{"type":"Point","coordinates":[0.1808,48.3102]},"surface":552.65,"population":137,"departement":{"code":"72","nom":"Sarthe"},"region":{"code":"52","nom":"Pays de la Loire"}},{"nom":"Le Grand-Lucé","code":"72143","codesPostaux":["72150"],"centre":{"type":"Point","coordinates":[0.4722,47.8717]},"surface":2744.61,"population":1949,"departement":{"code":"72","nom":"Sarthe"},"region":{"code":"52","nom":"Pays de la Loire"}},{"nom":"Gréez-sur-Roc","code":"72144","codesPostaux":["72320"],"centre":{"type":"Point","coordinates":[0.8351,48.1343]},"surface":2542.91,"population":344,"departement":{"code":"72","nom":"Sarthe"},"region":{"code":"52","nom":"Pays de la Loire"}},{"nom":"Le Grez","code":"72145","codesPostaux":["72140"],"centre":{"type":"Point","coordinates":[-0.1595,48.1904]},"surface":738.26,"population":380,"departement":{"code":"72","nom":"Sarthe"},"region":{"code":"52","nom":"Pays de la Loire"}},{"nom":"Guécélard","code":"72146","codesPostaux":["72230"],"centre":{"type":"Point","coordinates":[0.1405,47.885]},"surface":1219.32,"population":3202,"departement":{"code":"72","nom":"Sarthe"},"region":{"code":"52","nom":"Pays de la Loire"}},{"nom":"La Guierche","code":"72147","codesPostaux":["72380"],"centre":{"type":"Point","coordinates":[0.2012,48.1185]},"surface":793.58,"population":1300,"departement":{"code":"72","nom":"Sarthe"},"region":{"code":"52","nom":"Pays de la Loire"}},{"nom":"Jauzé","code":"72148","codesPostaux":["72110"],"centre":{"type":"Point","coordinates":[0.3815,48.2102]},"surface":575.75,"population":80,"departement":{"code":"72","nom":"Sarthe"},"region":{"code":"52","nom":"Pays de la Loire"}},{"nom":"Joué-en-Charnie","code":"72149","codesPostaux":["72540"],"centre":{"type":"Point","coordinates":[-0.1945,48.0144]},"surface":2354.9,"population":589,"departement":{"code":"72","nom":"Sarthe"},"region":{"code":"52","nom":"Pays de la Loire"}},{"nom":"Joué-l'Abbé","code":"72150","codesPostaux":["72380"],"centre":{"type":"Point","coordinates":[0.2286,48.1079]},"surface":1047.15,"population":1267,"departement":{"code":"72","nom":"Sarthe"},"region":{"code":"52","nom":"Pays de la Loire"}},{"nom":"Juigné-sur-Sarthe","code":"72151","codesPostaux":["72300"],"centre":{"type":"Point","coordinates":[-0.2912,47.8687]},"surface":2058.61,"population":1141,"departement":{"code":"72","nom":"Sarthe"},"region":{"code":"52","nom":"Pays de la Loire"}},{"nom":"Juillé","code":"72152","codesPostaux":["72170"],"centre":{"type":"Point","coordinates":[0.1241,48.2452]},"surface":574.12,"population":407,"departement":{"code":"72","nom":"Sarthe"},"region":{"code":"52","nom":"Pays de la Loire"}},{"nom":"Jupilles","code":"72153","codesPostaux":["72500"],"centre":{"type":"Point","coordinates":[0.4083,47.7939]},"surface":2651.59,"population":566,"departement":{"code":"72","nom":"Sarthe"},"region":{"code":"52","nom":"Pays de la Loire"}},{"nom":"La Flèche","code":"72154","codesPostaux":["72200"],"centre":{"type":"Point","coordinates":[-0.0605,47.6908]},"surface":7917.72,"population":14947,"departement":{"code":"72","nom":"Sarthe"},"region":{"code":"52","nom":"Pays de la Loire"}},{"nom":"Laigné-Saint-Gervais","code":"72155","codesPostaux":["72220"],"centre":{"type":"Point","coordinates":[0.2145,47.8687]},"surface":2234.03,"population":4252,"departement":{"code":"72","nom":"Sarthe"},"region":{"code":"52","nom":"Pays de la Loire"}},{"nom":"Lamnay","code":"72156","codesPostaux":["72320"],"centre":{"type":"Point","coordinates":[0.7109,48.1051]},"surface":2223.35,"population":928,"departement":{"code":"72","nom":"Sarthe"},"region":{"code":"52","nom":"Pays de la Loire"}},{"nom":"Lavardin","code":"72157","codesPostaux":["72240"],"centre":{"type":"Point","coordinates":[0.0632,48.0828]},"surface":763.12,"population":693,"departement":{"code":"72","nom":"Sarthe"},"region":{"code":"52","nom":"Pays de la Loire"}},{"nom":"Lavaré","code":"72158","codesPostaux":["72390"],"centre":{"type":"Point","coordinates":[0.6494,48.0642]},"surface":2306.42,"population":815,"departement":{"code":"72","nom":"Sarthe"},"region":{"code":"52","nom":"Pays de la Loire"}},{"nom":"Lavernat","code":"72160","codesPostaux":["72500"],"centre":{"type":"Point","coordinates":[0.3546,47.7223]},"surface":2285.68,"population":586,"departement":{"code":"72","nom":"Sarthe"},"region":{"code":"52","nom":"Pays de la Loire"}},{"nom":"Lhomme","code":"72161","codesPostaux":["72340"],"centre":{"type":"Point","coordinates":[0.5663,47.759]},"surface":1834.92,"population":933,"departement":{"code":"72","nom":"Sarthe"},"region":{"code":"52","nom":"Pays de la Loire"}},{"nom":"Ligron","code":"72163","codesPostaux":["72270"],"centre":{"type":"Point","coordinates":[-0.0114,47.7699]},"surface":1368.43,"population":494,"departement":{"code":"72","nom":"Sarthe"},"region":{"code":"52","nom":"Pays de la Loire"}},{"nom":"Livet-en-Saosnois","code":"72164","codesPostaux":["72610"],"centre":{"type":"Point","coordinates":[0.2107,48.356]},"surface":164.43,"population":63,"departement":{"code":"72","nom":"Sarthe"},"region":{"code":"52","nom":"Pays de la Loire"}},{"nom":"Lombron","code":"72165","codesPostaux":["72450"],"centre":{"type":"Point","coordinates":[0.4106,48.0855]},"surface":2420.69,"population":1960,"departement":{"code":"72","nom":"Sarthe"},"region":{"code":"52","nom":"Pays de la Loire"}},{"nom":"Longnes","code":"72166","codesPostaux":["72540"],"centre":{"type":"Point","coordinates":[-0.0833,48.0219]},"surface":649.54,"population":286,"departement":{"code":"72","nom":"Sarthe"},"region":{"code":"52","nom":"Pays de la Loire"}},{"nom":"Louailles","code":"72167","codesPostaux":["72300"],"centre":{"type":"Point","coordinates":[-0.2416,47.7816]},"surface":1060.04,"population":691,"departement":{"code":"72","nom":"Sarthe"},"region":{"code":"52","nom":"Pays de la Loire"}},{"nom":"Loué","code":"72168","codesPostaux":["72540"],"centre":{"type":"Point","coordinates":[-0.1372,48.0035]},"surface":1582.49,"population":2156,"departement":{"code":"72","nom":"Sarthe"},"region":{"code":"52","nom":"Pays de la Loire"}},{"nom":"Louplande","code":"72169","codesPostaux":["72210"],"centre":{"type":"Point","coordinates":[0.0542,47.9407]},"surface":1848.72,"population":1505,"departement":{"code":"72","nom":"Sarthe"},"region":{"code":"52","nom":"Pays de la Loire"}},{"nom":"Louvigny","code":"72170","codesPostaux":["72600"],"centre":{"type":"Point","coordinates":[0.1998,48.3387]},"surface":876.47,"population":178,"departement":{"code":"72","nom":"Sarthe"},"region":{"code":"52","nom":"Pays de la Loire"}},{"nom":"Louzes","code":"72171","codesPostaux":["72600"],"centre":{"type":"Point","coordinates":[0.2996,48.4278]},"surface":823.77,"population":103,"departement":{"code":"72","nom":"Sarthe"},"region":{"code":"52","nom":"Pays de la Loire"}},{"nom":"Le Luart","code":"72172","codesPostaux":["72390"],"centre":{"type":"Point","coordinates":[0.5911,48.0836]},"surface":1241.86,"population":1460,"departement":{"code":"72","nom":"Sarthe"},"region":{"code":"52","nom":"Pays de la Loire"}},{"nom":"Luceau","code":"72173","codesPostaux":["72500"],"centre":{"type":"Point","coordinates":[0.3947,47.7151]},"surface":1779.7,"population":1225,"departement":{"code":"72","nom":"Sarthe"},"region":{"code":"52","nom":"Pays de la Loire"}},{"nom":"Lucé-sous-Ballon","code":"72174","codesPostaux":["72290"],"centre":{"type":"Point","coordinates":[0.2121,48.2097]},"surface":681.63,"population":108,"departement":{"code":"72","nom":"Sarthe"},"region":{"code":"52","nom":"Pays de la Loire"}},{"nom":"Luché-Pringé","code":"72175","codesPostaux":["72800"],"centre":{"type":"Point","coordinates":[0.1019,47.7053]},"surface":4942.1,"population":1535,"departement":{"code":"72","nom":"Sarthe"},"region":{"code":"52","nom":"Pays de la Loire"}},{"nom":"Le Lude","code":"72176","codesPostaux":["72800"],"centre":{"type":"Point","coordinates":[0.1432,47.6404]},"surface":6872.69,"population":3983,"departement":{"code":"72","nom":"Sarthe"},"region":{"code":"52","nom":"Pays de la Loire"}},{"nom":"Maigné","code":"72177","codesPostaux":["72210"],"centre":{"type":"Point","coordinates":[-0.0561,47.9405]},"surface":1140.71,"population":326,"departement":{"code":"72","nom":"Sarthe"},"region":{"code":"52","nom":"Pays de la Loire"}},{"nom":"Maisoncelles","code":"72178","codesPostaux":["72440"],"centre":{"type":"Point","coordinates":[0.578,47.9383]},"surface":1131.85,"population":201,"departement":{"code":"72","nom":"Sarthe"},"region":{"code":"52","nom":"Pays de la Loire"}},{"nom":"Malicorne-sur-Sarthe","code":"72179","codesPostaux":["72270"],"centre":{"type":"Point","coordinates":[-0.0874,47.8124]},"surface":1514.55,"population":1854,"departement":{"code":"72","nom":"Sarthe"},"region":{"code":"52","nom":"Pays de la Loire"}},{"nom":"Mamers","code":"72180","codesPostaux":["72600"],"centre":{"type":"Point","coordinates":[0.3707,48.3554]},"surface":511.61,"population":4996,"departement":{"code":"72","nom":"Sarthe"},"region":{"code":"52","nom":"Pays de la Loire"}},{"nom":"Le Mans","code":"72181","codesPostaux":["72000","72100"],"centre":{"type":"Point","coordinates":[0.1957,47.9819]},"surface":5258.28,"population":146249,"departement":{"code":"72","nom":"Sarthe"},"region":{"code":"52","nom":"Pays de la Loire"}},{"nom":"Mansigné","code":"72182","codesPostaux":["72510"],"centre":{"type":"Point","coordinates":[0.131,47.7456]},"surface":3649.44,"population":1555,"departement":{"code":"72","nom":"Sarthe"},"region":{"code":"52","nom":"Pays de la Loire"}},{"nom":"Marçon","code":"72183","codesPostaux":["72340"],"centre":{"type":"Point","coordinates":[0.5287,47.7041]},"surface":3033.3,"population":1057,"departement":{"code":"72","nom":"Sarthe"},"region":{"code":"52","nom":"Pays de la Loire"}},{"nom":"Mareil-en-Champagne","code":"72184","codesPostaux":["72540"],"centre":{"type":"Point","coordinates":[-0.177,47.9801]},"surface":792.7,"population":342,"departement":{"code":"72","nom":"Sarthe"},"region":{"code":"52","nom":"Pays de la Loire"}},{"nom":"Mareil-sur-Loir","code":"72185","codesPostaux":["72200"],"centre":{"type":"Point","coordinates":[0.0065,47.7232]},"surface":1202.52,"population":653,"departement":{"code":"72","nom":"Sarthe"},"region":{"code":"52","nom":"Pays de la Loire"}},{"nom":"Maresché","code":"72186","codesPostaux":["72170"],"centre":{"type":"Point","coordinates":[0.1492,48.2076]},"surface":1499.95,"population":876,"departement":{"code":"72","nom":"Sarthe"},"region":{"code":"52","nom":"Pays de la Loire"}},{"nom":"Marigné-Laillé","code":"72187","codesPostaux":["72220"],"centre":{"type":"Point","coordinates":[0.3508,47.8146]},"surface":3361.89,"population":1653,"departement":{"code":"72","nom":"Sarthe"},"region":{"code":"52","nom":"Pays de la Loire"}},{"nom":"Marollette","code":"72188","codesPostaux":["72600"],"centre":{"type":"Point","coordinates":[0.3629,48.3776]},"surface":576.16,"population":159,"departement":{"code":"72","nom":"Sarthe"},"region":{"code":"52","nom":"Pays de la Loire"}},{"nom":"Marolles-les-Braults","code":"72189","codesPostaux":["72260"],"centre":{"type":"Point","coordinates":[0.3217,48.2508]},"surface":2435.55,"population":2039,"departement":{"code":"72","nom":"Sarthe"},"region":{"code":"52","nom":"Pays de la Loire"}},{"nom":"Marolles-lès-Saint-Calais","code":"72190","codesPostaux":["72120"],"centre":{"type":"Point","coordinates":[0.7882,47.9146]},"surface":1208.66,"population":284,"departement":{"code":"72","nom":"Sarthe"},"region":{"code":"52","nom":"Pays de la Loire"}},{"nom":"Mayet","code":"72191","codesPostaux":["72360"],"centre":{"type":"Point","coordinates":[0.2809,47.7618]},"surface":5418.88,"population":3187,"departement":{"code":"72","nom":"Sarthe"},"region":{"code":"52","nom":"Pays de la Loire"}},{"nom":"Les Mées","code":"72192","codesPostaux":["72260"],"centre":{"type":"Point","coordinates":[0.2384,48.3127]},"surface":681.85,"population":103,"departement":{"code":"72","nom":"Sarthe"},"region":{"code":"52","nom":"Pays de la Loire"}},{"nom":"Melleray","code":"72193","codesPostaux":["72320"],"centre":{"type":"Point","coordinates":[0.8084,48.1012]},"surface":2593.37,"population":454,"departement":{"code":"72","nom":"Sarthe"},"region":{"code":"52","nom":"Pays de la Loire"}},{"nom":"Meurcé","code":"72194","codesPostaux":["72170"],"centre":{"type":"Point","coordinates":[0.2025,48.2396]},"surface":619.86,"population":275,"departement":{"code":"72","nom":"Sarthe"},"region":{"code":"52","nom":"Pays de la Loire"}},{"nom":"Mézeray","code":"72195","codesPostaux":["72270"],"centre":{"type":"Point","coordinates":[-0.0213,47.8317]},"surface":3332.49,"population":1841,"departement":{"code":"72","nom":"Sarthe"},"region":{"code":"52","nom":"Pays de la Loire"}},{"nom":"Mézières-sur-Ponthouin","code":"72196","codesPostaux":["72290"],"centre":{"type":"Point","coordinates":[0.2939,48.2047]},"surface":1805.46,"population":725,"departement":{"code":"72","nom":"Sarthe"},"region":{"code":"52","nom":"Pays de la Loire"}},{"nom":"Mézières-sous-Lavardin","code":"72197","codesPostaux":["72240"],"centre":{"type":"Point","coordinates":[0.0424,48.157]},"surface":1537.52,"population":676,"departement":{"code":"72","nom":"Sarthe"},"region":{"code":"52","nom":"Pays de la Loire"}},{"nom":"La Milesse","code":"72198","codesPostaux":["72650"],"centre":{"type":"Point","coordinates":[0.1331,48.0663]},"surface":1056.5,"population":2617,"departement":{"code":"72","nom":"Sarthe"},"region":{"code":"52","nom":"Pays de la Loire"}},{"nom":"Moitron-sur-Sarthe","code":"72199","codesPostaux":["72170"],"centre":{"type":"Point","coordinates":[0.0516,48.2473]},"surface":1035.45,"population":258,"departement":{"code":"72","nom":"Sarthe"},"region":{"code":"52","nom":"Pays de la Loire"}},{"nom":"Moncé-en-Belin","code":"72200","codesPostaux":["72230"],"centre":{"type":"Point","coordinates":[0.1956,47.8964]},"surface":1756.38,"population":3697,"departement":{"code":"72","nom":"Sarthe"},"region":{"code":"52","nom":"Pays de la Loire"}},{"nom":"Moncé-en-Saosnois","code":"72201","codesPostaux":["72260"],"centre":{"type":"Point","coordinates":[0.384,48.2716]},"surface":891.86,"population":221,"departement":{"code":"72","nom":"Sarthe"},"region":{"code":"52","nom":"Pays de la Loire"}},{"nom":"Monhoudou","code":"72202","codesPostaux":["72260"],"centre":{"type":"Point","coordinates":[0.3274,48.2864]},"surface":754.5,"population":214,"departement":{"code":"72","nom":"Sarthe"},"region":{"code":"52","nom":"Pays de la Loire"}},{"nom":"Montaillé","code":"72204","codesPostaux":["72120"],"centre":{"type":"Point","coordinates":[0.6937,47.9641]},"surface":3053.9,"population":516,"departement":{"code":"72","nom":"Sarthe"},"region":{"code":"52","nom":"Pays de la Loire"}},{"nom":"Montbizot","code":"72205","codesPostaux":["72380"],"centre":{"type":"Point","coordinates":[0.1821,48.1504]},"surface":1138.87,"population":1841,"departement":{"code":"72","nom":"Sarthe"},"region":{"code":"52","nom":"Pays de la Loire"}},{"nom":"Montmirail","code":"72208","codesPostaux":["72320"],"centre":{"type":"Point","coordinates":[0.7728,48.1075]},"surface":1258.36,"population":366,"departement":{"code":"72","nom":"Sarthe"},"region":{"code":"52","nom":"Pays de la Loire"}},{"nom":"Montreuil-le-Chétif","code":"72209","codesPostaux":["72130"],"centre":{"type":"Point","coordinates":[-0.0335,48.241]},"surface":1470.72,"population":318,"departement":{"code":"72","nom":"Sarthe"},"region":{"code":"52","nom":"Pays de la Loire"}},{"nom":"Montreuil-le-Henri","code":"72210","codesPostaux":["72150"],"centre":{"type":"Point","coordinates":[0.5714,47.8621]},"surface":1440.42,"population":295,"departement":{"code":"72","nom":"Sarthe"},"region":{"code":"52","nom":"Pays de la Loire"}},{"nom":"Mont-Saint-Jean","code":"72211","codesPostaux":["72140"],"centre":{"type":"Point","coordinates":[-0.1123,48.2431]},"surface":4236.99,"population":628,"departement":{"code":"72","nom":"Sarthe"},"region":{"code":"52","nom":"Pays de la Loire"}},{"nom":"Moulins-le-Carbonnel","code":"72212","codesPostaux":["72130"],"centre":{"type":"Point","coordinates":[-0.0143,48.3734]},"surface":1639.75,"population":697,"departement":{"code":"72","nom":"Sarthe"},"region":{"code":"52","nom":"Pays de la Loire"}},{"nom":"Mulsanne","code":"72213","codesPostaux":["72230"],"centre":{"type":"Point","coordinates":[0.244,47.919]},"surface":1531.77,"population":5244,"departement":{"code":"72","nom":"Sarthe"},"region":{"code":"52","nom":"Pays de la Loire"}},{"nom":"Nauvay","code":"72214","codesPostaux":["72260"],"centre":{"type":"Point","coordinates":[0.3938,48.2532]},"surface":270.96,"population":12,"departement":{"code":"72","nom":"Sarthe"},"region":{"code":"52","nom":"Pays de la Loire"}},{"nom":"Neufchâtel-en-Saosnois","code":"72215","codesPostaux":["72600"],"centre":{"type":"Point","coordinates":[0.2484,48.387]},"surface":2343.66,"population":1003,"departement":{"code":"72","nom":"Sarthe"},"region":{"code":"52","nom":"Pays de la Loire"}},{"nom":"Neuvillalais","code":"72216","codesPostaux":["72240"],"centre":{"type":"Point","coordinates":[-0.0064,48.1543]},"surface":1895.83,"population":585,"departement":{"code":"72","nom":"Sarthe"},"region":{"code":"52","nom":"Pays de la Loire"}},{"nom":"Neuville-sur-Sarthe","code":"72217","codesPostaux":["72190"],"centre":{"type":"Point","coordinates":[0.2149,48.0717]},"surface":2303.94,"population":2463,"departement":{"code":"72","nom":"Sarthe"},"region":{"code":"52","nom":"Pays de la Loire"}},{"nom":"Neuvillette-en-Charnie","code":"72218","codesPostaux":["72140"],"centre":{"type":"Point","coordinates":[-0.2062,48.0895]},"surface":1460.43,"population":305,"departement":{"code":"72","nom":"Sarthe"},"region":{"code":"52","nom":"Pays de la Loire"}},{"nom":"Bernay-Neuvy-en-Champagne","code":"72219","codesPostaux":["72240"],"centre":{"type":"Point","coordinates":[-0.0331,48.0761]},"surface":2522.23,"population":756,"departement":{"code":"72","nom":"Sarthe"},"region":{"code":"52","nom":"Pays de la Loire"}},{"nom":"Nogent-le-Bernard","code":"72220","codesPostaux":["72110"],"centre":{"type":"Point","coordinates":[0.5053,48.2416]},"surface":3033.46,"population":864,"departement":{"code":"72","nom":"Sarthe"},"region":{"code":"52","nom":"Pays de la Loire"}},{"nom":"Nogent-sur-Loir","code":"72221","codesPostaux":["72500"],"centre":{"type":"Point","coordinates":[0.3997,47.6573]},"surface":1084.28,"population":361,"departement":{"code":"72","nom":"Sarthe"},"region":{"code":"52","nom":"Pays de la Loire"}},{"nom":"Nouans","code":"72222","codesPostaux":["72260"],"centre":{"type":"Point","coordinates":[0.228,48.2383]},"surface":1000.21,"population":252,"departement":{"code":"72","nom":"Sarthe"},"region":{"code":"52","nom":"Pays de la Loire"}},{"nom":"Noyen-sur-Sarthe","code":"72223","codesPostaux":["72430"],"centre":{"type":"Point","coordinates":[-0.1031,47.8569]},"surface":4287.92,"population":2556,"departement":{"code":"72","nom":"Sarthe"},"region":{"code":"52","nom":"Pays de la Loire"}},{"nom":"Nuillé-le-Jalais","code":"72224","codesPostaux":["72370"],"centre":{"type":"Point","coordinates":[0.4872,48.0226]},"surface":577.28,"population":528,"departement":{"code":"72","nom":"Sarthe"},"region":{"code":"52","nom":"Pays de la Loire"}},{"nom":"Oisseau-le-Petit","code":"72225","codesPostaux":["72610"],"centre":{"type":"Point","coordinates":[0.0751,48.3473]},"surface":857.3,"population":671,"departement":{"code":"72","nom":"Sarthe"},"region":{"code":"52","nom":"Pays de la Loire"}},{"nom":"Oizé","code":"72226","codesPostaux":["72330"],"centre":{"type":"Point","coordinates":[0.1097,47.8056]},"surface":1687.84,"population":1322,"departement":{"code":"72","nom":"Sarthe"},"region":{"code":"52","nom":"Pays de la Loire"}},{"nom":"Panon","code":"72227","codesPostaux":["72600"],"centre":{"type":"Point","coordinates":[0.3012,48.3386]},"surface":236.44,"population":33,"departement":{"code":"72","nom":"Sarthe"},"region":{"code":"52","nom":"Pays de la Loire"}},{"nom":"Parcé-sur-Sarthe","code":"72228","codesPostaux":["72300"],"centre":{"type":"Point","coordinates":[-0.1929,47.8271]},"surface":4070.48,"population":1950,"departement":{"code":"72","nom":"Sarthe"},"region":{"code":"52","nom":"Pays de la Loire"}},{"nom":"Parennes","code":"72229","codesPostaux":["72140"],"centre":{"type":"Point","coordinates":[-0.1862,48.1169]},"surface":1461.16,"population":444,"departement":{"code":"72","nom":"Sarthe"},"region":{"code":"52","nom":"Pays de la Loire"}},{"nom":"Parigné-le-Pôlin","code":"72230","codesPostaux":["72330"],"centre":{"type":"Point","coordinates":[0.1226,47.8557]},"surface":1398.43,"population":1037,"departement":{"code":"72","nom":"Sarthe"},"region":{"code":"52","nom":"Pays de la Loire"}},{"nom":"Parigné-l'Évêque","code":"72231","codesPostaux":["72250"],"centre":{"type":"Point","coordinates":[0.364,47.9251]},"surface":6364.29,"population":5358,"departement":{"code":"72","nom":"Sarthe"},"region":{"code":"52","nom":"Pays de la Loire"}},{"nom":"Notre-Dame-du-Pé","code":"72232","codesPostaux":["72300"],"centre":{"type":"Point","coordinates":[-0.3306,47.7288]},"surface":778.33,"population":710,"departement":{"code":"72","nom":"Sarthe"},"region":{"code":"52","nom":"Pays de la Loire"}},{"nom":"Peray","code":"72233","codesPostaux":["72260"],"centre":{"type":"Point","coordinates":[0.3695,48.2507]},"surface":246.37,"population":70,"departement":{"code":"72","nom":"Sarthe"},"region":{"code":"52","nom":"Pays de la Loire"}},{"nom":"Pezé-le-Robert","code":"72234","codesPostaux":["72140"],"centre":{"type":"Point","coordinates":[-0.0421,48.2012]},"surface":1633.18,"population":343,"departement":{"code":"72","nom":"Sarthe"},"region":{"code":"52","nom":"Pays de la Loire"}},{"nom":"Piacé","code":"72235","codesPostaux":["72170"],"centre":{"type":"Point","coordinates":[0.1155,48.2655]},"surface":1013.94,"population":370,"departement":{"code":"72","nom":"Sarthe"},"region":{"code":"52","nom":"Pays de la Loire"}},{"nom":"Pincé","code":"72236","codesPostaux":["72300"],"centre":{"type":"Point","coordinates":[-0.3642,47.7956]},"surface":583.33,"population":192,"departement":{"code":"72","nom":"Sarthe"},"region":{"code":"52","nom":"Pays de la Loire"}},{"nom":"Pirmil","code":"72237","codesPostaux":["72430"],"centre":{"type":"Point","coordinates":[-0.0899,47.9129]},"surface":1764.88,"population":512,"departement":{"code":"72","nom":"Sarthe"},"region":{"code":"52","nom":"Pays de la Loire"}},{"nom":"Pizieux","code":"72238","codesPostaux":["72600"],"centre":{"type":"Point","coordinates":[0.3324,48.3219]},"surface":451.43,"population":75,"departement":{"code":"72","nom":"Sarthe"},"region":{"code":"52","nom":"Pays de la Loire"}},{"nom":"Poillé-sur-Vègre","code":"72239","codesPostaux":["72350"],"centre":{"type":"Point","coordinates":[-0.2778,47.9169]},"surface":1758.36,"population":582,"departement":{"code":"72","nom":"Sarthe"},"region":{"code":"52","nom":"Pays de la Loire"}},{"nom":"Montfort-le-Gesnois","code":"72241","codesPostaux":["72450"],"centre":{"type":"Point","coordinates":[0.3988,48.0574]},"surface":1879.92,"population":2939,"departement":{"code":"72","nom":"Sarthe"},"region":{"code":"52","nom":"Pays de la Loire"}},{"nom":"Pontvallain","code":"72243","codesPostaux":["72510"],"centre":{"type":"Point","coordinates":[0.206,47.7599]},"surface":3532.95,"population":1607,"departement":{"code":"72","nom":"Sarthe"},"region":{"code":"52","nom":"Pays de la Loire"}},{"nom":"Précigné","code":"72244","codesPostaux":["72300"],"centre":{"type":"Point","coordinates":[-0.3154,47.7631]},"surface":5837.88,"population":2877,"departement":{"code":"72","nom":"Sarthe"},"region":{"code":"52","nom":"Pays de la Loire"}},{"nom":"Préval","code":"72245","codesPostaux":["72400"],"centre":{"type":"Point","coordinates":[0.6181,48.2238]},"surface":762.87,"population":656,"departement":{"code":"72","nom":"Sarthe"},"region":{"code":"52","nom":"Pays de la Loire"}},{"nom":"Prévelles","code":"72246","codesPostaux":["72110"],"centre":{"type":"Point","coordinates":[0.4735,48.1555]},"surface":484.63,"population":188,"departement":{"code":"72","nom":"Sarthe"},"region":{"code":"52","nom":"Pays de la Loire"}},{"nom":"Pruillé-le-Chétif","code":"72247","codesPostaux":["72700"],"centre":{"type":"Point","coordinates":[0.1062,47.9934]},"surface":1039.87,"population":1329,"departement":{"code":"72","nom":"Sarthe"},"region":{"code":"52","nom":"Pays de la Loire"}},{"nom":"Pruillé-l'Éguillé","code":"72248","codesPostaux":["72150"],"centre":{"type":"Point","coordinates":[0.4186,47.8381]},"surface":2125.99,"population":801,"departement":{"code":"72","nom":"Sarthe"},"region":{"code":"52","nom":"Pays de la Loire"}},{"nom":"La Quinte","code":"72249","codesPostaux":["72550"],"centre":{"type":"Point","coordinates":[0.0437,48.0514]},"surface":882.65,"population":823,"departement":{"code":"72","nom":"Sarthe"},"region":{"code":"52","nom":"Pays de la Loire"}},{"nom":"Rahay","code":"72250","codesPostaux":["72120"],"centre":{"type":"Point","coordinates":[0.8075,47.9581]},"surface":1894.41,"population":167,"departement":{"code":"72","nom":"Sarthe"},"region":{"code":"52","nom":"Pays de la Loire"}},{"nom":"René","code":"72251","codesPostaux":["72260"],"centre":{"type":"Point","coordinates":[0.2182,48.2774]},"surface":1264.13,"population":387,"departement":{"code":"72","nom":"Sarthe"},"region":{"code":"52","nom":"Pays de la Loire"}},{"nom":"Requeil","code":"72252","codesPostaux":["72510"],"centre":{"type":"Point","coordinates":[0.1626,47.7866]},"surface":1407.53,"population":1108,"departement":{"code":"72","nom":"Sarthe"},"region":{"code":"52","nom":"Pays de la Loire"}},{"nom":"Roëzé-sur-Sarthe","code":"72253","codesPostaux":["72210"],"centre":{"type":"Point","coordinates":[0.0641,47.8939]},"surface":2681.26,"population":2514,"departement":{"code":"72","nom":"Sarthe"},"region":{"code":"52","nom":"Pays de la Loire"}},{"nom":"Rouessé-Fontaine","code":"72254","codesPostaux":["72610"],"centre":{"type":"Point","coordinates":[0.1488,48.3156]},"surface":1253.57,"population":261,"departement":{"code":"72","nom":"Sarthe"},"region":{"code":"52","nom":"Pays de la Loire"}},{"nom":"Rouessé-Vassé","code":"72255","codesPostaux":["72140"],"centre":{"type":"Point","coordinates":[-0.1953,48.1549]},"surface":3180.6,"population":785,"departement":{"code":"72","nom":"Sarthe"},"region":{"code":"52","nom":"Pays de la Loire"}},{"nom":"Rouez","code":"72256","codesPostaux":["72140"],"centre":{"type":"Point","coordinates":[-0.1107,48.1323]},"surface":3361.35,"population":804,"departement":{"code":"72","nom":"Sarthe"},"region":{"code":"52","nom":"Pays de la Loire"}},{"nom":"Rouillon","code":"72257","codesPostaux":["72700"],"centre":{"type":"Point","coordinates":[0.1424,47.9997]},"surface":922.38,"population":2382,"departement":{"code":"72","nom":"Sarthe"},"region":{"code":"52","nom":"Pays de la Loire"}},{"nom":"Rouperroux-le-Coquet","code":"72259","codesPostaux":["72110"],"centre":{"type":"Point","coordinates":[0.4405,48.2331]},"surface":1216.42,"population":266,"departement":{"code":"72","nom":"Sarthe"},"region":{"code":"52","nom":"Pays de la Loire"}},{"nom":"Ruaudin","code":"72260","codesPostaux":["72230"],"centre":{"type":"Point","coordinates":[0.2657,47.9443]},"surface":1387.32,"population":3481,"departement":{"code":"72","nom":"Sarthe"},"region":{"code":"52","nom":"Pays de la Loire"}},{"nom":"Ruillé-en-Champagne","code":"72261","codesPostaux":["72240"],"centre":{"type":"Point","coordinates":[-0.1211,48.0588]},"surface":1499.41,"population":310,"departement":{"code":"72","nom":"Sarthe"},"region":{"code":"52","nom":"Pays de la Loire"}},{"nom":"Loir en Vallée","code":"72262","codesPostaux":["72310","72340"],"centre":{"type":"Point","coordinates":[0.6478,47.7849]},"surface":6492.25,"population":2044,"departement":{"code":"72","nom":"Sarthe"},"region":{"code":"52","nom":"Pays de la Loire"}},{"nom":"Sablé-sur-Sarthe","code":"72264","codesPostaux":["72300"],"centre":{"type":"Point","coordinates":[-0.3542,47.8397]},"surface":3700.26,"population":12326,"departement":{"code":"72","nom":"Sarthe"},"region":{"code":"52","nom":"Pays de la Loire"}},{"nom":"Saint-Aignan","code":"72265","codesPostaux":["72110"],"centre":{"type":"Point","coordinates":[0.3429,48.2172]},"surface":1515.73,"population":264,"departement":{"code":"72","nom":"Sarthe"},"region":{"code":"52","nom":"Pays de la Loire"}},{"nom":"Saint-Aubin-de-Locquenay","code":"72266","codesPostaux":["72130"],"centre":{"type":"Point","coordinates":[0.0093,48.256]},"surface":1750.78,"population":761,"departement":{"code":"72","nom":"Sarthe"},"region":{"code":"52","nom":"Pays de la Loire"}},{"nom":"Saint-Aubin-des-Coudrais","code":"72267","codesPostaux":["72400"],"centre":{"type":"Point","coordinates":[0.5835,48.1771]},"surface":1744.45,"population":890,"departement":{"code":"72","nom":"Sarthe"},"region":{"code":"52","nom":"Pays de la Loire"}},{"nom":"Saint-Biez-en-Belin","code":"72268","codesPostaux":["72220"],"centre":{"type":"Point","coordinates":[0.2331,47.8172]},"surface":930.6,"population":710,"departement":{"code":"72","nom":"Sarthe"},"region":{"code":"52","nom":"Pays de la Loire"}},{"nom":"Saint-Calais","code":"72269","codesPostaux":["72120"],"centre":{"type":"Point","coordinates":[0.7418,47.932]},"surface":2284.66,"population":2948,"departement":{"code":"72","nom":"Sarthe"},"region":{"code":"52","nom":"Pays de la Loire"}},{"nom":"Saint-Calez-en-Saosnois","code":"72270","codesPostaux":["72600"],"centre":{"type":"Point","coordinates":[0.3123,48.306]},"surface":730.78,"population":179,"departement":{"code":"72","nom":"Sarthe"},"region":{"code":"52","nom":"Pays de la Loire"}},{"nom":"Saint-Célerin","code":"72271","codesPostaux":["72110"],"centre":{"type":"Point","coordinates":[0.4349,48.1258]},"surface":1350.71,"population":882,"departement":{"code":"72","nom":"Sarthe"},"region":{"code":"52","nom":"Pays de la Loire"}},{"nom":"Sainte-Cérotte","code":"72272","codesPostaux":["72120"],"centre":{"type":"Point","coordinates":[0.689,47.899]},"surface":1438.23,"population":337,"departement":{"code":"72","nom":"Sarthe"},"region":{"code":"52","nom":"Pays de la Loire"}},{"nom":"Saint-Christophe-du-Jambet","code":"72273","codesPostaux":["72170"],"centre":{"type":"Point","coordinates":[0.0579,48.2373]},"surface":1124.83,"population":231,"departement":{"code":"72","nom":"Sarthe"},"region":{"code":"52","nom":"Pays de la Loire"}},{"nom":"Saint-Christophe-en-Champagne","code":"72274","codesPostaux":["72540"],"centre":{"type":"Point","coordinates":[-0.1373,47.9624]},"surface":773.74,"population":218,"departement":{"code":"72","nom":"Sarthe"},"region":{"code":"52","nom":"Pays de la Loire"}},{"nom":"Saint-Corneille","code":"72275","codesPostaux":["72460"],"centre":{"type":"Point","coordinates":[0.344,48.0785]},"surface":1118.46,"population":1510,"departement":{"code":"72","nom":"Sarthe"},"region":{"code":"52","nom":"Pays de la Loire"}},{"nom":"Saint-Cosme-en-Vairais","code":"72276","codesPostaux":["72110"],"centre":{"type":"Point","coordinates":[0.4586,48.2739]},"surface":3294.36,"population":1927,"departement":{"code":"72","nom":"Sarthe"},"region":{"code":"52","nom":"Pays de la Loire"}},{"nom":"Saint-Denis-des-Coudrais","code":"72277","codesPostaux":["72110"],"centre":{"type":"Point","coordinates":[0.502,48.1639]},"surface":710.69,"population":113,"departement":{"code":"72","nom":"Sarthe"},"region":{"code":"52","nom":"Pays de la Loire"}},{"nom":"Saint-Denis-d'Orques","code":"72278","codesPostaux":["72350"],"centre":{"type":"Point","coordinates":[-0.2734,48.0299]},"surface":4723.03,"population":760,"departement":{"code":"72","nom":"Sarthe"},"region":{"code":"52","nom":"Pays de la Loire"}},{"nom":"Saint-Georges-de-la-Couée","code":"72279","codesPostaux":["72150"],"centre":{"type":"Point","coordinates":[0.5952,47.8232]},"surface":1180,"population":181,"departement":{"code":"72","nom":"Sarthe"},"region":{"code":"52","nom":"Pays de la Loire"}},{"nom":"Saint-Georges-du-Bois","code":"72280","codesPostaux":["72700"],"centre":{"type":"Point","coordinates":[0.1034,47.9719]},"surface":728.37,"population":2285,"departement":{"code":"72","nom":"Sarthe"},"region":{"code":"52","nom":"Pays de la Loire"}},{"nom":"Saint-Georges-du-Rosay","code":"72281","codesPostaux":["72110"],"centre":{"type":"Point","coordinates":[0.5237,48.1974]},"surface":1736.9,"population":452,"departement":{"code":"72","nom":"Sarthe"},"region":{"code":"52","nom":"Pays de la Loire"}},{"nom":"Saint-Georges-le-Gaultier","code":"72282","codesPostaux":["72130"],"centre":{"type":"Point","coordinates":[-0.1092,48.2956]},"surface":2341.99,"population":517,"departement":{"code":"72","nom":"Sarthe"},"region":{"code":"52","nom":"Pays de la Loire"}},{"nom":"Saint-Germain-d'Arcé","code":"72283","codesPostaux":["72800"],"centre":{"type":"Point","coordinates":[0.2793,47.6258]},"surface":2928.7,"population":337,"departement":{"code":"72","nom":"Sarthe"},"region":{"code":"52","nom":"Pays de la Loire"}},{"nom":"Saint-Gervais-de-Vic","code":"72286","codesPostaux":["72120"],"centre":{"type":"Point","coordinates":[0.7292,47.8819]},"surface":1613.13,"population":383,"departement":{"code":"72","nom":"Sarthe"},"region":{"code":"52","nom":"Pays de la Loire"}},{"nom":"Sainte-Jamme-sur-Sarthe","code":"72289","codesPostaux":["72380"],"centre":{"type":"Point","coordinates":[0.1594,48.1408]},"surface":860.1,"population":1950,"departement":{"code":"72","nom":"Sarthe"},"region":{"code":"52","nom":"Pays de la Loire"}},{"nom":"Saint-Jean-d'Assé","code":"72290","codesPostaux":["72380"],"centre":{"type":"Point","coordinates":[0.1245,48.1545]},"surface":2132.04,"population":1790,"departement":{"code":"72","nom":"Sarthe"},"region":{"code":"52","nom":"Pays de la Loire"}},{"nom":"Saint-Jean-de-la-Motte","code":"72291","codesPostaux":["72510"],"centre":{"type":"Point","coordinates":[0.0615,47.7557]},"surface":3244.54,"population":955,"departement":{"code":"72","nom":"Sarthe"},"region":{"code":"52","nom":"Pays de la Loire"}},{"nom":"Saint-Jean-des-Échelles","code":"72292","codesPostaux":["72320"],"centre":{"type":"Point","coordinates":[0.7305,48.1281]},"surface":1061.26,"population":222,"departement":{"code":"72","nom":"Sarthe"},"region":{"code":"52","nom":"Pays de la Loire"}},{"nom":"Saint-Jean-du-Bois","code":"72293","codesPostaux":["72430"],"centre":{"type":"Point","coordinates":[-0.03,47.8647]},"surface":1469.08,"population":616,"departement":{"code":"72","nom":"Sarthe"},"region":{"code":"52","nom":"Pays de la Loire"}},{"nom":"Saint-Léonard-des-Bois","code":"72294","codesPostaux":["72130"],"centre":{"type":"Point","coordinates":[-0.0893,48.3543]},"surface":2740.38,"population":471,"departement":{"code":"72","nom":"Sarthe"},"region":{"code":"52","nom":"Pays de la Loire"}},{"nom":"Saint-Longis","code":"72295","codesPostaux":["72600"],"centre":{"type":"Point","coordinates":[0.3359,48.3552]},"surface":1121.46,"population":509,"departement":{"code":"72","nom":"Sarthe"},"region":{"code":"52","nom":"Pays de la Loire"}},{"nom":"Saint-Maixent","code":"72296","codesPostaux":["72320"],"centre":{"type":"Point","coordinates":[0.6462,48.1079]},"surface":2240.85,"population":741,"departement":{"code":"72","nom":"Sarthe"},"region":{"code":"52","nom":"Pays de la Loire"}},{"nom":"Saint-Marceau","code":"72297","codesPostaux":["72170"],"centre":{"type":"Point","coordinates":[0.1225,48.1833]},"surface":891.52,"population":530,"departement":{"code":"72","nom":"Sarthe"},"region":{"code":"52","nom":"Pays de la Loire"}},{"nom":"Saint-Mars-d'Outillé","code":"72299","codesPostaux":["72220"],"centre":{"type":"Point","coordinates":[0.3436,47.873]},"surface":3839.3,"population":2483,"departement":{"code":"72","nom":"Sarthe"},"region":{"code":"52","nom":"Pays de la Loire"}},{"nom":"Saint-Mars-la-Brière","code":"72300","codesPostaux":["72470"],"centre":{"type":"Point","coordinates":[0.3826,48.0266]},"surface":3456.85,"population":2681,"departement":{"code":"72","nom":"Sarthe"},"region":{"code":"52","nom":"Pays de la Loire"}},{"nom":"Saint-Martin-des-Monts","code":"72302","codesPostaux":["72400"],"centre":{"type":"Point","coordinates":[0.5989,48.1503]},"surface":570.43,"population":178,"departement":{"code":"72","nom":"Sarthe"},"region":{"code":"52","nom":"Pays de la Loire"}},{"nom":"Saint-Michel-de-Chavaignes","code":"72303","codesPostaux":["72440"],"centre":{"type":"Point","coordinates":[0.5764,48.0098]},"surface":1853.86,"population":737,"departement":{"code":"72","nom":"Sarthe"},"region":{"code":"52","nom":"Pays de la Loire"}},{"nom":"Saint-Ouen-de-Mimbré","code":"72305","codesPostaux":["72130"],"centre":{"type":"Point","coordinates":[0.0504,48.2889]},"surface":1072.26,"population":901,"departement":{"code":"72","nom":"Sarthe"},"region":{"code":"52","nom":"Pays de la Loire"}},{"nom":"Saint-Ouen-en-Belin","code":"72306","codesPostaux":["72220"],"centre":{"type":"Point","coordinates":[0.2188,47.8339]},"surface":1529.14,"population":1313,"departement":{"code":"72","nom":"Sarthe"},"region":{"code":"52","nom":"Pays de la Loire"}},{"nom":"Saint-Ouen-en-Champagne","code":"72307","codesPostaux":["72350"],"centre":{"type":"Point","coordinates":[-0.1767,47.9559]},"surface":1116.74,"population":237,"departement":{"code":"72","nom":"Sarthe"},"region":{"code":"52","nom":"Pays de la Loire"}},{"nom":"Saint-Paterne - Le Chevain","code":"72308","codesPostaux":["72610"],"centre":{"type":"Point","coordinates":[0.125,48.4167]},"surface":1296.9,"population":2076,"departement":{"code":"72","nom":"Sarthe"},"region":{"code":"52","nom":"Pays de la Loire"}},{"nom":"Saint-Paul-le-Gaultier","code":"72309","codesPostaux":["72130"],"centre":{"type":"Point","coordinates":[-0.1117,48.3262]},"surface":1521.29,"population":285,"departement":{"code":"72","nom":"Sarthe"},"region":{"code":"52","nom":"Pays de la Loire"}},{"nom":"Saint-Pavace","code":"72310","codesPostaux":["72190"],"centre":{"type":"Point","coordinates":[0.1931,48.0399]},"surface":518.7,"population":2007,"departement":{"code":"72","nom":"Sarthe"},"region":{"code":"52","nom":"Pays de la Loire"}},{"nom":"Saint-Pierre-de-Chevillé","code":"72311","codesPostaux":["72500"],"centre":{"type":"Point","coordinates":[0.4293,47.6361]},"surface":1147,"population":334,"departement":{"code":"72","nom":"Sarthe"},"region":{"code":"52","nom":"Pays de la Loire"}},{"nom":"Saint-Pierre-des-Bois","code":"72312","codesPostaux":["72430"],"centre":{"type":"Point","coordinates":[-0.1355,47.9421]},"surface":751.3,"population":220,"departement":{"code":"72","nom":"Sarthe"},"region":{"code":"52","nom":"Pays de la Loire"}},{"nom":"Saint-Pierre-des-Ormes","code":"72313","codesPostaux":["72600"],"centre":{"type":"Point","coordinates":[0.4223,48.2953]},"surface":1023.99,"population":206,"departement":{"code":"72","nom":"Sarthe"},"region":{"code":"52","nom":"Pays de la Loire"}},{"nom":"Saint-Pierre-du-Lorouër","code":"72314","codesPostaux":["72150"],"centre":{"type":"Point","coordinates":[0.5031,47.7974]},"surface":1661.71,"population":356,"departement":{"code":"72","nom":"Sarthe"},"region":{"code":"52","nom":"Pays de la Loire"}},{"nom":"Saint-Rémy-de-Sillé","code":"72315","codesPostaux":["72140"],"centre":{"type":"Point","coordinates":[-0.1034,48.1844]},"surface":1148.33,"population":828,"departement":{"code":"72","nom":"Sarthe"},"region":{"code":"52","nom":"Pays de la Loire"}},{"nom":"Saint-Rémy-des-Monts","code":"72316","codesPostaux":["72600"],"centre":{"type":"Point","coordinates":[0.3796,48.321]},"surface":1027.31,"population":713,"departement":{"code":"72","nom":"Sarthe"},"region":{"code":"52","nom":"Pays de la Loire"}},{"nom":"Saint-Rémy-du-Val","code":"72317","codesPostaux":["72600"],"centre":{"type":"Point","coordinates":[0.2491,48.3524]},"surface":1661.05,"population":493,"departement":{"code":"72","nom":"Sarthe"},"region":{"code":"52","nom":"Pays de la Loire"}},{"nom":"Sainte-Sabine-sur-Longève","code":"72319","codesPostaux":["72380"],"centre":{"type":"Point","coordinates":[0.0876,48.1355]},"surface":1188.09,"population":743,"departement":{"code":"72","nom":"Sarthe"},"region":{"code":"52","nom":"Pays de la Loire"}},{"nom":"Saint-Saturnin","code":"72320","codesPostaux":["72650"],"centre":{"type":"Point","coordinates":[0.1755,48.0607]},"surface":968.25,"population":2774,"departement":{"code":"72","nom":"Sarthe"},"region":{"code":"52","nom":"Pays de la Loire"}},{"nom":"Saint-Symphorien","code":"72321","codesPostaux":["72240"],"centre":{"type":"Point","coordinates":[-0.1376,48.0807]},"surface":2256.74,"population":509,"departement":{"code":"72","nom":"Sarthe"},"region":{"code":"52","nom":"Pays de la Loire"}},{"nom":"Saint-Ulphace","code":"72322","codesPostaux":["72320"],"centre":{"type":"Point","coordinates":[0.8486,48.1584]},"surface":1606.29,"population":222,"departement":{"code":"72","nom":"Sarthe"},"region":{"code":"52","nom":"Pays de la Loire"}},{"nom":"Saint-Victeur","code":"72323","codesPostaux":["72130"],"centre":{"type":"Point","coordinates":[0.0384,48.3173]},"surface":715.94,"population":432,"departement":{"code":"72","nom":"Sarthe"},"region":{"code":"52","nom":"Pays de la Loire"}},{"nom":"Saint-Vincent-des-Prés","code":"72324","codesPostaux":["72600"],"centre":{"type":"Point","coordinates":[0.3718,48.297]},"surface":1059.94,"population":502,"departement":{"code":"72","nom":"Sarthe"},"region":{"code":"52","nom":"Pays de la Loire"}},{"nom":"Saint-Vincent-du-Lorouër","code":"72325","codesPostaux":["72150"],"centre":{"type":"Point","coordinates":[0.4792,47.8151]},"surface":2702.88,"population":814,"departement":{"code":"72","nom":"Sarthe"},"region":{"code":"52","nom":"Pays de la Loire"}},{"nom":"Saosnes","code":"72326","codesPostaux":["72600"],"centre":{"type":"Point","coordinates":[0.2909,48.3267]},"surface":1141.83,"population":216,"departement":{"code":"72","nom":"Sarthe"},"region":{"code":"52","nom":"Pays de la Loire"}},{"nom":"Sarcé","code":"72327","codesPostaux":["72360"],"centre":{"type":"Point","coordinates":[0.23,47.7245]},"surface":1100.29,"population":264,"departement":{"code":"72","nom":"Sarthe"},"region":{"code":"52","nom":"Pays de la Loire"}},{"nom":"Sargé-lès-le-Mans","code":"72328","codesPostaux":["72190"],"centre":{"type":"Point","coordinates":[0.2503,48.0394]},"surface":1392.96,"population":3851,"departement":{"code":"72","nom":"Sarthe"},"region":{"code":"52","nom":"Pays de la Loire"}},{"nom":"Savigné-l'Évêque","code":"72329","codesPostaux":["72460"],"centre":{"type":"Point","coordinates":[0.281,48.0836]},"surface":2846.83,"population":4031,"departement":{"code":"72","nom":"Sarthe"},"region":{"code":"52","nom":"Pays de la Loire"}},{"nom":"Savigné-sous-le-Lude","code":"72330","codesPostaux":["72800"],"centre":{"type":"Point","coordinates":[0.0648,47.6338]},"surface":3398.32,"population":446,"departement":{"code":"72","nom":"Sarthe"},"region":{"code":"52","nom":"Pays de la Loire"}},{"nom":"Sceaux-sur-Huisne","code":"72331","codesPostaux":["72160"],"centre":{"type":"Point","coordinates":[0.5791,48.0988]},"surface":1185.3,"population":587,"departement":{"code":"72","nom":"Sarthe"},"region":{"code":"52","nom":"Pays de la Loire"}},{"nom":"Ségrie","code":"72332","codesPostaux":["72170"],"centre":{"type":"Point","coordinates":[0.0117,48.2122]},"surface":2209.94,"population":592,"departement":{"code":"72","nom":"Sarthe"},"region":{"code":"52","nom":"Pays de la Loire"}},{"nom":"Semur-en-Vallon","code":"72333","codesPostaux":["72390"],"centre":{"type":"Point","coordinates":[0.6744,48.021]},"surface":1526.23,"population":428,"departement":{"code":"72","nom":"Sarthe"},"region":{"code":"52","nom":"Pays de la Loire"}},{"nom":"Sillé-le-Guillaume","code":"72334","codesPostaux":["72140"],"centre":{"type":"Point","coordinates":[-0.1333,48.1896]},"surface":1298.81,"population":2195,"departement":{"code":"72","nom":"Sarthe"},"region":{"code":"52","nom":"Pays de la Loire"}},{"nom":"Sillé-le-Philippe","code":"72335","codesPostaux":["72460"],"centre":{"type":"Point","coordinates":[0.3503,48.1054]},"surface":1062.59,"population":1085,"departement":{"code":"72","nom":"Sarthe"},"region":{"code":"52","nom":"Pays de la Loire"}},{"nom":"Solesmes","code":"72336","codesPostaux":["72300"],"centre":{"type":"Point","coordinates":[-0.2832,47.8409]},"surface":1149.11,"population":1240,"departement":{"code":"72","nom":"Sarthe"},"region":{"code":"52","nom":"Pays de la Loire"}},{"nom":"Sougé-le-Ganelon","code":"72337","codesPostaux":["72130"],"centre":{"type":"Point","coordinates":[-0.0425,48.3158]},"surface":1832.24,"population":826,"departement":{"code":"72","nom":"Sarthe"},"region":{"code":"52","nom":"Pays de la Loire"}},{"nom":"Souillé","code":"72338","codesPostaux":["72380"],"centre":{"type":"Point","coordinates":[0.1722,48.1208]},"surface":457.11,"population":797,"departement":{"code":"72","nom":"Sarthe"},"region":{"code":"52","nom":"Pays de la Loire"}},{"nom":"Souligné-Flacé","code":"72339","codesPostaux":["72210"],"centre":{"type":"Point","coordinates":[0.018,47.9683]},"surface":1661.14,"population":636,"departement":{"code":"72","nom":"Sarthe"},"region":{"code":"52","nom":"Pays de la Loire"}},{"nom":"Souligné-sous-Ballon","code":"72340","codesPostaux":["72290"],"centre":{"type":"Point","coordinates":[0.2338,48.1336]},"surface":1277.62,"population":1244,"departement":{"code":"72","nom":"Sarthe"},"region":{"code":"52","nom":"Pays de la Loire"}},{"nom":"Soulitré","code":"72341","codesPostaux":["72370"],"centre":{"type":"Point","coordinates":[0.4402,48.0205]},"surface":1096.03,"population":597,"departement":{"code":"72","nom":"Sarthe"},"region":{"code":"52","nom":"Pays de la Loire"}},{"nom":"Souvigné-sur-Même","code":"72342","codesPostaux":["72400"],"centre":{"type":"Point","coordinates":[0.6473,48.2132]},"surface":647.86,"population":164,"departement":{"code":"72","nom":"Sarthe"},"region":{"code":"52","nom":"Pays de la Loire"}},{"nom":"Souvigné-sur-Sarthe","code":"72343","codesPostaux":["72300"],"centre":{"type":"Point","coordinates":[-0.4103,47.8266]},"surface":1722.2,"population":603,"departement":{"code":"72","nom":"Sarthe"},"region":{"code":"52","nom":"Pays de la Loire"}},{"nom":"Spay","code":"72344","codesPostaux":["72700"],"centre":{"type":"Point","coordinates":[0.1501,47.9215]},"surface":1413.38,"population":2808,"departement":{"code":"72","nom":"Sarthe"},"region":{"code":"52","nom":"Pays de la Loire"}},{"nom":"Surfonds","code":"72345","codesPostaux":["72370"],"centre":{"type":"Point","coordinates":[0.4623,47.9805]},"surface":491.38,"population":339,"departement":{"code":"72","nom":"Sarthe"},"region":{"code":"52","nom":"Pays de la Loire"}},{"nom":"La Suze-sur-Sarthe","code":"72346","codesPostaux":["72210"],"centre":{"type":"Point","coordinates":[0.0243,47.8766]},"surface":2150.8,"population":4693,"departement":{"code":"72","nom":"Sarthe"},"region":{"code":"52","nom":"Pays de la Loire"}},{"nom":"Tassé","code":"72347","codesPostaux":["72430"],"centre":{"type":"Point","coordinates":[-0.1531,47.8898]},"surface":1078.21,"population":287,"departement":{"code":"72","nom":"Sarthe"},"region":{"code":"52","nom":"Pays de la Loire"}},{"nom":"Tassillé","code":"72348","codesPostaux":["72540"],"centre":{"type":"Point","coordinates":[-0.095,47.9893]},"surface":652.48,"population":136,"departement":{"code":"72","nom":"Sarthe"},"region":{"code":"52","nom":"Pays de la Loire"}},{"nom":"Teillé","code":"72349","codesPostaux":["72290"],"centre":{"type":"Point","coordinates":[0.179,48.186]},"surface":1169.92,"population":543,"departement":{"code":"72","nom":"Sarthe"},"region":{"code":"52","nom":"Pays de la Loire"}},{"nom":"Teloché","code":"72350","codesPostaux":["72220"],"centre":{"type":"Point","coordinates":[0.2805,47.8904]},"surface":2296.69,"population":3067,"departement":{"code":"72","nom":"Sarthe"},"region":{"code":"52","nom":"Pays de la Loire"}},{"nom":"Tennie","code":"72351","codesPostaux":["72240"],"centre":{"type":"Point","coordinates":[-0.0987,48.1121]},"surface":3317.11,"population":1000,"departement":{"code":"72","nom":"Sarthe"},"region":{"code":"52","nom":"Pays de la Loire"}},{"nom":"Terrehault","code":"72352","codesPostaux":["72110"],"centre":{"type":"Point","coordinates":[0.4078,48.2025]},"surface":582.4,"population":139,"departement":{"code":"72","nom":"Sarthe"},"region":{"code":"52","nom":"Pays de la Loire"}},{"nom":"Théligny","code":"72353","codesPostaux":["72320"],"centre":{"type":"Point","coordinates":[0.7882,48.1707]},"surface":1451.81,"population":215,"departement":{"code":"72","nom":"Sarthe"},"region":{"code":"52","nom":"Pays de la Loire"}},{"nom":"Thoigné","code":"72354","codesPostaux":["72260"],"centre":{"type":"Point","coordinates":[0.2502,48.2864]},"surface":737.23,"population":165,"departement":{"code":"72","nom":"Sarthe"},"region":{"code":"52","nom":"Pays de la Loire"}},{"nom":"Thoiré-sous-Contensor","code":"72355","codesPostaux":["72610"],"centre":{"type":"Point","coordinates":[0.2043,48.3113]},"surface":606.3,"population":111,"departement":{"code":"72","nom":"Sarthe"},"region":{"code":"52","nom":"Pays de la Loire"}},{"nom":"Thoiré-sur-Dinan","code":"72356","codesPostaux":["72500"],"centre":{"type":"Point","coordinates":[0.4603,47.7663]},"surface":1777.59,"population":399,"departement":{"code":"72","nom":"Sarthe"},"region":{"code":"52","nom":"Pays de la Loire"}},{"nom":"Thorée-les-Pins","code":"72357","codesPostaux":["72800"],"centre":{"type":"Point","coordinates":[0.0385,47.664]},"surface":2813.95,"population":744,"departement":{"code":"72","nom":"Sarthe"},"region":{"code":"52","nom":"Pays de la Loire"}},{"nom":"Thorigné-sur-Dué","code":"72358","codesPostaux":["72160"],"centre":{"type":"Point","coordinates":[0.5175,48.0294]},"surface":1921.05,"population":1637,"departement":{"code":"72","nom":"Sarthe"},"region":{"code":"52","nom":"Pays de la Loire"}},{"nom":"Torcé-en-Vallée","code":"72359","codesPostaux":["72110"],"centre":{"type":"Point","coordinates":[0.3934,48.1326]},"surface":1700.74,"population":1397,"departement":{"code":"72","nom":"Sarthe"},"region":{"code":"52","nom":"Pays de la Loire"}},{"nom":"Trangé","code":"72360","codesPostaux":["72650"],"centre":{"type":"Point","coordinates":[0.115,48.0324]},"surface":1119.89,"population":1637,"departement":{"code":"72","nom":"Sarthe"},"region":{"code":"52","nom":"Pays de la Loire"}},{"nom":"Tresson","code":"72361","codesPostaux":["72440"],"centre":{"type":"Point","coordinates":[0.5588,47.9012]},"surface":2955.38,"population":511,"departement":{"code":"72","nom":"Sarthe"},"region":{"code":"52","nom":"Pays de la Loire"}},{"nom":"Le Tronchet","code":"72362","codesPostaux":["72170"],"centre":{"type":"Point","coordinates":[0.08,48.18]},"surface":390,"population":170,"departement":{"code":"72","nom":"Sarthe"},"region":{"code":"52","nom":"Pays de la Loire"}},{"nom":"Tuffé Val de la Chéronne","code":"72363","codesPostaux":["72160"],"centre":{"type":"Point","coordinates":[0.5183,48.1176]},"surface":2936.68,"population":1680,"departement":{"code":"72","nom":"Sarthe"},"region":{"code":"52","nom":"Pays de la Loire"}},{"nom":"Vaas","code":"72364","codesPostaux":["72500"],"centre":{"type":"Point","coordinates":[0.3074,47.6728]},"surface":3034.62,"population":1371,"departement":{"code":"72","nom":"Sarthe"},"region":{"code":"52","nom":"Pays de la Loire"}},{"nom":"Valennes","code":"72366","codesPostaux":["72320"],"centre":{"type":"Point","coordinates":[0.8069,48.0036]},"surface":2668.09,"population":303,"departement":{"code":"72","nom":"Sarthe"},"region":{"code":"52","nom":"Pays de la Loire"}},{"nom":"Vallon-sur-Gée","code":"72367","codesPostaux":["72540"],"centre":{"type":"Point","coordinates":[-0.0831,47.9573]},"surface":1731.11,"population":774,"departement":{"code":"72","nom":"Sarthe"},"region":{"code":"52","nom":"Pays de la Loire"}},{"nom":"Vancé","code":"72368","codesPostaux":["72310"],"centre":{"type":"Point","coordinates":[0.6553,47.8305]},"surface":1262.55,"population":283,"departement":{"code":"72","nom":"Sarthe"},"region":{"code":"52","nom":"Pays de la Loire"}},{"nom":"Verneil-le-Chétif","code":"72369","codesPostaux":["72360"],"centre":{"type":"Point","coordinates":[0.295,47.7227]},"surface":1481.11,"population":584,"departement":{"code":"72","nom":"Sarthe"},"region":{"code":"52","nom":"Pays de la Loire"}},{"nom":"Vernie","code":"72370","codesPostaux":["72170"],"centre":{"type":"Point","coordinates":[0.0175,48.1818]},"surface":995.96,"population":346,"departement":{"code":"72","nom":"Sarthe"},"region":{"code":"52","nom":"Pays de la Loire"}},{"nom":"Vezot","code":"72372","codesPostaux":["72600"],"centre":{"type":"Point","coordinates":[0.2961,48.3537]},"surface":636.78,"population":75,"departement":{"code":"72","nom":"Sarthe"},"region":{"code":"52","nom":"Pays de la Loire"}},{"nom":"Vibraye","code":"72373","codesPostaux":["72320"],"centre":{"type":"Point","coordinates":[0.7412,48.0489]},"surface":4378.4,"population":2523,"departement":{"code":"72","nom":"Sarthe"},"region":{"code":"52","nom":"Pays de la Loire"}},{"nom":"Villaines-la-Carelle","code":"72374","codesPostaux":["72600"],"centre":{"type":"Point","coordinates":[0.2975,48.393]},"surface":1479.85,"population":132,"departement":{"code":"72","nom":"Sarthe"},"region":{"code":"52","nom":"Pays de la Loire"}},{"nom":"Villaines-la-Gonais","code":"72375","codesPostaux":["72400"],"centre":{"type":"Point","coordinates":[0.6097,48.1359]},"surface":1037.05,"population":510,"departement":{"code":"72","nom":"Sarthe"},"region":{"code":"52","nom":"Pays de la Loire"}},{"nom":"Villaines-sous-Lucé","code":"72376","codesPostaux":["72150"],"centre":{"type":"Point","coordinates":[0.5024,47.8798]},"surface":2550.55,"population":645,"departement":{"code":"72","nom":"Sarthe"},"region":{"code":"52","nom":"Pays de la Loire"}},{"nom":"Villaines-sous-Malicorne","code":"72377","codesPostaux":["72270"],"centre":{"type":"Point","coordinates":[-0.1058,47.7539]},"surface":1950.84,"population":1032,"departement":{"code":"72","nom":"Sarthe"},"region":{"code":"52","nom":"Pays de la Loire"}},{"nom":"Vion","code":"72378","codesPostaux":["72300"],"centre":{"type":"Point","coordinates":[-0.2654,47.8136]},"surface":2027.39,"population":1366,"departement":{"code":"72","nom":"Sarthe"},"region":{"code":"52","nom":"Pays de la Loire"}},{"nom":"Viré-en-Champagne","code":"72379","codesPostaux":["72350"],"centre":{"type":"Point","coordinates":[-0.2921,47.9862]},"surface":1135.81,"population":204,"departement":{"code":"72","nom":"Sarthe"},"region":{"code":"52","nom":"Pays de la Loire"}},{"nom":"Vivoin","code":"72380","codesPostaux":["72170"],"centre":{"type":"Point","coordinates":[0.1639,48.246]},"surface":1834.85,"population":892,"departement":{"code":"72","nom":"Sarthe"},"region":{"code":"52","nom":"Pays de la Loire"}},{"nom":"Voivres-lès-le-Mans","code":"72381","codesPostaux":["72210"],"centre":{"type":"Point","coordinates":[0.0781,47.9274]},"surface":1159.85,"population":1345,"departement":{"code":"72","nom":"Sarthe"},"region":{"code":"52","nom":"Pays de la Loire"}},{"nom":"Val-de-la-Hune","code":"72382","codesPostaux":["72440"],"centre":{"type":"Point","coordinates":[0.4929,47.9409]},"surface":4164.7,"population":1521,"departement":{"code":"72","nom":"Sarthe"},"region":{"code":"52","nom":"Pays de la Loire"}},{"nom":"Vouvray-sur-Huisne","code":"72383","codesPostaux":["72160"],"centre":{"type":"Point","coordinates":[0.5539,48.0845]},"surface":334.6,"population":131,"departement":{"code":"72","nom":"Sarthe"},"region":{"code":"52","nom":"Pays de la Loire"}},{"nom":"Yvré-le-Pôlin","code":"72385","codesPostaux":["72330"],"centre":{"type":"Point","coordinates":[0.1563,47.8376]},"surface":2181.42,"population":1717,"departement":{"code":"72","nom":"Sarthe"},"region":{"code":"52","nom":"Pays de la Loire"}},{"nom":"Yvré-l'Évêque","code":"72386","codesPostaux":["72530"],"centre":{"type":"Point","coordinates":[0.2855,48.0265]},"surface":2765.51,"population":4181,"departement":{"code":"72","nom":"Sarthe"},"region":{"code":"52","nom":"Pays de la Loire"}}]