[{"nom":"Abbaretz","code":"44001","codesPostaux":["44170"],"centre":{"type":"Point","coordinates":[-1.4929,47.5546]},"surface":6209.62,"population":2073,"departement":{"code":"44","nom":"Loire-Atlantique"},"region":{"code":"52","nom":"Pays de la Loire"}},{"nom":"Aigrefeuille-sur-Maine","code":"44002","codesPostaux":["44140"],"centre":{"type":"Point","coordinates":[-1.4121,47.0735]},"surface":1467.39,"population":4156,"departement":{"code":"44","nom":"Loire-Atlantique"},"region":{"code":"52","nom":"Pays de la Loire"}},{"nom":"Ancenis-Saint-Géréon","code":"44003","codesPostaux":["44150"],"centre":{"type":"Point","coordinates":[-1.1681,47.382]},"surface":2776.62,"population":11600,"departement":{"code":"44","nom":"Loire-Atlantique"},"region":{"code":"52","nom":"Pays de la Loire"}},{"nom":"Chaumes-en-Retz","code":"44005","codesPostaux":["44320","44680"],"centre":{"type":"Point","coordinates":[-1.9153,47.1561]},"surface":7762.05,"population":7440,"departement":{"code":"44","nom":"Loire-Atlantique"},"region":{"code":"52","nom":"Pays de la Loire"}},{"nom":"Assérac","code":"44006","codesPostaux":["44410"],"centre":{"type":"Point","coordinates":[-2.4127,47.442]},"surface":3363.52,"population":1890,"departement":{"code":"44","nom":"Loire-Atlantique"},"region":{"code":"52","nom":"Pays de la Loire"}},{"nom":"Avessac","code":"44007","codesPostaux":["44460"],"centre":{"type":"Point","coordinates":[-1.9724,47.645]},"surface":7627.6,"population":2452,"departement":{"code":"44","nom":"Loire-Atlantique"},"region":{"code":"52","nom":"Pays de la Loire"}},{"nom":"Basse-Goulaine","code":"44009","codesPostaux":["44115"],"centre":{"type":"Point","coordinates":[-1.4628,47.2134]},"surface":1379.96,"population":9679,"departement":{"code":"44","nom":"Loire-Atlantique"},"region":{"code":"52","nom":"Pays de la Loire"}},{"nom":"Batz-sur-Mer","code":"44010","codesPostaux":["44740"],"centre":{"type":"Point","coordinates":[-2.4701,47.2789]},"surface":938.61,"population":2892,"departement":{"code":"44","nom":"Loire-Atlantique"},"region":{"code":"52","nom":"Pays de la Loire"}},{"nom":"La Bernerie-en-Retz","code":"44012","codesPostaux":["44760"],"centre":{"type":"Point","coordinates":[-2.0318,47.0862]},"surface":607.17,"population":3536,"departement":{"code":"44","nom":"Loire-Atlantique"},"region":{"code":"52","nom":"Pays de la Loire"}},{"nom":"Besné","code":"44013","codesPostaux":["44160"],"centre":{"type":"Point","coordinates":[-2.0703,47.3828]},"surface":1772.13,"population":3322,"departement":{"code":"44","nom":"Loire-Atlantique"},"region":{"code":"52","nom":"Pays de la Loire"}},{"nom":"Le Bignon","code":"44014","codesPostaux":["44140"],"centre":{"type":"Point","coordinates":[-1.5048,47.1]},"surface":2789.93,"population":3976,"departement":{"code":"44","nom":"Loire-Atlantique"},"region":{"code":"52","nom":"Pays de la Loire"}},{"nom":"Blain","code":"44015","codesPostaux":["44130"],"centre":{"type":"Point","coordinates":[-1.7817,47.4562]},"surface":10224.53,"population":10376,"departement":{"code":"44","nom":"Loire-Atlantique"},"region":{"code":"52","nom":"Pays de la Loire"}},{"nom":"La Boissière-du-Doré","code":"44016","codesPostaux":["44430"],"centre":{"type":"Point","coordinates":[-1.2063,47.2347]},"surface":949.21,"population":1106,"departement":{"code":"44","nom":"Loire-Atlantique"},"region":{"code":"52","nom":"Pays de la Loire"}},{"nom":"Bouaye","code":"44018","codesPostaux":["44830"],"centre":{"type":"Point","coordinates":[-1.6687,47.1478]},"surface":1403.05,"population":8343,"departement":{"code":"44","nom":"Loire-Atlantique"},"region":{"code":"52","nom":"Pays de la Loire"}},{"nom":"Bouée","code":"44019","codesPostaux":["44260"],"centre":{"type":"Point","coordinates":[-1.9182,47.3072]},"surface":2461.23,"population":1097,"departement":{"code":"44","nom":"Loire-Atlantique"},"region":{"code":"52","nom":"Pays de la Loire"}},{"nom":"Bouguenais","code":"44020","codesPostaux":["44340"],"centre":{"type":"Point","coordinates":[-1.6181,47.171]},"surface":3118.38,"population":20530,"departement":{"code":"44","nom":"Loire-Atlantique"},"region":{"code":"52","nom":"Pays de la Loire"}},{"nom":"Villeneuve-en-Retz","code":"44021","codesPostaux":["44580"],"centre":{"type":"Point","coordinates":[-1.9019,47.035]},"surface":7439.67,"population":5120,"departement":{"code":"44","nom":"Loire-Atlantique"},"region":{"code":"52","nom":"Pays de la Loire"}},{"nom":"Boussay","code":"44022","codesPostaux":["44190"],"centre":{"type":"Point","coordinates":[-1.1659,47.0546]},"surface":2648.97,"population":2884,"departement":{"code":"44","nom":"Loire-Atlantique"},"region":{"code":"52","nom":"Pays de la Loire"}},{"nom":"Bouvron","code":"44023","codesPostaux":["44130"],"centre":{"type":"Point","coordinates":[-1.8691,47.42]},"surface":4749.36,"population":3153,"departement":{"code":"44","nom":"Loire-Atlantique"},"region":{"code":"52","nom":"Pays de la Loire"}},{"nom":"Brains","code":"44024","codesPostaux":["44830"],"centre":{"type":"Point","coordinates":[-1.7238,47.1699]},"surface":1546.71,"population":2709,"departement":{"code":"44","nom":"Loire-Atlantique"},"region":{"code":"52","nom":"Pays de la Loire"}},{"nom":"Campbon","code":"44025","codesPostaux":["44750"],"centre":{"type":"Point","coordinates":[-1.988,47.4155]},"surface":5026.16,"population":4058,"departement":{"code":"44","nom":"Loire-Atlantique"},"region":{"code":"52","nom":"Pays de la Loire"}},{"nom":"Carquefou","code":"44026","codesPostaux":["44470"],"centre":{"type":"Point","coordinates":[-1.4687,47.2968]},"surface":4328.02,"population":20921,"departement":{"code":"44","nom":"Loire-Atlantique"},"region":{"code":"52","nom":"Pays de la Loire"}},{"nom":"Casson","code":"44027","codesPostaux":["44390"],"centre":{"type":"Point","coordinates":[-1.548,47.3925]},"surface":1626.06,"population":2605,"departement":{"code":"44","nom":"Loire-Atlantique"},"region":{"code":"52","nom":"Pays de la Loire"}},{"nom":"Le Cellier","code":"44028","codesPostaux":["44850"],"centre":{"type":"Point","coordinates":[-1.3553,47.3375]},"surface":3571.84,"population":4051,"departement":{"code":"44","nom":"Loire-Atlantique"},"region":{"code":"52","nom":"Pays de la Loire"}},{"nom":"Divatte-sur-Loire","code":"44029","codesPostaux":["44450"],"centre":{"type":"Point","coordinates":[-1.3386,47.2789]},"surface":3559.4,"population":7252,"departement":{"code":"44","nom":"Loire-Atlantique"},"region":{"code":"52","nom":"Pays de la Loire"}},{"nom":"La Chapelle-des-Marais","code":"44030","codesPostaux":["44410"],"centre":{"type":"Point","coordinates":[-2.2477,47.4362]},"surface":1793.8,"population":4492,"departement":{"code":"44","nom":"Loire-Atlantique"},"region":{"code":"52","nom":"Pays de la Loire"}},{"nom":"La Chapelle-Glain","code":"44031","codesPostaux":["44670"],"centre":{"type":"Point","coordinates":[-1.1919,47.6243]},"surface":3476.74,"population":809,"departement":{"code":"44","nom":"Loire-Atlantique"},"region":{"code":"52","nom":"Pays de la Loire"}},{"nom":"La Chapelle-Heulin","code":"44032","codesPostaux":["44330"],"centre":{"type":"Point","coordinates":[-1.3468,47.1745]},"surface":1345.09,"population":3467,"departement":{"code":"44","nom":"Loire-Atlantique"},"region":{"code":"52","nom":"Pays de la Loire"}},{"nom":"La Chapelle-Launay","code":"44033","codesPostaux":["44260"],"centre":{"type":"Point","coordinates":[-1.9786,47.3474]},"surface":2478.75,"population":3270,"departement":{"code":"44","nom":"Loire-Atlantique"},"region":{"code":"52","nom":"Pays de la Loire"}},{"nom":"La Chapelle-sur-Erdre","code":"44035","codesPostaux":["44240"],"centre":{"type":"Point","coordinates":[-1.5621,47.3041]},"surface":3344.49,"population":20690,"departement":{"code":"44","nom":"Loire-Atlantique"},"region":{"code":"52","nom":"Pays de la Loire"}},{"nom":"Châteaubriant","code":"44036","codesPostaux":["44110"],"centre":{"type":"Point","coordinates":[-1.3912,47.7199]},"surface":3369.55,"population":12260,"departement":{"code":"44","nom":"Loire-Atlantique"},"region":{"code":"52","nom":"Pays de la Loire"}},{"nom":"Château-Thébaud","code":"44037","codesPostaux":["44690"],"centre":{"type":"Point","coordinates":[-1.4467,47.1169]},"surface":1768.2,"population":3129,"departement":{"code":"44","nom":"Loire-Atlantique"},"region":{"code":"52","nom":"Pays de la Loire"}},{"nom":"Chauvé","code":"44038","codesPostaux":["44320"],"centre":{"type":"Point","coordinates":[-2.0132,47.1602]},"surface":4096.95,"population":3070,"departement":{"code":"44","nom":"Loire-Atlantique"},"region":{"code":"52","nom":"Pays de la Loire"}},{"nom":"Cheix-en-Retz","code":"44039","codesPostaux":["44640"],"centre":{"type":"Point","coordinates":[-1.8003,47.1819]},"surface":835.54,"population":1182,"departement":{"code":"44","nom":"Loire-Atlantique"},"region":{"code":"52","nom":"Pays de la Loire"}},{"nom":"La Chevrolière","code":"44041","codesPostaux":["44118"],"centre":{"type":"Point","coordinates":[-1.5965,47.0908]},"surface":3253.98,"population":6539,"departement":{"code":"44","nom":"Loire-Atlantique"},"region":{"code":"52","nom":"Pays de la Loire"}},{"nom":"Clisson","code":"44043","codesPostaux":["44190"],"centre":{"type":"Point","coordinates":[-1.2654,47.0936]},"surface":1137.83,"population":7452,"departement":{"code":"44","nom":"Loire-Atlantique"},"region":{"code":"52","nom":"Pays de la Loire"}},{"nom":"Conquereuil","code":"44044","codesPostaux":["44290"],"centre":{"type":"Point","coordinates":[-1.7672,47.6467]},"surface":3297.42,"population":1061,"departement":{"code":"44","nom":"Loire-Atlantique"},"region":{"code":"52","nom":"Pays de la Loire"}},{"nom":"Cordemais","code":"44045","codesPostaux":["44360"],"centre":{"type":"Point","coordinates":[-1.8349,47.2918]},"surface":3777.83,"population":4012,"departement":{"code":"44","nom":"Loire-Atlantique"},"region":{"code":"52","nom":"Pays de la Loire"}},{"nom":"Corsept","code":"44046","codesPostaux":["44560"],"centre":{"type":"Point","coordinates":[-2.0894,47.2672]},"surface":3446.35,"population":2594,"departement":{"code":"44","nom":"Loire-Atlantique"},"region":{"code":"52","nom":"Pays de la Loire"}},{"nom":"Couëron","code":"44047","codesPostaux":["44220"],"centre":{"type":"Point","coordinates":[-1.7472,47.2391]},"surface":4894.91,"population":24103,"departement":{"code":"44","nom":"Loire-Atlantique"},"region":{"code":"52","nom":"Pays de la Loire"}},{"nom":"Couffé","code":"44048","codesPostaux":["44521"],"centre":{"type":"Point","coordinates":[-1.2853,47.3873]},"surface":3985.01,"population":2535,"departement":{"code":"44","nom":"Loire-Atlantique"},"region":{"code":"52","nom":"Pays de la Loire"}},{"nom":"Le Croisic","code":"44049","codesPostaux":["44490"],"centre":{"type":"Point","coordinates":[-2.5245,47.2942]},"surface":451.18,"population":4056,"departement":{"code":"44","nom":"Loire-Atlantique"},"region":{"code":"52","nom":"Pays de la Loire"}},{"nom":"Crossac","code":"44050","codesPostaux":["44160"],"centre":{"type":"Point","coordinates":[-2.1528,47.4055]},"surface":2584.18,"population":2974,"departement":{"code":"44","nom":"Loire-Atlantique"},"region":{"code":"52","nom":"Pays de la Loire"}},{"nom":"Derval","code":"44051","codesPostaux":["44590"],"centre":{"type":"Point","coordinates":[-1.6732,47.6546]},"surface":6379.35,"population":3601,"departement":{"code":"44","nom":"Loire-Atlantique"},"region":{"code":"52","nom":"Pays de la Loire"}},{"nom":"Donges","code":"44052","codesPostaux":["44480"],"centre":{"type":"Point","coordinates":[-2.0731,47.3398]},"surface":5909.74,"population":8219,"departement":{"code":"44","nom":"Loire-Atlantique"},"region":{"code":"52","nom":"Pays de la Loire"}},{"nom":"Drefféac","code":"44053","codesPostaux":["44530"],"centre":{"type":"Point","coordinates":[-2.0611,47.4676]},"surface":1421.95,"population":2288,"departement":{"code":"44","nom":"Loire-Atlantique"},"region":{"code":"52","nom":"Pays de la Loire"}},{"nom":"Erbray","code":"44054","codesPostaux":["44110"],"centre":{"type":"Point","coordinates":[-1.3269,47.6681]},"surface":5849.2,"population":3072,"departement":{"code":"44","nom":"Loire-Atlantique"},"region":{"code":"52","nom":"Pays de la Loire"}},{"nom":"La Baule-Escoublac","code":"44055","codesPostaux":["44500"],"centre":{"type":"Point","coordinates":[-2.3622,47.2925]},"surface":2654.21,"population":16912,"departement":{"code":"44","nom":"Loire-Atlantique"},"region":{"code":"52","nom":"Pays de la Loire"}},{"nom":"Fay-de-Bretagne","code":"44056","codesPostaux":["44130"],"centre":{"type":"Point","coordinates":[-1.8076,47.3881]},"surface":6499.66,"population":4023,"departement":{"code":"44","nom":"Loire-Atlantique"},"region":{"code":"52","nom":"Pays de la Loire"}},{"nom":"Fégréac","code":"44057","codesPostaux":["44460"],"centre":{"type":"Point","coordinates":[-2.029,47.5762]},"surface":4446.33,"population":2243,"departement":{"code":"44","nom":"Loire-Atlantique"},"region":{"code":"52","nom":"Pays de la Loire"}},{"nom":"Fercé","code":"44058","codesPostaux":["44660"],"centre":{"type":"Point","coordinates":[-1.381,47.8034]},"surface":2202.03,"population":517,"departement":{"code":"44","nom":"Loire-Atlantique"},"region":{"code":"52","nom":"Pays de la Loire"}},{"nom":"Frossay","code":"44061","codesPostaux":["44320"],"centre":{"type":"Point","coordinates":[-1.9371,47.2514]},"surface":5952.37,"population":3307,"departement":{"code":"44","nom":"Loire-Atlantique"},"region":{"code":"52","nom":"Pays de la Loire"}},{"nom":"Le Gâvre","code":"44062","codesPostaux":["44130"],"centre":{"type":"Point","coordinates":[-1.8046,47.5328]},"surface":5397.27,"population":1890,"departement":{"code":"44","nom":"Loire-Atlantique"},"region":{"code":"52","nom":"Pays de la Loire"}},{"nom":"Gétigné","code":"44063","codesPostaux":["44190"],"centre":{"type":"Point","coordinates":[-1.2196,47.0771]},"surface":2391.44,"population":3883,"departement":{"code":"44","nom":"Loire-Atlantique"},"region":{"code":"52","nom":"Pays de la Loire"}},{"nom":"Gorges","code":"44064","codesPostaux":["44190"],"centre":{"type":"Point","coordinates":[-1.3134,47.1032]},"surface":1634.16,"population":5203,"departement":{"code":"44","nom":"Loire-Atlantique"},"region":{"code":"52","nom":"Pays de la Loire"}},{"nom":"Grand-Auverné","code":"44065","codesPostaux":["44520"],"centre":{"type":"Point","coordinates":[-1.3106,47.5797]},"surface":3473.88,"population":774,"departement":{"code":"44","nom":"Loire-Atlantique"},"region":{"code":"52","nom":"Pays de la Loire"}},{"nom":"Grandchamp-des-Fontaines","code":"44066","codesPostaux":["44119"],"centre":{"type":"Point","coordinates":[-1.6234,47.3629]},"surface":3405.82,"population":7062,"departement":{"code":"44","nom":"Loire-Atlantique"},"region":{"code":"52","nom":"Pays de la Loire"}},{"nom":"Guémené-Penfao","code":"44067","codesPostaux":["44290"],"centre":{"type":"Point","coordinates":[-1.8223,47.6412]},"surface":10592.11,"population":5243,"departement":{"code":"44","nom":"Loire-Atlantique"},"region":{"code":"52","nom":"Pays de la Loire"}},{"nom":"Guenrouet","code":"44068","codesPostaux":["44530"],"centre":{"type":"Point","coordinates":[-1.947,47.5133]},"surface":6986.96,"population":3673,"departement":{"code":"44","nom":"Loire-Atlantique"},"region":{"code":"52","nom":"Pays de la Loire"}},{"nom":"Guérande","code":"44069","codesPostaux":["44350"],"centre":{"type":"Point","coordinates":[-2.4133,47.3358]},"surface":8168.95,"population":16804,"departement":{"code":"44","nom":"Loire-Atlantique"},"region":{"code":"52","nom":"Pays de la Loire"}},{"nom":"La Haie-Fouassière","code":"44070","codesPostaux":["44690"],"centre":{"type":"Point","coordinates":[-1.4033,47.1612]},"surface":1187.22,"population":4775,"departement":{"code":"44","nom":"Loire-Atlantique"},"region":{"code":"52","nom":"Pays de la Loire"}},{"nom":"Haute-Goulaine","code":"44071","codesPostaux":["44115"],"centre":{"type":"Point","coordinates":[-1.4097,47.1951]},"surface":2085,"population":6095,"departement":{"code":"44","nom":"Loire-Atlantique"},"region":{"code":"52","nom":"Pays de la Loire"}},{"nom":"Herbignac","code":"44072","codesPostaux":["44410"],"centre":{"type":"Point","coordinates":[-2.3149,47.451]},"surface":7150.69,"population":7224,"departement":{"code":"44","nom":"Loire-Atlantique"},"region":{"code":"52","nom":"Pays de la Loire"}},{"nom":"Héric","code":"44073","codesPostaux":["44810"],"centre":{"type":"Point","coordinates":[-1.6404,47.4208]},"surface":7442.67,"population":6585,"departement":{"code":"44","nom":"Loire-Atlantique"},"region":{"code":"52","nom":"Pays de la Loire"}},{"nom":"Indre","code":"44074","codesPostaux":["44610"],"centre":{"type":"Point","coordinates":[-1.6701,47.1993]},"surface":475.21,"population":4160,"departement":{"code":"44","nom":"Loire-Atlantique"},"region":{"code":"52","nom":"Pays de la Loire"}},{"nom":"Issé","code":"44075","codesPostaux":["44520"],"centre":{"type":"Point","coordinates":[-1.4537,47.6219]},"surface":3907.87,"population":1856,"departement":{"code":"44","nom":"Loire-Atlantique"},"region":{"code":"52","nom":"Pays de la Loire"}},{"nom":"Jans","code":"44076","codesPostaux":["44170"],"centre":{"type":"Point","coordinates":[-1.6023,47.6254]},"surface":3338.67,"population":1364,"departement":{"code":"44","nom":"Loire-Atlantique"},"region":{"code":"52","nom":"Pays de la Loire"}},{"nom":"Joué-sur-Erdre","code":"44077","codesPostaux":["44440"],"centre":{"type":"Point","coordinates":[-1.4312,47.5084]},"surface":5522.02,"population":2797,"departement":{"code":"44","nom":"Loire-Atlantique"},"region":{"code":"52","nom":"Pays de la Loire"}},{"nom":"Juigné-des-Moutiers","code":"44078","codesPostaux":["44670"],"centre":{"type":"Point","coordinates":[-1.2267,47.688]},"surface":2461.63,"population":334,"departement":{"code":"44","nom":"Loire-Atlantique"},"region":{"code":"52","nom":"Pays de la Loire"}},{"nom":"Le Landreau","code":"44079","codesPostaux":["44430"],"centre":{"type":"Point","coordinates":[-1.3006,47.2089]},"surface":2366.81,"population":3267,"departement":{"code":"44","nom":"Loire-Atlantique"},"region":{"code":"52","nom":"Pays de la Loire"}},{"nom":"Lavau-sur-Loire","code":"44080","codesPostaux":["44260"],"centre":{"type":"Point","coordinates":[-1.9571,47.3202]},"surface":1926.4,"population":773,"departement":{"code":"44","nom":"Loire-Atlantique"},"region":{"code":"52","nom":"Pays de la Loire"}},{"nom":"Legé","code":"44081","codesPostaux":["44650"],"centre":{"type":"Point","coordinates":[-1.5713,46.9026]},"surface":6169.38,"population":4817,"departement":{"code":"44","nom":"Loire-Atlantique"},"region":{"code":"52","nom":"Pays de la Loire"}},{"nom":"Ligné","code":"44082","codesPostaux":["44850"],"centre":{"type":"Point","coordinates":[-1.3792,47.4035]},"surface":4567.73,"population":5693,"departement":{"code":"44","nom":"Loire-Atlantique"},"region":{"code":"52","nom":"Pays de la Loire"}},{"nom":"La Limouzinière","code":"44083","codesPostaux":["44310"],"centre":{"type":"Point","coordinates":[-1.637,46.9872]},"surface":2960.08,"population":2459,"departement":{"code":"44","nom":"Loire-Atlantique"},"region":{"code":"52","nom":"Pays de la Loire"}},{"nom":"Le Loroux-Bottereau","code":"44084","codesPostaux":["44430"],"centre":{"type":"Point","coordinates":[-1.3272,47.2325]},"surface":4477.82,"population":8552,"departement":{"code":"44","nom":"Loire-Atlantique"},"region":{"code":"52","nom":"Pays de la Loire"}},{"nom":"Louisfert","code":"44085","codesPostaux":["44110"],"centre":{"type":"Point","coordinates":[-1.4281,47.67]},"surface":1840.86,"population":945,"departement":{"code":"44","nom":"Loire-Atlantique"},"region":{"code":"52","nom":"Pays de la Loire"}},{"nom":"Lusanger","code":"44086","codesPostaux":["44590"],"centre":{"type":"Point","coordinates":[-1.5844,47.6752]},"surface":3558.47,"population":1074,"departement":{"code":"44","nom":"Loire-Atlantique"},"region":{"code":"52","nom":"Pays de la Loire"}},{"nom":"Machecoul-Saint-Même","code":"44087","codesPostaux":["44270"],"centre":{"type":"Point","coordinates":[-1.8063,47.0057]},"surface":8574.08,"population":7689,"departement":{"code":"44","nom":"Loire-Atlantique"},"region":{"code":"52","nom":"Pays de la Loire"}},{"nom":"Maisdon-sur-Sèvre","code":"44088","codesPostaux":["44690"],"centre":{"type":"Point","coordinates":[-1.3884,47.1181]},"surface":1741.99,"population":3095,"departement":{"code":"44","nom":"Loire-Atlantique"},"region":{"code":"52","nom":"Pays de la Loire"}},{"nom":"Malville","code":"44089","codesPostaux":["44260"],"centre":{"type":"Point","coordinates":[-1.8451,47.3441]},"surface":3112.27,"population":3752,"departement":{"code":"44","nom":"Loire-Atlantique"},"region":{"code":"52","nom":"Pays de la Loire"}},{"nom":"La Marne","code":"44090","codesPostaux":["44270"],"centre":{"type":"Point","coordinates":[-1.7251,46.9886]},"surface":1797.7,"population":1586,"departement":{"code":"44","nom":"Loire-Atlantique"},"region":{"code":"52","nom":"Pays de la Loire"}},{"nom":"Marsac-sur-Don","code":"44091","codesPostaux":["44170"],"centre":{"type":"Point","coordinates":[-1.6967,47.5948]},"surface":2779.94,"population":1524,"departement":{"code":"44","nom":"Loire-Atlantique"},"region":{"code":"52","nom":"Pays de la Loire"}},{"nom":"Massérac","code":"44092","codesPostaux":["44290"],"centre":{"type":"Point","coordinates":[-1.9099,47.675]},"surface":1887.03,"population":665,"departement":{"code":"44","nom":"Loire-Atlantique"},"region":{"code":"52","nom":"Pays de la Loire"}},{"nom":"Mauves-sur-Loire","code":"44094","codesPostaux":["44470"],"centre":{"type":"Point","coordinates":[-1.4019,47.3146]},"surface":1454.18,"population":3409,"departement":{"code":"44","nom":"Loire-Atlantique"},"region":{"code":"52","nom":"Pays de la Loire"}},{"nom":"La Meilleraye-de-Bretagne","code":"44095","codesPostaux":["44520"],"centre":{"type":"Point","coordinates":[-1.3918,47.5651]},"surface":2805.51,"population":1606,"departement":{"code":"44","nom":"Loire-Atlantique"},"region":{"code":"52","nom":"Pays de la Loire"}},{"nom":"Mésanger","code":"44096","codesPostaux":["44522"],"centre":{"type":"Point","coordinates":[-1.2324,47.4307]},"surface":5055.91,"population":4724,"departement":{"code":"44","nom":"Loire-Atlantique"},"region":{"code":"52","nom":"Pays de la Loire"}},{"nom":"Mesquer","code":"44097","codesPostaux":["44420"],"centre":{"type":"Point","coordinates":[-2.4693,47.3991]},"surface":1678.07,"population":2171,"departement":{"code":"44","nom":"Loire-Atlantique"},"region":{"code":"52","nom":"Pays de la Loire"}},{"nom":"Missillac","code":"44098","codesPostaux":["44780"],"centre":{"type":"Point","coordinates":[-2.1765,47.489]},"surface":5977.57,"population":5709,"departement":{"code":"44","nom":"Loire-Atlantique"},"region":{"code":"52","nom":"Pays de la Loire"}},{"nom":"Moisdon-la-Rivière","code":"44099","codesPostaux":["44520"],"centre":{"type":"Point","coordinates":[-1.3661,47.6269]},"surface":5096.59,"population":1990,"departement":{"code":"44","nom":"Loire-Atlantique"},"region":{"code":"52","nom":"Pays de la Loire"}},{"nom":"Monnières","code":"44100","codesPostaux":["44690"],"centre":{"type":"Point","coordinates":[-1.35,47.1202]},"surface":981.97,"population":2388,"departement":{"code":"44","nom":"Loire-Atlantique"},"region":{"code":"52","nom":"Pays de la Loire"}},{"nom":"La Montagne","code":"44101","codesPostaux":["44620"],"centre":{"type":"Point","coordinates":[-1.6826,47.1858]},"surface":363,"population":6505,"departement":{"code":"44","nom":"Loire-Atlantique"},"region":{"code":"52","nom":"Pays de la Loire"}},{"nom":"Montbert","code":"44102","codesPostaux":["44140"],"centre":{"type":"Point","coordinates":[-1.4723,47.0669]},"surface":2905.58,"population":3388,"departement":{"code":"44","nom":"Loire-Atlantique"},"region":{"code":"52","nom":"Pays de la Loire"}},{"nom":"Montoir-de-Bretagne","code":"44103","codesPostaux":["44550"],"centre":{"type":"Point","coordinates":[-2.1539,47.3238]},"surface":3567.09,"population":7282,"departement":{"code":"44","nom":"Loire-Atlantique"},"region":{"code":"52","nom":"Pays de la Loire"}},{"nom":"Montrelais","code":"44104","codesPostaux":["44370"],"centre":{"type":"Point","coordinates":[-0.973,47.4019]},"surface":1400.24,"population":859,"departement":{"code":"44","nom":"Loire-Atlantique"},"region":{"code":"52","nom":"Pays de la Loire"}},{"nom":"Mouais","code":"44105","codesPostaux":["44590"],"centre":{"type":"Point","coordinates":[-1.6695,47.7044]},"surface":998.86,"population":352,"departement":{"code":"44","nom":"Loire-Atlantique"},"region":{"code":"52","nom":"Pays de la Loire"}},{"nom":"Les Moutiers-en-Retz","code":"44106","codesPostaux":["44760"],"centre":{"type":"Point","coordinates":[-1.9883,47.0552]},"surface":973.87,"population":1939,"departement":{"code":"44","nom":"Loire-Atlantique"},"region":{"code":"52","nom":"Pays de la Loire"}},{"nom":"Mouzeil","code":"44107","codesPostaux":["44850"],"centre":{"type":"Point","coordinates":[-1.3272,47.4414]},"surface":1894.05,"population":2017,"departement":{"code":"44","nom":"Loire-Atlantique"},"region":{"code":"52","nom":"Pays de la Loire"}},{"nom":"Mouzillon","code":"44108","codesPostaux":["44330"],"centre":{"type":"Point","coordinates":[-1.274,47.1291]},"surface":1639.91,"population":2893,"departement":{"code":"44","nom":"Loire-Atlantique"},"region":{"code":"52","nom":"Pays de la Loire"}},{"nom":"Nantes","code":"44109","codesPostaux":["44000","44100","44200","44300"],"centre":{"type":"Point","coordinates":[-1.5603,47.2382]},"surface":6572.58,"population":327734,"departement":{"code":"44","nom":"Loire-Atlantique"},"region":{"code":"52","nom":"Pays de la Loire"}},{"nom":"Nort-sur-Erdre","code":"44110","codesPostaux":["44390"],"centre":{"type":"Point","coordinates":[-1.5239,47.4454]},"surface":6720.85,"population":9570,"departement":{"code":"44","nom":"Loire-Atlantique"},"region":{"code":"52","nom":"Pays de la Loire"}},{"nom":"Notre-Dame-des-Landes","code":"44111","codesPostaux":["44130"],"centre":{"type":"Point","coordinates":[-1.7188,47.3812]},"surface":3749.94,"population":2360,"departement":{"code":"44","nom":"Loire-Atlantique"},"region":{"code":"52","nom":"Pays de la Loire"}},{"nom":"Noyal-sur-Brutz","code":"44112","codesPostaux":["44110"],"centre":{"type":"Point","coordinates":[-1.3438,47.7756]},"surface":780.41,"population":575,"departement":{"code":"44","nom":"Loire-Atlantique"},"region":{"code":"52","nom":"Pays de la Loire"}},{"nom":"Nozay","code":"44113","codesPostaux":["44170"],"centre":{"type":"Point","coordinates":[-1.6027,47.5727]},"surface":5800.81,"population":4292,"departement":{"code":"44","nom":"Loire-Atlantique"},"region":{"code":"52","nom":"Pays de la Loire"}},{"nom":"Orvault","code":"44114","codesPostaux":["44700"],"centre":{"type":"Point","coordinates":[-1.6195,47.2745]},"surface":2782.55,"population":28534,"departement":{"code":"44","nom":"Loire-Atlantique"},"region":{"code":"52","nom":"Pays de la Loire"}},{"nom":"Oudon","code":"44115","codesPostaux":["44521"],"centre":{"type":"Point","coordinates":[-1.2676,47.3532]},"surface":2247.11,"population":3904,"departement":{"code":"44","nom":"Loire-Atlantique"},"region":{"code":"52","nom":"Pays de la Loire"}},{"nom":"Paimbœuf","code":"44116","codesPostaux":["44560"],"centre":{"type":"Point","coordinates":[-2.028,47.2912]},"surface":565.46,"population":3045,"departement":{"code":"44","nom":"Loire-Atlantique"},"region":{"code":"52","nom":"Pays de la Loire"}},{"nom":"Le Pallet","code":"44117","codesPostaux":["44330"],"centre":{"type":"Point","coordinates":[-1.3464,47.1424]},"surface":1134.22,"population":3413,"departement":{"code":"44","nom":"Loire-Atlantique"},"region":{"code":"52","nom":"Pays de la Loire"}},{"nom":"Pannecé","code":"44118","codesPostaux":["44440"],"centre":{"type":"Point","coordinates":[-1.2148,47.482]},"surface":3067.57,"population":1439,"departement":{"code":"44","nom":"Loire-Atlantique"},"region":{"code":"52","nom":"Pays de la Loire"}},{"nom":"Paulx","code":"44119","codesPostaux":["44270"],"centre":{"type":"Point","coordinates":[-1.7835,46.9612]},"surface":3602.05,"population":2054,"departement":{"code":"44","nom":"Loire-Atlantique"},"region":{"code":"52","nom":"Pays de la Loire"}},{"nom":"Le Pellerin","code":"44120","codesPostaux":["44640"],"centre":{"type":"Point","coordinates":[-1.8377,47.2341]},"surface":3104.33,"population":5319,"departement":{"code":"44","nom":"Loire-Atlantique"},"region":{"code":"52","nom":"Pays de la Loire"}},{"nom":"Petit-Auverné","code":"44121","codesPostaux":["44670"],"centre":{"type":"Point","coordinates":[-1.2833,47.6091]},"surface":2275.16,"population":434,"departement":{"code":"44","nom":"Loire-Atlantique"},"region":{"code":"52","nom":"Pays de la Loire"}},{"nom":"Petit-Mars","code":"44122","codesPostaux":["44390"],"centre":{"type":"Point","coordinates":[-1.457,47.4063]},"surface":2623.38,"population":3888,"departement":{"code":"44","nom":"Loire-Atlantique"},"region":{"code":"52","nom":"Pays de la Loire"}},{"nom":"Pierric","code":"44123","codesPostaux":["44290"],"centre":{"type":"Point","coordinates":[-1.7816,47.689]},"surface":2775.25,"population":1010,"departement":{"code":"44","nom":"Loire-Atlantique"},"region":{"code":"52","nom":"Pays de la Loire"}},{"nom":"Le Pin","code":"44124","codesPostaux":["44540"],"centre":{"type":"Point","coordinates":[-1.1456,47.5924]},"surface":2501.23,"population":868,"departement":{"code":"44","nom":"Loire-Atlantique"},"region":{"code":"52","nom":"Pays de la Loire"}},{"nom":"Piriac-sur-Mer","code":"44125","codesPostaux":["44420"],"centre":{"type":"Point","coordinates":[-2.5449,47.3838]},"surface":1217.93,"population":2685,"departement":{"code":"44","nom":"Loire-Atlantique"},"region":{"code":"52","nom":"Pays de la Loire"}},{"nom":"La Plaine-sur-Mer","code":"44126","codesPostaux":["44770"],"centre":{"type":"Point","coordinates":[-2.1813,47.144]},"surface":1650.38,"population":4760,"departement":{"code":"44","nom":"Loire-Atlantique"},"region":{"code":"52","nom":"Pays de la Loire"}},{"nom":"La Planche","code":"44127","codesPostaux":["44140"],"centre":{"type":"Point","coordinates":[-1.4382,47.0244]},"surface":2447.94,"population":2810,"departement":{"code":"44","nom":"Loire-Atlantique"},"region":{"code":"52","nom":"Pays de la Loire"}},{"nom":"Plessé","code":"44128","codesPostaux":["44630"],"centre":{"type":"Point","coordinates":[-1.8831,47.5578]},"surface":10514.63,"population":5335,"departement":{"code":"44","nom":"Loire-Atlantique"},"region":{"code":"52","nom":"Pays de la Loire"}},{"nom":"Pontchâteau","code":"44129","codesPostaux":["44160"],"centre":{"type":"Point","coordinates":[-2.092,47.4365]},"surface":5572.4,"population":11474,"departement":{"code":"44","nom":"Loire-Atlantique"},"region":{"code":"52","nom":"Pays de la Loire"}},{"nom":"Pont-Saint-Martin","code":"44130","codesPostaux":["44860"],"centre":{"type":"Point","coordinates":[-1.5683,47.1266]},"surface":2189.15,"population":7093,"departement":{"code":"44","nom":"Loire-Atlantique"},"region":{"code":"52","nom":"Pays de la Loire"}},{"nom":"Pornic","code":"44131","codesPostaux":["44210"],"centre":{"type":"Point","coordinates":[-2.0569,47.1302]},"surface":9457.04,"population":18745,"departement":{"code":"44","nom":"Loire-Atlantique"},"region":{"code":"52","nom":"Pays de la Loire"}},{"nom":"Pornichet","code":"44132","codesPostaux":["44380"],"centre":{"type":"Point","coordinates":[-2.3225,47.2599]},"surface":1283.44,"population":12800,"departement":{"code":"44","nom":"Loire-Atlantique"},"region":{"code":"52","nom":"Pays de la Loire"}},{"nom":"Port-Saint-Père","code":"44133","codesPostaux":["44710"],"centre":{"type":"Point","coordinates":[-1.7674,47.1383]},"surface":3278.5,"population":3059,"departement":{"code":"44","nom":"Loire-Atlantique"},"region":{"code":"52","nom":"Pays de la Loire"}},{"nom":"Pouillé-les-Côteaux","code":"44134","codesPostaux":["44522"],"centre":{"type":"Point","coordinates":[-1.184,47.4666]},"surface":1225.68,"population":1033,"departement":{"code":"44","nom":"Loire-Atlantique"},"region":{"code":"52","nom":"Pays de la Loire"}},{"nom":"Le Pouliguen","code":"44135","codesPostaux":["44510"],"centre":{"type":"Point","coordinates":[-2.4333,47.2733]},"surface":432.97,"population":4173,"departement":{"code":"44","nom":"Loire-Atlantique"},"region":{"code":"52","nom":"Pays de la Loire"}},{"nom":"Préfailles","code":"44136","codesPostaux":["44770"],"centre":{"type":"Point","coordinates":[-2.2106,47.133]},"surface":516.28,"population":1321,"departement":{"code":"44","nom":"Loire-Atlantique"},"region":{"code":"52","nom":"Pays de la Loire"}},{"nom":"Prinquiau","code":"44137","codesPostaux":["44260"],"centre":{"type":"Point","coordinates":[-2.0239,47.3784]},"surface":2301.09,"population":3591,"departement":{"code":"44","nom":"Loire-Atlantique"},"region":{"code":"52","nom":"Pays de la Loire"}},{"nom":"Puceul","code":"44138","codesPostaux":["44390"],"centre":{"type":"Point","coordinates":[-1.6119,47.5142]},"surface":2025.58,"population":1142,"departement":{"code":"44","nom":"Loire-Atlantique"},"region":{"code":"52","nom":"Pays de la Loire"}},{"nom":"Quilly","code":"44139","codesPostaux":["44750"],"centre":{"type":"Point","coordinates":[-1.9438,47.4624]},"surface":1777.99,"population":1565,"departement":{"code":"44","nom":"Loire-Atlantique"},"region":{"code":"52","nom":"Pays de la Loire"}},{"nom":"La Regrippière","code":"44140","codesPostaux":["44330"],"centre":{"type":"Point","coordinates":[-1.1931,47.1837]},"surface":1808.37,"population":1609,"departement":{"code":"44","nom":"Loire-Atlantique"},"region":{"code":"52","nom":"Pays de la Loire"}},{"nom":"La Remaudière","code":"44141","codesPostaux":["44430"],"centre":{"type":"Point","coordinates":[-1.2249,47.2286]},"surface":1313.52,"population":1303,"departement":{"code":"44","nom":"Loire-Atlantique"},"region":{"code":"52","nom":"Pays de la Loire"}},{"nom":"Remouillé","code":"44142","codesPostaux":["44140"],"centre":{"type":"Point","coordinates":[-1.3877,47.0362]},"surface":2180.75,"population":1932,"departement":{"code":"44","nom":"Loire-Atlantique"},"region":{"code":"52","nom":"Pays de la Loire"}},{"nom":"Rezé","code":"44143","codesPostaux":["44400"],"centre":{"type":"Point","coordinates":[-1.5573,47.1733]},"surface":1564.9,"population":43556,"departement":{"code":"44","nom":"Loire-Atlantique"},"region":{"code":"52","nom":"Pays de la Loire"}},{"nom":"Riaillé","code":"44144","codesPostaux":["44440"],"centre":{"type":"Point","coordinates":[-1.3095,47.5209]},"surface":5058.38,"population":2365,"departement":{"code":"44","nom":"Loire-Atlantique"},"region":{"code":"52","nom":"Pays de la Loire"}},{"nom":"Rouans","code":"44145","codesPostaux":["44640"],"centre":{"type":"Point","coordinates":[-1.8462,47.18]},"surface":3792.41,"population":3301,"departement":{"code":"44","nom":"Loire-Atlantique"},"region":{"code":"52","nom":"Pays de la Loire"}},{"nom":"Rougé","code":"44146","codesPostaux":["44660"],"centre":{"type":"Point","coordinates":[-1.4342,47.7673]},"surface":5683.5,"population":2146,"departement":{"code":"44","nom":"Loire-Atlantique"},"region":{"code":"52","nom":"Pays de la Loire"}},{"nom":"Ruffigné","code":"44148","codesPostaux":["44660"],"centre":{"type":"Point","coordinates":[-1.5205,47.7662]},"surface":3380.89,"population":702,"departement":{"code":"44","nom":"Loire-Atlantique"},"region":{"code":"52","nom":"Pays de la Loire"}},{"nom":"Saffré","code":"44149","codesPostaux":["44390"],"centre":{"type":"Point","coordinates":[-1.5807,47.4924]},"surface":5877.99,"population":4115,"departement":{"code":"44","nom":"Loire-Atlantique"},"region":{"code":"52","nom":"Pays de la Loire"}},{"nom":"Saint-Aignan-Grandlieu","code":"44150","codesPostaux":["44860"],"centre":{"type":"Point","coordinates":[-1.6191,47.1296]},"surface":1816.47,"population":3996,"departement":{"code":"44","nom":"Loire-Atlantique"},"region":{"code":"52","nom":"Pays de la Loire"}},{"nom":"Saint-André-des-Eaux","code":"44151","codesPostaux":["44117"],"centre":{"type":"Point","coordinates":[-2.3116,47.3272]},"surface":2522.47,"population":7013,"departement":{"code":"44","nom":"Loire-Atlantique"},"region":{"code":"52","nom":"Pays de la Loire"}},{"nom":"Sainte-Anne-sur-Brivet","code":"44152","codesPostaux":["44160"],"centre":{"type":"Point","coordinates":[-2.0288,47.4541]},"surface":2640.53,"population":3063,"departement":{"code":"44","nom":"Loire-Atlantique"},"region":{"code":"52","nom":"Pays de la Loire"}},{"nom":"Saint-Aubin-des-Châteaux","code":"44153","codesPostaux":["44110"],"centre":{"type":"Point","coordinates":[-1.4674,47.7118]},"surface":4764.9,"population":1744,"departement":{"code":"44","nom":"Loire-Atlantique"},"region":{"code":"52","nom":"Pays de la Loire"}},{"nom":"Saint-Brevin-les-Pins","code":"44154","codesPostaux":["44250"],"centre":{"type":"Point","coordinates":[-2.154,47.2441]},"surface":2775.08,"population":14541,"departement":{"code":"44","nom":"Loire-Atlantique"},"region":{"code":"52","nom":"Pays de la Loire"}},{"nom":"Saint-Colomban","code":"44155","codesPostaux":["44310"],"centre":{"type":"Point","coordinates":[-1.5526,47.0175]},"surface":3586.63,"population":3500,"departement":{"code":"44","nom":"Loire-Atlantique"},"region":{"code":"52","nom":"Pays de la Loire"}},{"nom":"Corcoué-sur-Logne","code":"44156","codesPostaux":["44650"],"centre":{"type":"Point","coordinates":[-1.6033,46.958]},"surface":5070.07,"population":3265,"departement":{"code":"44","nom":"Loire-Atlantique"},"region":{"code":"52","nom":"Pays de la Loire"}},{"nom":"Saint-Étienne-de-Mer-Morte","code":"44157","codesPostaux":["44270"],"centre":{"type":"Point","coordinates":[-1.7172,46.9464]},"surface":2751.33,"population":1782,"departement":{"code":"44","nom":"Loire-Atlantique"},"region":{"code":"52","nom":"Pays de la Loire"}},{"nom":"Saint-Étienne-de-Montluc","code":"44158","codesPostaux":["44360"],"centre":{"type":"Point","coordinates":[-1.7902,47.2694]},"surface":5752.57,"population":7780,"departement":{"code":"44","nom":"Loire-Atlantique"},"region":{"code":"52","nom":"Pays de la Loire"}},{"nom":"Saint-Fiacre-sur-Maine","code":"44159","codesPostaux":["44690"],"centre":{"type":"Point","coordinates":[-1.4198,47.1419]},"surface":591.43,"population":1251,"departement":{"code":"44","nom":"Loire-Atlantique"},"region":{"code":"52","nom":"Pays de la Loire"}},{"nom":"Saint-Gildas-des-Bois","code":"44161","codesPostaux":["44530"],"centre":{"type":"Point","coordinates":[-2.0639,47.5099]},"surface":3358.53,"population":3860,"departement":{"code":"44","nom":"Loire-Atlantique"},"region":{"code":"52","nom":"Pays de la Loire"}},{"nom":"Saint-Herblain","code":"44162","codesPostaux":["44800"],"centre":{"type":"Point","coordinates":[-1.6306,47.2246]},"surface":3000.19,"population":50973,"departement":{"code":"44","nom":"Loire-Atlantique"},"region":{"code":"52","nom":"Pays de la Loire"}},{"nom":"Vair-sur-Loire","code":"44163","codesPostaux":["44150"],"centre":{"type":"Point","coordinates":[-1.1095,47.4019]},"surface":4948.81,"population":4944,"departement":{"code":"44","nom":"Loire-Atlantique"},"region":{"code":"52","nom":"Pays de la Loire"}},{"nom":"Saint-Hilaire-de-Chaléons","code":"44164","codesPostaux":["44680"],"centre":{"type":"Point","coordinates":[-1.874,47.0999]},"surface":3527.05,"population":2422,"departement":{"code":"44","nom":"Loire-Atlantique"},"region":{"code":"52","nom":"Pays de la Loire"}},{"nom":"Saint-Hilaire-de-Clisson","code":"44165","codesPostaux":["44190"],"centre":{"type":"Point","coordinates":[-1.3182,47.06]},"surface":1881.96,"population":2423,"departement":{"code":"44","nom":"Loire-Atlantique"},"region":{"code":"52","nom":"Pays de la Loire"}},{"nom":"Saint-Jean-de-Boiseau","code":"44166","codesPostaux":["44640"],"centre":{"type":"Point","coordinates":[-1.7198,47.1919]},"surface":1149.26,"population":6067,"departement":{"code":"44","nom":"Loire-Atlantique"},"region":{"code":"52","nom":"Pays de la Loire"}},{"nom":"Saint-Joachim","code":"44168","codesPostaux":["44720"],"centre":{"type":"Point","coordinates":[-2.2429,47.3731]},"surface":8636.52,"population":4112,"departement":{"code":"44","nom":"Loire-Atlantique"},"region":{"code":"52","nom":"Pays de la Loire"}},{"nom":"Saint-Julien-de-Concelles","code":"44169","codesPostaux":["44450"],"centre":{"type":"Point","coordinates":[-1.4036,47.2469]},"surface":3332.51,"population":7883,"departement":{"code":"44","nom":"Loire-Atlantique"},"region":{"code":"52","nom":"Pays de la Loire"}},{"nom":"Saint-Julien-de-Vouvantes","code":"44170","codesPostaux":["44670"],"centre":{"type":"Point","coordinates":[-1.2269,47.6544]},"surface":2578.94,"population":961,"departement":{"code":"44","nom":"Loire-Atlantique"},"region":{"code":"52","nom":"Pays de la Loire"}},{"nom":"Saint-Léger-les-Vignes","code":"44171","codesPostaux":["44710"],"centre":{"type":"Point","coordinates":[-1.7118,47.1443]},"surface":677.3,"population":2171,"departement":{"code":"44","nom":"Loire-Atlantique"},"region":{"code":"52","nom":"Pays de la Loire"}},{"nom":"Sainte-Luce-sur-Loire","code":"44172","codesPostaux":["44980"],"centre":{"type":"Point","coordinates":[-1.4704,47.2529]},"surface":1142.54,"population":16400,"departement":{"code":"44","nom":"Loire-Atlantique"},"region":{"code":"52","nom":"Pays de la Loire"}},{"nom":"Saint-Lumine-de-Clisson","code":"44173","codesPostaux":["44190"],"centre":{"type":"Point","coordinates":[-1.3647,47.0795]},"surface":1827.41,"population":2100,"departement":{"code":"44","nom":"Loire-Atlantique"},"region":{"code":"52","nom":"Pays de la Loire"}},{"nom":"Saint-Lumine-de-Coutais","code":"44174","codesPostaux":["44310"],"centre":{"type":"Point","coordinates":[-1.7235,47.0578]},"surface":1778.13,"population":2396,"departement":{"code":"44","nom":"Loire-Atlantique"},"region":{"code":"52","nom":"Pays de la Loire"}},{"nom":"Saint-Lyphard","code":"44175","codesPostaux":["44410"],"centre":{"type":"Point","coordinates":[-2.3437,47.3788]},"surface":2455.86,"population":5304,"departement":{"code":"44","nom":"Loire-Atlantique"},"region":{"code":"52","nom":"Pays de la Loire"}},{"nom":"Saint-Malo-de-Guersac","code":"44176","codesPostaux":["44550"],"centre":{"type":"Point","coordinates":[-2.173,47.3608]},"surface":1537.41,"population":3203,"departement":{"code":"44","nom":"Loire-Atlantique"},"region":{"code":"52","nom":"Pays de la Loire"}},{"nom":"Saint-Mars-de-Coutais","code":"44178","codesPostaux":["44680"],"centre":{"type":"Point","coordinates":[-1.7457,47.0779]},"surface":3465.82,"population":2698,"departement":{"code":"44","nom":"Loire-Atlantique"},"region":{"code":"52","nom":"Pays de la Loire"}},{"nom":"Saint-Mars-du-Désert","code":"44179","codesPostaux":["44850"],"centre":{"type":"Point","coordinates":[-1.4369,47.3537]},"surface":3043.75,"population":5523,"departement":{"code":"44","nom":"Loire-Atlantique"},"region":{"code":"52","nom":"Pays de la Loire"}},{"nom":"Vallons-de-l'Erdre","code":"44180","codesPostaux":["44540"],"centre":{"type":"Point","coordinates":[-1.1414,47.5349]},"surface":19000.99,"population":6692,"departement":{"code":"44","nom":"Loire-Atlantique"},"region":{"code":"52","nom":"Pays de la Loire"}},{"nom":"Saint-Michel-Chef-Chef","code":"44182","codesPostaux":["44730"],"centre":{"type":"Point","coordinates":[-2.1238,47.1705]},"surface":2526.46,"population":5714,"departement":{"code":"44","nom":"Loire-Atlantique"},"region":{"code":"52","nom":"Pays de la Loire"}},{"nom":"Saint-Molf","code":"44183","codesPostaux":["44350"],"centre":{"type":"Point","coordinates":[-2.4139,47.3862]},"surface":2324.83,"population":2870,"departement":{"code":"44","nom":"Loire-Atlantique"},"region":{"code":"52","nom":"Pays de la Loire"}},{"nom":"Saint-Nazaire","code":"44184","codesPostaux":["44600"],"centre":{"type":"Point","coordinates":[-2.2392,47.2768]},"surface":5020.94,"population":74568,"departement":{"code":"44","nom":"Loire-Atlantique"},"region":{"code":"52","nom":"Pays de la Loire"}},{"nom":"Saint-Nicolas-de-Redon","code":"44185","codesPostaux":["44460"],"centre":{"type":"Point","coordinates":[-2.0522,47.6364]},"surface":2215.68,"population":3311,"departement":{"code":"44","nom":"Loire-Atlantique"},"region":{"code":"52","nom":"Pays de la Loire"}},{"nom":"Sainte-Pazanne","code":"44186","codesPostaux":["44680"],"centre":{"type":"Point","coordinates":[-1.8184,47.0864]},"surface":4188.11,"population":7201,"departement":{"code":"44","nom":"Loire-Atlantique"},"region":{"code":"52","nom":"Pays de la Loire"}},{"nom":"Saint-Père-en-Retz","code":"44187","codesPostaux":["44320"],"centre":{"type":"Point","coordinates":[-2.0714,47.2379]},"surface":6399.17,"population":4894,"departement":{"code":"44","nom":"Loire-Atlantique"},"region":{"code":"52","nom":"Pays de la Loire"}},{"nom":"Saint-Philbert-de-Grand-Lieu","code":"44188","codesPostaux":["44310"],"centre":{"type":"Point","coordinates":[-1.6443,47.0689]},"surface":9794.93,"population":9400,"departement":{"code":"44","nom":"Loire-Atlantique"},"region":{"code":"52","nom":"Pays de la Loire"}},{"nom":"Sainte-Reine-de-Bretagne","code":"44189","codesPostaux":["44160"],"centre":{"type":"Point","coordinates":[-2.1838,47.4421]},"surface":1963.66,"population":2484,"departement":{"code":"44","nom":"Loire-Atlantique"},"region":{"code":"52","nom":"Pays de la Loire"}},{"nom":"Saint-Sébastien-sur-Loire","code":"44190","codesPostaux":["44230"],"centre":{"type":"Point","coordinates":[-1.5023,47.2065]},"surface":1176.1,"population":28596,"departement":{"code":"44","nom":"Loire-Atlantique"},"region":{"code":"52","nom":"Pays de la Loire"}},{"nom":"Saint-Viaud","code":"44192","codesPostaux":["44320"],"centre":{"type":"Point","coordinates":[-1.987,47.2418]},"surface":3253.24,"population":2929,"departement":{"code":"44","nom":"Loire-Atlantique"},"region":{"code":"52","nom":"Pays de la Loire"}},{"nom":"Saint-Vincent-des-Landes","code":"44193","codesPostaux":["44590"],"centre":{"type":"Point","coordinates":[-1.5026,47.6606]},"surface":3373.81,"population":1525,"departement":{"code":"44","nom":"Loire-Atlantique"},"region":{"code":"52","nom":"Pays de la Loire"}},{"nom":"Sautron","code":"44194","codesPostaux":["44880"],"centre":{"type":"Point","coordinates":[-1.6839,47.275]},"surface":1769.39,"population":8555,"departement":{"code":"44","nom":"Loire-Atlantique"},"region":{"code":"52","nom":"Pays de la Loire"}},{"nom":"Savenay","code":"44195","codesPostaux":["44260"],"centre":{"type":"Point","coordinates":[-1.9203,47.3542]},"surface":2592.07,"population":9543,"departement":{"code":"44","nom":"Loire-Atlantique"},"region":{"code":"52","nom":"Pays de la Loire"}},{"nom":"Sévérac","code":"44196","codesPostaux":["44530"],"centre":{"type":"Point","coordinates":[-2.0656,47.5534]},"surface":2243.59,"population":1690,"departement":{"code":"44","nom":"Loire-Atlantique"},"region":{"code":"52","nom":"Pays de la Loire"}},{"nom":"Sion-les-Mines","code":"44197","codesPostaux":["44590"],"centre":{"type":"Point","coordinates":[-1.5762,47.7274]},"surface":5511.45,"population":1658,"departement":{"code":"44","nom":"Loire-Atlantique"},"region":{"code":"52","nom":"Pays de la Loire"}},{"nom":"Les Sorinières","code":"44198","codesPostaux":["44840"],"centre":{"type":"Point","coordinates":[-1.5195,47.142]},"surface":1317.18,"population":9275,"departement":{"code":"44","nom":"Loire-Atlantique"},"region":{"code":"52","nom":"Pays de la Loire"}},{"nom":"Soudan","code":"44199","codesPostaux":["44110"],"centre":{"type":"Point","coordinates":[-1.2871,47.7262]},"surface":5403.03,"population":1959,"departement":{"code":"44","nom":"Loire-Atlantique"},"region":{"code":"52","nom":"Pays de la Loire"}},{"nom":"Soulvache","code":"44200","codesPostaux":["44660"],"centre":{"type":"Point","coordinates":[-1.4482,47.8205]},"surface":1137.67,"population":338,"departement":{"code":"44","nom":"Loire-Atlantique"},"region":{"code":"52","nom":"Pays de la Loire"}},{"nom":"Sucé-sur-Erdre","code":"44201","codesPostaux":["44240"],"centre":{"type":"Point","coordinates":[-1.5237,47.35]},"surface":4151.83,"population":7539,"departement":{"code":"44","nom":"Loire-Atlantique"},"region":{"code":"52","nom":"Pays de la Loire"}},{"nom":"Teillé","code":"44202","codesPostaux":["44440"],"centre":{"type":"Point","coordinates":[-1.2838,47.4654]},"surface":2898.17,"population":1824,"departement":{"code":"44","nom":"Loire-Atlantique"},"region":{"code":"52","nom":"Pays de la Loire"}},{"nom":"Le Temple-de-Bretagne","code":"44203","codesPostaux":["44360"],"centre":{"type":"Point","coordinates":[-1.7892,47.3299]},"surface":173.16,"population":1975,"departement":{"code":"44","nom":"Loire-Atlantique"},"region":{"code":"52","nom":"Pays de la Loire"}},{"nom":"Thouaré-sur-Loire","code":"44204","codesPostaux":["44470"],"centre":{"type":"Point","coordinates":[-1.4294,47.2755]},"surface":1253.22,"population":11004,"departement":{"code":"44","nom":"Loire-Atlantique"},"region":{"code":"52","nom":"Pays de la Loire"}},{"nom":"Les Touches","code":"44205","codesPostaux":["44390"],"centre":{"type":"Point","coordinates":[-1.4166,47.4552]},"surface":3536.42,"population":2638,"departement":{"code":"44","nom":"Loire-Atlantique"},"region":{"code":"52","nom":"Pays de la Loire"}},{"nom":"Touvois","code":"44206","codesPostaux":["44650"],"centre":{"type":"Point","coordinates":[-1.685,46.9098]},"surface":3701.93,"population":1970,"departement":{"code":"44","nom":"Loire-Atlantique"},"region":{"code":"52","nom":"Pays de la Loire"}},{"nom":"Trans-sur-Erdre","code":"44207","codesPostaux":["44440"],"centre":{"type":"Point","coordinates":[-1.3597,47.4854]},"surface":2285.99,"population":1156,"departement":{"code":"44","nom":"Loire-Atlantique"},"region":{"code":"52","nom":"Pays de la Loire"}},{"nom":"Treffieux","code":"44208","codesPostaux":["44170"],"centre":{"type":"Point","coordinates":[-1.5281,47.614]},"surface":1906.8,"population":996,"departement":{"code":"44","nom":"Loire-Atlantique"},"region":{"code":"52","nom":"Pays de la Loire"}},{"nom":"Treillières","code":"44209","codesPostaux":["44119"],"centre":{"type":"Point","coordinates":[-1.6312,47.3146]},"surface":2915.03,"population":10600,"departement":{"code":"44","nom":"Loire-Atlantique"},"region":{"code":"52","nom":"Pays de la Loire"}},{"nom":"Trignac","code":"44210","codesPostaux":["44570"],"centre":{"type":"Point","coordinates":[-2.2052,47.3116]},"surface":1426.48,"population":8397,"departement":{"code":"44","nom":"Loire-Atlantique"},"region":{"code":"52","nom":"Pays de la Loire"}},{"nom":"La Turballe","code":"44211","codesPostaux":["44420"],"centre":{"type":"Point","coordinates":[-2.4906,47.3402]},"surface":1861.85,"population":4850,"departement":{"code":"44","nom":"Loire-Atlantique"},"region":{"code":"52","nom":"Pays de la Loire"}},{"nom":"Vallet","code":"44212","codesPostaux":["44330"],"centre":{"type":"Point","coordinates":[-1.2645,47.1763]},"surface":5828.37,"population":9495,"departement":{"code":"44","nom":"Loire-Atlantique"},"region":{"code":"52","nom":"Pays de la Loire"}},{"nom":"Loireauxence","code":"44213","codesPostaux":["44370"],"centre":{"type":"Point","coordinates":[-1.0319,47.4352]},"surface":11844.94,"population":7587,"departement":{"code":"44","nom":"Loire-Atlantique"},"region":{"code":"52","nom":"Pays de la Loire"}},{"nom":"Vay","code":"44214","codesPostaux":["44170"],"centre":{"type":"Point","coordinates":[-1.7031,47.5381]},"surface":3633.74,"population":2120,"departement":{"code":"44","nom":"Loire-Atlantique"},"region":{"code":"52","nom":"Pays de la Loire"}},{"nom":"Vertou","code":"44215","codesPostaux":["44120"],"centre":{"type":"Point","coordinates":[-1.4679,47.1532]},"surface":3814.97,"population":26227,"departement":{"code":"44","nom":"Loire-Atlantique"},"region":{"code":"52","nom":"Pays de la Loire"}},{"nom":"Vieillevigne","code":"44216","codesPostaux":["44116"],"centre":{"type":"Point","coordinates":[-1.4172,46.9702]},"surface":5212.09,"population":4150,"departement":{"code":"44","nom":"Loire-Atlantique"},"region":{"code":"52","nom":"Pays de la Loire"}},{"nom":"Vigneux-de-Bretagne","code":"44217","codesPostaux":["44360"],"centre":{"type":"Point","coordinates":[-1.7198,47.317]},"surface":5287.88,"population":6692,"departement":{"code":"44","nom":"Loire-Atlantique"},"region":{"code":"52","nom":"Pays de la Loire"}},{"nom":"Villepot","code":"44218","codesPostaux":["44110"],"centre":{"type":"Point","coordinates":[-1.2856,47.7686]},"surface":2060.96,"population":680,"departement":{"code":"44","nom":"Loire-Atlantique"},"region":{"code":"52","nom":"Pays de la Loire"}},{"nom":"Vue","code":"44220","codesPostaux":["44640"],"centre":{"type":"Point","coordinates":[-1.8968,47.1996]},"surface":1958.99,"population":1753,"departement":{"code":"44","nom":"Loire-Atlantique"},"region":{"code":"52","nom":"Pays de la Loire"}},{"nom":"La Chevallerais","code":"44221","codesPostaux":["44810"],"centre":{"type":"Point","coordinates":[-1.6658,47.4774]},"surface":1074.61,"population":1569,"departement":{"code":"44","nom":"Loire-Atlantique"},"region":{"code":"52","nom":"Pays de la Loire"}},{"nom":"La Roche-Blanche","code":"44222","codesPostaux":["44522"],"centre":{"type":"Point","coordinates":[-1.1413,47.435]},"surface":1492.84,"population":1261,"departement":{"code":"44","nom":"Loire-Atlantique"},"region":{"code":"52","nom":"Pays de la Loire"}},{"nom":"Geneston","code":"44223","codesPostaux":["44140"],"centre":{"type":"Point","coordinates":[-1.5312,47.0579]},"surface":833.27,"population":3685,"departement":{"code":"44","nom":"Loire-Atlantique"},"region":{"code":"52","nom":"Pays de la Loire"}},{"nom":"La Grigonnais","code":"44224","codesPostaux":["44170"],"centre":{"type":"Point","coordinates":[-1.687,47.5208]},"surface":2144.2,"population":1828,"departement":{"code":"44","nom":"Loire-Atlantique"},"region":{"code":"52","nom":"Pays de la Loire"}}]