[{"nom":"Althen-des-Paluds","code":"84001","codesPostaux":["84210"],"centre":{"type":"Point","coordinates":[4.9585,44.0055]},"surface":653.02,"population":2960,"departement":{"code":"84","nom":"Vaucluse"},"region":{"code":"93","nom":"Provence-Alpes-Côte d'Azur"}},{"nom":"Ansouis","code":"84002","codesPostaux":["84240"],"centre":{"type":"Point","coordinates":[5.4682,43.7338]},"surface":1758.57,"population":1064,"departement":{"code":"84","nom":"Vaucluse"},"region":{"code":"93","nom":"Provence-Alpes-Côte d'Azur"}},{"nom":"Apt","code":"84003","codesPostaux":["84400"],"centre":{"type":"Point","coordinates":[5.3814,43.8815]},"surface":4517.33,"population":10143,"departement":{"code":"84","nom":"Vaucluse"},"region":{"code":"93","nom":"Provence-Alpes-Côte d'Azur"}},{"nom":"Aubignan","code":"84004","codesPostaux":["84810"],"centre":{"type":"Point","coordinates":[5.0331,44.0962]},"surface":1571.58,"population":5981,"departement":{"code":"84","nom":"Vaucluse"},"region":{"code":"93","nom":"Provence-Alpes-Côte d'Azur"}},{"nom":"Aurel","code":"84005","codesPostaux":["84390"],"centre":{"type":"Point","coordinates":[5.3906,44.1357]},"surface":2929.22,"population":190,"departement":{"code":"84","nom":"Vaucluse"},"region":{"code":"93","nom":"Provence-Alpes-Côte d'Azur"}},{"nom":"Auribeau","code":"84006","codesPostaux":["84400"],"centre":{"type":"Point","coordinates":[5.4444,43.8275]},"surface":752.98,"population":68,"departement":{"code":"84","nom":"Vaucluse"},"region":{"code":"93","nom":"Provence-Alpes-Côte d'Azur"}},{"nom":"Avignon","code":"84007","codesPostaux":["84000","84140"],"centre":{"type":"Point","coordinates":[4.8333,43.9416]},"surface":6506.28,"population":92188,"departement":{"code":"84","nom":"Vaucluse"},"region":{"code":"93","nom":"Provence-Alpes-Côte d'Azur"}},{"nom":"Le Barroux","code":"84008","codesPostaux":["84330"],"centre":{"type":"Point","coordinates":[5.1046,44.1591]},"surface":1604.61,"population":662,"departement":{"code":"84","nom":"Vaucluse"},"region":{"code":"93","nom":"Provence-Alpes-Côte d'Azur"}},{"nom":"La Bastide-des-Jourdans","code":"84009","codesPostaux":["84240"],"centre":{"type":"Point","coordinates":[5.6443,43.7954]},"surface":2767.18,"population":1760,"departement":{"code":"84","nom":"Vaucluse"},"region":{"code":"93","nom":"Provence-Alpes-Côte d'Azur"}},{"nom":"La Bastidonne","code":"84010","codesPostaux":["84120"],"centre":{"type":"Point","coordinates":[5.5791,43.6927]},"surface":590.86,"population":929,"departement":{"code":"84","nom":"Vaucluse"},"region":{"code":"93","nom":"Provence-Alpes-Côte d'Azur"}},{"nom":"Le Beaucet","code":"84011","codesPostaux":["84210"],"centre":{"type":"Point","coordinates":[5.1341,43.9761]},"surface":903.94,"population":397,"departement":{"code":"84","nom":"Vaucluse"},"region":{"code":"93","nom":"Provence-Alpes-Côte d'Azur"}},{"nom":"Beaumes-de-Venise","code":"84012","codesPostaux":["84190"],"centre":{"type":"Point","coordinates":[5.0279,44.1224]},"surface":1897.32,"population":2442,"departement":{"code":"84","nom":"Vaucluse"},"region":{"code":"93","nom":"Provence-Alpes-Côte d'Azur"}},{"nom":"Beaumettes","code":"84013","codesPostaux":["84220"],"centre":{"type":"Point","coordinates":[5.202,43.8632]},"surface":266.07,"population":314,"departement":{"code":"84","nom":"Vaucluse"},"region":{"code":"93","nom":"Provence-Alpes-Côte d'Azur"}},{"nom":"Beaumont-de-Pertuis","code":"84014","codesPostaux":["84120"],"centre":{"type":"Point","coordinates":[5.6978,43.7372]},"surface":5384.29,"population":1130,"departement":{"code":"84","nom":"Vaucluse"},"region":{"code":"93","nom":"Provence-Alpes-Côte d'Azur"}},{"nom":"Beaumont-du-Ventoux","code":"84015","codesPostaux":["84340"],"centre":{"type":"Point","coordinates":[5.2197,44.182]},"surface":2812.6,"population":308,"departement":{"code":"84","nom":"Vaucluse"},"region":{"code":"93","nom":"Provence-Alpes-Côte d'Azur"}},{"nom":"Bédarrides","code":"84016","codesPostaux":["84370"],"centre":{"type":"Point","coordinates":[4.9029,44.0478]},"surface":2496.55,"population":5671,"departement":{"code":"84","nom":"Vaucluse"},"region":{"code":"93","nom":"Provence-Alpes-Côte d'Azur"}},{"nom":"Bédoin","code":"84017","codesPostaux":["84410"],"centre":{"type":"Point","coordinates":[5.2342,44.1337]},"surface":9061.3,"population":3106,"departement":{"code":"84","nom":"Vaucluse"},"region":{"code":"93","nom":"Provence-Alpes-Côte d'Azur"}},{"nom":"Blauvac","code":"84018","codesPostaux":["84570"],"centre":{"type":"Point","coordinates":[5.2418,44.0356]},"surface":2106.14,"population":573,"departement":{"code":"84","nom":"Vaucluse"},"region":{"code":"93","nom":"Provence-Alpes-Côte d'Azur"}},{"nom":"Bollène","code":"84019","codesPostaux":["84500"],"centre":{"type":"Point","coordinates":[4.751,44.2885]},"surface":5439.08,"population":14024,"departement":{"code":"84","nom":"Vaucluse"},"region":{"code":"93","nom":"Provence-Alpes-Côte d'Azur"}},{"nom":"Bonnieux","code":"84020","codesPostaux":["84480"],"centre":{"type":"Point","coordinates":[5.3172,43.8327]},"surface":5137.48,"population":1198,"departement":{"code":"84","nom":"Vaucluse"},"region":{"code":"93","nom":"Provence-Alpes-Côte d'Azur"}},{"nom":"Brantes","code":"84021","codesPostaux":["84390"],"centre":{"type":"Point","coordinates":[5.3315,44.1861]},"surface":2824.18,"population":86,"departement":{"code":"84","nom":"Vaucluse"},"region":{"code":"93","nom":"Provence-Alpes-Côte d'Azur"}},{"nom":"Buisson","code":"84022","codesPostaux":["84110"],"centre":{"type":"Point","coordinates":[4.9985,44.2759]},"surface":947.22,"population":252,"departement":{"code":"84","nom":"Vaucluse"},"region":{"code":"93","nom":"Provence-Alpes-Côte d'Azur"}},{"nom":"Buoux","code":"84023","codesPostaux":["84480"],"centre":{"type":"Point","coordinates":[5.3745,43.8207]},"surface":1760.7,"population":104,"departement":{"code":"84","nom":"Vaucluse"},"region":{"code":"93","nom":"Provence-Alpes-Côte d'Azur"}},{"nom":"Cabrières-d'Aigues","code":"84024","codesPostaux":["84240"],"centre":{"type":"Point","coordinates":[5.4891,43.7882]},"surface":1891.54,"population":946,"departement":{"code":"84","nom":"Vaucluse"},"region":{"code":"93","nom":"Provence-Alpes-Côte d'Azur"}},{"nom":"Cabrières-d'Avignon","code":"84025","codesPostaux":["84220"],"centre":{"type":"Point","coordinates":[5.1494,43.9034]},"surface":1456.27,"population":1686,"departement":{"code":"84","nom":"Vaucluse"},"region":{"code":"93","nom":"Provence-Alpes-Côte d'Azur"}},{"nom":"Cadenet","code":"84026","codesPostaux":["84160"],"centre":{"type":"Point","coordinates":[5.386,43.7299]},"surface":2579.09,"population":4363,"departement":{"code":"84","nom":"Vaucluse"},"region":{"code":"93","nom":"Provence-Alpes-Côte d'Azur"}},{"nom":"Caderousse","code":"84027","codesPostaux":["84860"],"centre":{"type":"Point","coordinates":[4.746,44.1155]},"surface":3244.25,"population":2493,"departement":{"code":"84","nom":"Vaucluse"},"region":{"code":"93","nom":"Provence-Alpes-Côte d'Azur"}},{"nom":"Cairanne","code":"84028","codesPostaux":["84290"],"centre":{"type":"Point","coordinates":[4.9339,44.2277]},"surface":2274.87,"population":1129,"departement":{"code":"84","nom":"Vaucluse"},"region":{"code":"93","nom":"Provence-Alpes-Côte d'Azur"}},{"nom":"Camaret-sur-Aigues","code":"84029","codesPostaux":["84850"],"centre":{"type":"Point","coordinates":[4.8911,44.1551]},"surface":1837.2,"population":4533,"departement":{"code":"84","nom":"Vaucluse"},"region":{"code":"93","nom":"Provence-Alpes-Côte d'Azur"}},{"nom":"Caromb","code":"84030","codesPostaux":["84330"],"centre":{"type":"Point","coordinates":[5.1078,44.11]},"surface":1788.25,"population":3479,"departement":{"code":"84","nom":"Vaucluse"},"region":{"code":"93","nom":"Provence-Alpes-Côte d'Azur"}},{"nom":"Carpentras","code":"84031","codesPostaux":["84200"],"centre":{"type":"Point","coordinates":[5.0584,44.0629]},"surface":3792.1,"population":31619,"departement":{"code":"84","nom":"Vaucluse"},"region":{"code":"93","nom":"Provence-Alpes-Côte d'Azur"}},{"nom":"Caseneuve","code":"84032","codesPostaux":["84750"],"centre":{"type":"Point","coordinates":[5.4833,43.8859]},"surface":1809.47,"population":527,"departement":{"code":"84","nom":"Vaucluse"},"region":{"code":"93","nom":"Provence-Alpes-Côte d'Azur"}},{"nom":"Castellet-en-Luberon","code":"84033","codesPostaux":["84400"],"centre":{"type":"Point","coordinates":[5.4876,43.8336]},"surface":955.08,"population":113,"departement":{"code":"84","nom":"Vaucluse"},"region":{"code":"93","nom":"Provence-Alpes-Côte d'Azur"}},{"nom":"Caumont-sur-Durance","code":"84034","codesPostaux":["84510"],"centre":{"type":"Point","coordinates":[4.955,43.8813]},"surface":1828.36,"population":5667,"departement":{"code":"84","nom":"Vaucluse"},"region":{"code":"93","nom":"Provence-Alpes-Côte d'Azur"}},{"nom":"Cavaillon","code":"84035","codesPostaux":["84300"],"centre":{"type":"Point","coordinates":[5.0333,43.8485]},"surface":4592.26,"population":25636,"departement":{"code":"84","nom":"Vaucluse"},"region":{"code":"93","nom":"Provence-Alpes-Côte d'Azur"}},{"nom":"Châteauneuf-de-Gadagne","code":"84036","codesPostaux":["84470"],"centre":{"type":"Point","coordinates":[4.9435,43.9307]},"surface":1349.08,"population":3565,"departement":{"code":"84","nom":"Vaucluse"},"region":{"code":"93","nom":"Provence-Alpes-Côte d'Azur"}},{"nom":"Châteauneuf-du-Pape","code":"84037","codesPostaux":["84230"],"centre":{"type":"Point","coordinates":[4.8263,44.0602]},"surface":2482.8,"population":2050,"departement":{"code":"84","nom":"Vaucluse"},"region":{"code":"93","nom":"Provence-Alpes-Côte d'Azur"}},{"nom":"Cheval-Blanc","code":"84038","codesPostaux":["84460"],"centre":{"type":"Point","coordinates":[5.1204,43.7875]},"surface":5852.98,"population":4362,"departement":{"code":"84","nom":"Vaucluse"},"region":{"code":"93","nom":"Provence-Alpes-Côte d'Azur"}},{"nom":"Courthézon","code":"84039","codesPostaux":["84350"],"centre":{"type":"Point","coordinates":[4.8868,44.0876]},"surface":3278.43,"population":6426,"departement":{"code":"84","nom":"Vaucluse"},"region":{"code":"93","nom":"Provence-Alpes-Côte d'Azur"}},{"nom":"Crestet","code":"84040","codesPostaux":["84110"],"centre":{"type":"Point","coordinates":[5.0859,44.2112]},"surface":1144.6,"population":415,"departement":{"code":"84","nom":"Vaucluse"},"region":{"code":"93","nom":"Provence-Alpes-Côte d'Azur"}},{"nom":"Crillon-le-Brave","code":"84041","codesPostaux":["84410"],"centre":{"type":"Point","coordinates":[5.152,44.1187]},"surface":765.67,"population":488,"departement":{"code":"84","nom":"Vaucluse"},"region":{"code":"93","nom":"Provence-Alpes-Côte d'Azur"}},{"nom":"Cucuron","code":"84042","codesPostaux":["84160"],"centre":{"type":"Point","coordinates":[5.4401,43.7801]},"surface":3249.69,"population":1885,"departement":{"code":"84","nom":"Vaucluse"},"region":{"code":"93","nom":"Provence-Alpes-Côte d'Azur"}},{"nom":"Entraigues-sur-la-Sorgue","code":"84043","codesPostaux":["84320"],"centre":{"type":"Point","coordinates":[4.9347,43.9959]},"surface":1685.34,"population":8913,"departement":{"code":"84","nom":"Vaucluse"},"region":{"code":"93","nom":"Provence-Alpes-Côte d'Azur"}},{"nom":"Entrechaux","code":"84044","codesPostaux":["84340"],"centre":{"type":"Point","coordinates":[5.1364,44.2238]},"surface":1490.58,"population":1177,"departement":{"code":"84","nom":"Vaucluse"},"region":{"code":"93","nom":"Provence-Alpes-Côte d'Azur"}},{"nom":"Faucon","code":"84045","codesPostaux":["84110"],"centre":{"type":"Point","coordinates":[5.1404,44.2524]},"surface":874.47,"population":454,"departement":{"code":"84","nom":"Vaucluse"},"region":{"code":"93","nom":"Provence-Alpes-Côte d'Azur"}},{"nom":"Flassan","code":"84046","codesPostaux":["84410"],"centre":{"type":"Point","coordinates":[5.2613,44.0995]},"surface":2086.48,"population":453,"departement":{"code":"84","nom":"Vaucluse"},"region":{"code":"93","nom":"Provence-Alpes-Côte d'Azur"}},{"nom":"Gargas","code":"84047","codesPostaux":["84400"],"centre":{"type":"Point","coordinates":[5.3435,43.8939]},"surface":1488,"population":3035,"departement":{"code":"84","nom":"Vaucluse"},"region":{"code":"93","nom":"Provence-Alpes-Côte d'Azur"}},{"nom":"Gignac","code":"84048","codesPostaux":["84400"],"centre":{"type":"Point","coordinates":[5.526,43.9283]},"surface":814.65,"population":73,"departement":{"code":"84","nom":"Vaucluse"},"region":{"code":"93","nom":"Provence-Alpes-Côte d'Azur"}},{"nom":"Gigondas","code":"84049","codesPostaux":["84190"],"centre":{"type":"Point","coordinates":[5.0153,44.164]},"surface":2712.68,"population":448,"departement":{"code":"84","nom":"Vaucluse"},"region":{"code":"93","nom":"Provence-Alpes-Côte d'Azur"}},{"nom":"Gordes","code":"84050","codesPostaux":["84220"],"centre":{"type":"Point","coordinates":[5.204,43.9074]},"surface":4892.1,"population":1661,"departement":{"code":"84","nom":"Vaucluse"},"region":{"code":"93","nom":"Provence-Alpes-Côte d'Azur"}},{"nom":"Goult","code":"84051","codesPostaux":["84220"],"centre":{"type":"Point","coordinates":[5.2448,43.8675]},"surface":2384.29,"population":1055,"departement":{"code":"84","nom":"Vaucluse"},"region":{"code":"93","nom":"Provence-Alpes-Côte d'Azur"}},{"nom":"Grambois","code":"84052","codesPostaux":["84240"],"centre":{"type":"Point","coordinates":[5.6022,43.7581]},"surface":3125.36,"population":1234,"departement":{"code":"84","nom":"Vaucluse"},"region":{"code":"93","nom":"Provence-Alpes-Côte d'Azur"}},{"nom":"Grillon","code":"84053","codesPostaux":["84600"],"centre":{"type":"Point","coordinates":[4.9355,44.3946]},"surface":1503.69,"population":1690,"departement":{"code":"84","nom":"Vaucluse"},"region":{"code":"93","nom":"Provence-Alpes-Côte d'Azur"}},{"nom":"L'Isle-sur-la-Sorgue","code":"84054","codesPostaux":["84800"],"centre":{"type":"Point","coordinates":[5.0588,43.9191]},"surface":4462.01,"population":20244,"departement":{"code":"84","nom":"Vaucluse"},"region":{"code":"93","nom":"Provence-Alpes-Côte d'Azur"}},{"nom":"Jonquerettes","code":"84055","codesPostaux":["84450"],"centre":{"type":"Point","coordinates":[4.9433,43.9496]},"surface":257.84,"population":1606,"departement":{"code":"84","nom":"Vaucluse"},"region":{"code":"93","nom":"Provence-Alpes-Côte d'Azur"}},{"nom":"Jonquières","code":"84056","codesPostaux":["84150"],"centre":{"type":"Point","coordinates":[4.9144,44.1324]},"surface":2430.12,"population":5201,"departement":{"code":"84","nom":"Vaucluse"},"region":{"code":"93","nom":"Provence-Alpes-Côte d'Azur"}},{"nom":"Joucas","code":"84057","codesPostaux":["84220"],"centre":{"type":"Point","coordinates":[5.2522,43.9223]},"surface":843.87,"population":348,"departement":{"code":"84","nom":"Vaucluse"},"region":{"code":"93","nom":"Provence-Alpes-Côte d'Azur"}},{"nom":"Lacoste","code":"84058","codesPostaux":["84480"],"centre":{"type":"Point","coordinates":[5.2645,43.8236]},"surface":1069.39,"population":468,"departement":{"code":"84","nom":"Vaucluse"},"region":{"code":"93","nom":"Provence-Alpes-Côte d'Azur"}},{"nom":"Lafare","code":"84059","codesPostaux":["84190"],"centre":{"type":"Point","coordinates":[5.0501,44.1535]},"surface":452.8,"population":130,"departement":{"code":"84","nom":"Vaucluse"},"region":{"code":"93","nom":"Provence-Alpes-Côte d'Azur"}},{"nom":"Lagarde-d'Apt","code":"84060","codesPostaux":["84400"],"centre":{"type":"Point","coordinates":[5.4769,43.9842]},"surface":2219.98,"population":30,"departement":{"code":"84","nom":"Vaucluse"},"region":{"code":"93","nom":"Provence-Alpes-Côte d'Azur"}},{"nom":"Lagarde-Paréol","code":"84061","codesPostaux":["84290"],"centre":{"type":"Point","coordinates":[4.8481,44.2287]},"surface":929.25,"population":319,"departement":{"code":"84","nom":"Vaucluse"},"region":{"code":"93","nom":"Provence-Alpes-Côte d'Azur"}},{"nom":"Lagnes","code":"84062","codesPostaux":["84800"],"centre":{"type":"Point","coordinates":[5.1181,43.9044]},"surface":1687.49,"population":1742,"departement":{"code":"84","nom":"Vaucluse"},"region":{"code":"93","nom":"Provence-Alpes-Côte d'Azur"}},{"nom":"Lamotte-du-Rhône","code":"84063","codesPostaux":["84840"],"centre":{"type":"Point","coordinates":[4.6804,44.2798]},"surface":1206.88,"population":403,"departement":{"code":"84","nom":"Vaucluse"},"region":{"code":"93","nom":"Provence-Alpes-Côte d'Azur"}},{"nom":"Lapalud","code":"84064","codesPostaux":["84840"],"centre":{"type":"Point","coordinates":[4.6821,44.3073]},"surface":1758.38,"population":3853,"departement":{"code":"84","nom":"Vaucluse"},"region":{"code":"93","nom":"Provence-Alpes-Côte d'Azur"}},{"nom":"Lauris","code":"84065","codesPostaux":["84360"],"centre":{"type":"Point","coordinates":[5.3019,43.7611]},"surface":2250.67,"population":3921,"departement":{"code":"84","nom":"Vaucluse"},"region":{"code":"93","nom":"Provence-Alpes-Côte d'Azur"}},{"nom":"Lioux","code":"84066","codesPostaux":["84220"],"centre":{"type":"Point","coordinates":[5.3122,43.9782]},"surface":3884.93,"population":286,"departement":{"code":"84","nom":"Vaucluse"},"region":{"code":"93","nom":"Provence-Alpes-Côte d'Azur"}},{"nom":"Loriol-du-Comtat","code":"84067","codesPostaux":["84870"],"centre":{"type":"Point","coordinates":[5.0049,44.0759]},"surface":1127.94,"population":2486,"departement":{"code":"84","nom":"Vaucluse"},"region":{"code":"93","nom":"Provence-Alpes-Côte d'Azur"}},{"nom":"Lourmarin","code":"84068","codesPostaux":["84160"],"centre":{"type":"Point","coordinates":[5.3625,43.7785]},"surface":2021.19,"population":1020,"departement":{"code":"84","nom":"Vaucluse"},"region":{"code":"93","nom":"Provence-Alpes-Côte d'Azur"}},{"nom":"Malaucène","code":"84069","codesPostaux":["84340"],"centre":{"type":"Point","coordinates":[5.1559,44.1804]},"surface":4534.23,"population":2758,"departement":{"code":"84","nom":"Vaucluse"},"region":{"code":"93","nom":"Provence-Alpes-Côte d'Azur"}},{"nom":"Malemort-du-Comtat","code":"84070","codesPostaux":["84570"],"centre":{"type":"Point","coordinates":[5.1646,44.0171]},"surface":1198.13,"population":1969,"departement":{"code":"84","nom":"Vaucluse"},"region":{"code":"93","nom":"Provence-Alpes-Côte d'Azur"}},{"nom":"Maubec","code":"84071","codesPostaux":["84660"],"centre":{"type":"Point","coordinates":[5.1357,43.8384]},"surface":918.39,"population":1915,"departement":{"code":"84","nom":"Vaucluse"},"region":{"code":"93","nom":"Provence-Alpes-Côte d'Azur"}},{"nom":"Mazan","code":"84072","codesPostaux":["84380"],"centre":{"type":"Point","coordinates":[5.1333,44.0528]},"surface":3796.11,"population":6285,"departement":{"code":"84","nom":"Vaucluse"},"region":{"code":"93","nom":"Provence-Alpes-Côte d'Azur"}},{"nom":"Ménerbes","code":"84073","codesPostaux":["84560"],"centre":{"type":"Point","coordinates":[5.2172,43.8271]},"surface":3044.76,"population":962,"departement":{"code":"84","nom":"Vaucluse"},"region":{"code":"93","nom":"Provence-Alpes-Côte d'Azur"}},{"nom":"Mérindol","code":"84074","codesPostaux":["84360"],"centre":{"type":"Point","coordinates":[5.1884,43.7648]},"surface":2710.4,"population":2283,"departement":{"code":"84","nom":"Vaucluse"},"region":{"code":"93","nom":"Provence-Alpes-Côte d'Azur"}},{"nom":"Méthamis","code":"84075","codesPostaux":["84570"],"centre":{"type":"Point","coordinates":[5.2483,44.0153]},"surface":3706.51,"population":450,"departement":{"code":"84","nom":"Vaucluse"},"region":{"code":"93","nom":"Provence-Alpes-Côte d'Azur"}},{"nom":"Mirabeau","code":"84076","codesPostaux":["84120"],"centre":{"type":"Point","coordinates":[5.6482,43.7035]},"surface":3159.32,"population":1450,"departement":{"code":"84","nom":"Vaucluse"},"region":{"code":"93","nom":"Provence-Alpes-Côte d'Azur"}},{"nom":"Modène","code":"84077","codesPostaux":["84330"],"centre":{"type":"Point","coordinates":[5.1285,44.1092]},"surface":476.61,"population":458,"departement":{"code":"84","nom":"Vaucluse"},"region":{"code":"93","nom":"Provence-Alpes-Côte d'Azur"}},{"nom":"Mondragon","code":"84078","codesPostaux":["84430"],"centre":{"type":"Point","coordinates":[4.7326,44.2407]},"surface":4052.92,"population":3833,"departement":{"code":"84","nom":"Vaucluse"},"region":{"code":"93","nom":"Provence-Alpes-Côte d'Azur"}},{"nom":"Monieux","code":"84079","codesPostaux":["84390"],"centre":{"type":"Point","coordinates":[5.345,44.052]},"surface":4755.07,"population":263,"departement":{"code":"84","nom":"Vaucluse"},"region":{"code":"93","nom":"Provence-Alpes-Côte d'Azur"}},{"nom":"Monteux","code":"84080","codesPostaux":["84170"],"centre":{"type":"Point","coordinates":[4.9862,44.033]},"surface":3947.26,"population":13301,"departement":{"code":"84","nom":"Vaucluse"},"region":{"code":"93","nom":"Provence-Alpes-Côte d'Azur"}},{"nom":"Morières-lès-Avignon","code":"84081","codesPostaux":["84310"],"centre":{"type":"Point","coordinates":[4.9078,43.9298]},"surface":1039.67,"population":9019,"departement":{"code":"84","nom":"Vaucluse"},"region":{"code":"93","nom":"Provence-Alpes-Côte d'Azur"}},{"nom":"Mormoiron","code":"84082","codesPostaux":["84570"],"centre":{"type":"Point","coordinates":[5.1918,44.0686]},"surface":2522.77,"population":1884,"departement":{"code":"84","nom":"Vaucluse"},"region":{"code":"93","nom":"Provence-Alpes-Côte d'Azur"}},{"nom":"Mornas","code":"84083","codesPostaux":["84550"],"centre":{"type":"Point","coordinates":[4.7438,44.1997]},"surface":2605.7,"population":2569,"departement":{"code":"84","nom":"Vaucluse"},"region":{"code":"93","nom":"Provence-Alpes-Côte d'Azur"}},{"nom":"La Motte-d'Aigues","code":"84084","codesPostaux":["84240"],"centre":{"type":"Point","coordinates":[5.5237,43.7817]},"surface":1467.05,"population":1438,"departement":{"code":"84","nom":"Vaucluse"},"region":{"code":"93","nom":"Provence-Alpes-Côte d'Azur"}},{"nom":"Murs","code":"84085","codesPostaux":["84220"],"centre":{"type":"Point","coordinates":[5.2432,43.965]},"surface":3140.05,"population":376,"departement":{"code":"84","nom":"Vaucluse"},"region":{"code":"93","nom":"Provence-Alpes-Côte d'Azur"}},{"nom":"Oppède","code":"84086","codesPostaux":["84580"],"centre":{"type":"Point","coordinates":[5.1707,43.8331]},"surface":2439.27,"population":1285,"departement":{"code":"84","nom":"Vaucluse"},"region":{"code":"93","nom":"Provence-Alpes-Côte d'Azur"}},{"nom":"Orange","code":"84087","codesPostaux":["84100"],"centre":{"type":"Point","coordinates":[4.8031,44.1264]},"surface":7440.78,"population":29706,"departement":{"code":"84","nom":"Vaucluse"},"region":{"code":"93","nom":"Provence-Alpes-Côte d'Azur"}},{"nom":"Pernes-les-Fontaines","code":"84088","codesPostaux":["84210"],"centre":{"type":"Point","coordinates":[5.0289,43.9966]},"surface":5105.89,"population":10504,"departement":{"code":"84","nom":"Vaucluse"},"region":{"code":"93","nom":"Provence-Alpes-Côte d'Azur"}},{"nom":"Pertuis","code":"84089","codesPostaux":["84120"],"centre":{"type":"Point","coordinates":[5.5345,43.6931]},"surface":5937.49,"population":19548,"departement":{"code":"84","nom":"Vaucluse"},"region":{"code":"93","nom":"Provence-Alpes-Côte d'Azur"}},{"nom":"Peypin-d'Aigues","code":"84090","codesPostaux":["84240"],"centre":{"type":"Point","coordinates":[5.5617,43.7962]},"surface":1728.44,"population":664,"departement":{"code":"84","nom":"Vaucluse"},"region":{"code":"93","nom":"Provence-Alpes-Côte d'Azur"}},{"nom":"Piolenc","code":"84091","codesPostaux":["84420"],"centre":{"type":"Point","coordinates":[4.7587,44.1784]},"surface":2468.84,"population":5718,"departement":{"code":"84","nom":"Vaucluse"},"region":{"code":"93","nom":"Provence-Alpes-Côte d'Azur"}},{"nom":"Le Pontet","code":"84092","codesPostaux":["84130"],"centre":{"type":"Point","coordinates":[4.8614,43.9707]},"surface":1074.57,"population":18386,"departement":{"code":"84","nom":"Vaucluse"},"region":{"code":"93","nom":"Provence-Alpes-Côte d'Azur"}},{"nom":"Puget","code":"84093","codesPostaux":["84360"],"centre":{"type":"Point","coordinates":[5.2572,43.7699]},"surface":1956.31,"population":894,"departement":{"code":"84","nom":"Vaucluse"},"region":{"code":"93","nom":"Provence-Alpes-Côte d'Azur"}},{"nom":"Puyméras","code":"84094","codesPostaux":["84110"],"centre":{"type":"Point","coordinates":[5.124,44.2883]},"surface":1472.65,"population":585,"departement":{"code":"84","nom":"Vaucluse"},"region":{"code":"93","nom":"Provence-Alpes-Côte d'Azur"}},{"nom":"Puyvert","code":"84095","codesPostaux":["84160"],"centre":{"type":"Point","coordinates":[5.3384,43.7519]},"surface":1006.04,"population":865,"departement":{"code":"84","nom":"Vaucluse"},"region":{"code":"93","nom":"Provence-Alpes-Côte d'Azur"}},{"nom":"Rasteau","code":"84096","codesPostaux":["84110"],"centre":{"type":"Point","coordinates":[4.9794,44.2336]},"surface":1903.17,"population":813,"departement":{"code":"84","nom":"Vaucluse"},"region":{"code":"93","nom":"Provence-Alpes-Côte d'Azur"}},{"nom":"Richerenches","code":"84097","codesPostaux":["84600"],"centre":{"type":"Point","coordinates":[4.9034,44.3555]},"surface":1107.28,"population":591,"departement":{"code":"84","nom":"Vaucluse"},"region":{"code":"93","nom":"Provence-Alpes-Côte d'Azur"}},{"nom":"Roaix","code":"84098","codesPostaux":["84110"],"centre":{"type":"Point","coordinates":[5.0125,44.2539]},"surface":587.98,"population":626,"departement":{"code":"84","nom":"Vaucluse"},"region":{"code":"93","nom":"Provence-Alpes-Côte d'Azur"}},{"nom":"Robion","code":"84099","codesPostaux":["84440"],"centre":{"type":"Point","coordinates":[5.1066,43.8429]},"surface":1784.99,"population":4816,"departement":{"code":"84","nom":"Vaucluse"},"region":{"code":"93","nom":"Provence-Alpes-Côte d'Azur"}},{"nom":"La Roque-Alric","code":"84100","codesPostaux":["84190"],"centre":{"type":"Point","coordinates":[5.0683,44.1458]},"surface":490.11,"population":50,"departement":{"code":"84","nom":"Vaucluse"},"region":{"code":"93","nom":"Provence-Alpes-Côte d'Azur"}},{"nom":"La Roque-sur-Pernes","code":"84101","codesPostaux":["84210"],"centre":{"type":"Point","coordinates":[5.104,43.9782]},"surface":1107.37,"population":437,"departement":{"code":"84","nom":"Vaucluse"},"region":{"code":"93","nom":"Provence-Alpes-Côte d'Azur"}},{"nom":"Roussillon","code":"84102","codesPostaux":["84220"],"centre":{"type":"Point","coordinates":[5.2906,43.8959]},"surface":3025.68,"population":1333,"departement":{"code":"84","nom":"Vaucluse"},"region":{"code":"93","nom":"Provence-Alpes-Côte d'Azur"}},{"nom":"Rustrel","code":"84103","codesPostaux":["84400"],"centre":{"type":"Point","coordinates":[5.4759,43.9315]},"surface":2879.34,"population":672,"departement":{"code":"84","nom":"Vaucluse"},"region":{"code":"93","nom":"Provence-Alpes-Côte d'Azur"}},{"nom":"Sablet","code":"84104","codesPostaux":["84110"],"centre":{"type":"Point","coordinates":[4.9962,44.1927]},"surface":1111.78,"population":1436,"departement":{"code":"84","nom":"Vaucluse"},"region":{"code":"93","nom":"Provence-Alpes-Côte d'Azur"}},{"nom":"Saignon","code":"84105","codesPostaux":["84400"],"centre":{"type":"Point","coordinates":[5.4405,43.868]},"surface":1978.46,"population":912,"departement":{"code":"84","nom":"Vaucluse"},"region":{"code":"93","nom":"Provence-Alpes-Côte d'Azur"}},{"nom":"Sainte-Cécile-les-Vignes","code":"84106","codesPostaux":["84290"],"centre":{"type":"Point","coordinates":[4.8949,44.2344]},"surface":1997.9,"population":2656,"departement":{"code":"84","nom":"Vaucluse"},"region":{"code":"93","nom":"Provence-Alpes-Côte d'Azur"}},{"nom":"Saint-Christol","code":"84107","codesPostaux":["84390"],"centre":{"type":"Point","coordinates":[5.4923,44.0216]},"surface":4642.95,"population":1409,"departement":{"code":"84","nom":"Vaucluse"},"region":{"code":"93","nom":"Provence-Alpes-Côte d'Azur"}},{"nom":"Saint-Didier","code":"84108","codesPostaux":["84210"],"centre":{"type":"Point","coordinates":[5.1093,44.0108]},"surface":365.99,"population":2208,"departement":{"code":"84","nom":"Vaucluse"},"region":{"code":"93","nom":"Provence-Alpes-Côte d'Azur"}},{"nom":"Saint-Hippolyte-le-Graveyron","code":"84109","codesPostaux":["84330"],"centre":{"type":"Point","coordinates":[5.0775,44.1175]},"surface":494.3,"population":168,"departement":{"code":"84","nom":"Vaucluse"},"region":{"code":"93","nom":"Provence-Alpes-Côte d'Azur"}},{"nom":"Saint-Léger-du-Ventoux","code":"84110","codesPostaux":["84390"],"centre":{"type":"Point","coordinates":[5.2749,44.2027]},"surface":1950.82,"population":25,"departement":{"code":"84","nom":"Vaucluse"},"region":{"code":"93","nom":"Provence-Alpes-Côte d'Azur"}},{"nom":"Saint-Marcellin-lès-Vaison","code":"84111","codesPostaux":["84110"],"centre":{"type":"Point","coordinates":[5.1024,44.2368]},"surface":355.29,"population":334,"departement":{"code":"84","nom":"Vaucluse"},"region":{"code":"93","nom":"Provence-Alpes-Côte d'Azur"}},{"nom":"Saint-Martin-de-Castillon","code":"84112","codesPostaux":["84750"],"centre":{"type":"Point","coordinates":[5.5141,43.8557]},"surface":3836.92,"population":689,"departement":{"code":"84","nom":"Vaucluse"},"region":{"code":"93","nom":"Provence-Alpes-Côte d'Azur"}},{"nom":"Saint-Martin-de-la-Brasque","code":"84113","codesPostaux":["84760"],"centre":{"type":"Point","coordinates":[5.5401,43.7656]},"surface":560.96,"population":805,"departement":{"code":"84","nom":"Vaucluse"},"region":{"code":"93","nom":"Provence-Alpes-Côte d'Azur"}},{"nom":"Saint-Pantaléon","code":"84114","codesPostaux":["84220"],"centre":{"type":"Point","coordinates":[5.2154,43.8787]},"surface":79.16,"population":222,"departement":{"code":"84","nom":"Vaucluse"},"region":{"code":"93","nom":"Provence-Alpes-Côte d'Azur"}},{"nom":"Saint-Pierre-de-Vassols","code":"84115","codesPostaux":["84330"],"centre":{"type":"Point","coordinates":[5.1463,44.0983]},"surface":499.89,"population":499,"departement":{"code":"84","nom":"Vaucluse"},"region":{"code":"93","nom":"Provence-Alpes-Côte d'Azur"}},{"nom":"Saint-Romain-en-Viennois","code":"84116","codesPostaux":["84110"],"centre":{"type":"Point","coordinates":[5.0995,44.2625]},"surface":908.98,"population":868,"departement":{"code":"84","nom":"Vaucluse"},"region":{"code":"93","nom":"Provence-Alpes-Côte d'Azur"}},{"nom":"Saint-Roman-de-Malegarde","code":"84117","codesPostaux":["84290"],"centre":{"type":"Point","coordinates":[4.9592,44.2642]},"surface":852.71,"population":339,"departement":{"code":"84","nom":"Vaucluse"},"region":{"code":"93","nom":"Provence-Alpes-Côte d'Azur"}},{"nom":"Saint-Saturnin-lès-Apt","code":"84118","codesPostaux":["84490"],"centre":{"type":"Point","coordinates":[5.3566,43.961]},"surface":7682.46,"population":3004,"departement":{"code":"84","nom":"Vaucluse"},"region":{"code":"93","nom":"Provence-Alpes-Côte d'Azur"}},{"nom":"Saint-Saturnin-lès-Avignon","code":"84119","codesPostaux":["84450"],"centre":{"type":"Point","coordinates":[4.9447,43.9625]},"surface":621.81,"population":5206,"departement":{"code":"84","nom":"Vaucluse"},"region":{"code":"93","nom":"Provence-Alpes-Côte d'Azur"}},{"nom":"Saint-Trinit","code":"84120","codesPostaux":["84390"],"centre":{"type":"Point","coordinates":[5.4747,44.0913]},"surface":1690.17,"population":118,"departement":{"code":"84","nom":"Vaucluse"},"region":{"code":"93","nom":"Provence-Alpes-Côte d'Azur"}},{"nom":"Sannes","code":"84121","codesPostaux":["84240"],"centre":{"type":"Point","coordinates":[5.4917,43.7588]},"surface":457.43,"population":290,"departement":{"code":"84","nom":"Vaucluse"},"region":{"code":"93","nom":"Provence-Alpes-Côte d'Azur"}},{"nom":"Sarrians","code":"84122","codesPostaux":["84260"],"centre":{"type":"Point","coordinates":[4.9541,44.1018]},"surface":3759.71,"population":5792,"departement":{"code":"84","nom":"Vaucluse"},"region":{"code":"93","nom":"Provence-Alpes-Côte d'Azur"}},{"nom":"Sault","code":"84123","codesPostaux":["84390"],"centre":{"type":"Point","coordinates":[5.3892,44.0774]},"surface":11219.47,"population":1343,"departement":{"code":"84","nom":"Vaucluse"},"region":{"code":"93","nom":"Provence-Alpes-Côte d'Azur"}},{"nom":"Saumane-de-Vaucluse","code":"84124","codesPostaux":["84800"],"centre":{"type":"Point","coordinates":[5.1201,43.9334]},"surface":2095.58,"population":886,"departement":{"code":"84","nom":"Vaucluse"},"region":{"code":"93","nom":"Provence-Alpes-Côte d'Azur"}},{"nom":"Savoillan","code":"84125","codesPostaux":["84390"],"centre":{"type":"Point","coordinates":[5.3707,44.1778]},"surface":878.53,"population":81,"departement":{"code":"84","nom":"Vaucluse"},"region":{"code":"93","nom":"Provence-Alpes-Côte d'Azur"}},{"nom":"Séguret","code":"84126","codesPostaux":["84110"],"centre":{"type":"Point","coordinates":[5.0257,44.2161]},"surface":2114.6,"population":769,"departement":{"code":"84","nom":"Vaucluse"},"region":{"code":"93","nom":"Provence-Alpes-Côte d'Azur"}},{"nom":"Sérignan-du-Comtat","code":"84127","codesPostaux":["84830"],"centre":{"type":"Point","coordinates":[4.8496,44.1933]},"surface":2022.55,"population":2939,"departement":{"code":"84","nom":"Vaucluse"},"region":{"code":"93","nom":"Provence-Alpes-Côte d'Azur"}},{"nom":"Sivergues","code":"84128","codesPostaux":["84400"],"centre":{"type":"Point","coordinates":[5.418,43.8231]},"surface":943.5,"population":39,"departement":{"code":"84","nom":"Vaucluse"},"region":{"code":"93","nom":"Provence-Alpes-Côte d'Azur"}},{"nom":"Sorgues","code":"84129","codesPostaux":["84700"],"centre":{"type":"Point","coordinates":[4.8555,44.016]},"surface":3355.38,"population":19006,"departement":{"code":"84","nom":"Vaucluse"},"region":{"code":"93","nom":"Provence-Alpes-Côte d'Azur"}},{"nom":"Suzette","code":"84130","codesPostaux":["84190"],"centre":{"type":"Point","coordinates":[5.0563,44.1728]},"surface":678.73,"population":112,"departement":{"code":"84","nom":"Vaucluse"},"region":{"code":"93","nom":"Provence-Alpes-Côte d'Azur"}},{"nom":"Taillades","code":"84131","codesPostaux":["84300"],"centre":{"type":"Point","coordinates":[5.0965,43.8312]},"surface":689.6,"population":2040,"departement":{"code":"84","nom":"Vaucluse"},"region":{"code":"93","nom":"Provence-Alpes-Côte d'Azur"}},{"nom":"Le Thor","code":"84132","codesPostaux":["84250"],"centre":{"type":"Point","coordinates":[4.9939,43.9236]},"surface":3549.93,"population":8882,"departement":{"code":"84","nom":"Vaucluse"},"region":{"code":"93","nom":"Provence-Alpes-Côte d'Azur"}},{"nom":"La Tour-d'Aigues","code":"84133","codesPostaux":["84240"],"centre":{"type":"Point","coordinates":[5.5682,43.7128]},"surface":4128.81,"population":4405,"departement":{"code":"84","nom":"Vaucluse"},"region":{"code":"93","nom":"Provence-Alpes-Côte d'Azur"}},{"nom":"Travaillan","code":"84134","codesPostaux":["84850"],"centre":{"type":"Point","coordinates":[4.9055,44.1912]},"surface":1788.87,"population":708,"departement":{"code":"84","nom":"Vaucluse"},"region":{"code":"93","nom":"Provence-Alpes-Côte d'Azur"}},{"nom":"Uchaux","code":"84135","codesPostaux":["84100"],"centre":{"type":"Point","coordinates":[4.7983,44.2096]},"surface":1876.68,"population":1699,"departement":{"code":"84","nom":"Vaucluse"},"region":{"code":"93","nom":"Provence-Alpes-Côte d'Azur"}},{"nom":"Vacqueyras","code":"84136","codesPostaux":["84190"],"centre":{"type":"Point","coordinates":[4.9764,44.1444]},"surface":899.84,"population":1179,"departement":{"code":"84","nom":"Vaucluse"},"region":{"code":"93","nom":"Provence-Alpes-Côte d'Azur"}},{"nom":"Vaison-la-Romaine","code":"84137","codesPostaux":["84110"],"centre":{"type":"Point","coordinates":[5.0586,44.2395]},"surface":2717.93,"population":6058,"departement":{"code":"84","nom":"Vaucluse"},"region":{"code":"93","nom":"Provence-Alpes-Côte d'Azur"}},{"nom":"Valréas","code":"84138","codesPostaux":["84600"],"centre":{"type":"Point","coordinates":[4.9973,44.379]},"surface":5867.21,"population":9224,"departement":{"code":"84","nom":"Vaucluse"},"region":{"code":"93","nom":"Provence-Alpes-Côte d'Azur"}},{"nom":"Fontaine-de-Vaucluse","code":"84139","codesPostaux":["84800"],"centre":{"type":"Point","coordinates":[5.1307,43.9244]},"surface":717.37,"population":585,"departement":{"code":"84","nom":"Vaucluse"},"region":{"code":"93","nom":"Provence-Alpes-Côte d'Azur"}},{"nom":"Vaugines","code":"84140","codesPostaux":["84160"],"centre":{"type":"Point","coordinates":[5.4081,43.7738]},"surface":1553.91,"population":553,"departement":{"code":"84","nom":"Vaucluse"},"region":{"code":"93","nom":"Provence-Alpes-Côte d'Azur"}},{"nom":"Vedène","code":"84141","codesPostaux":["84270"],"centre":{"type":"Point","coordinates":[4.9055,43.9736]},"surface":1136.69,"population":11974,"departement":{"code":"84","nom":"Vaucluse"},"region":{"code":"93","nom":"Provence-Alpes-Côte d'Azur"}},{"nom":"Velleron","code":"84142","codesPostaux":["84740"],"centre":{"type":"Point","coordinates":[5.0145,43.9604]},"surface":1643.14,"population":3168,"departement":{"code":"84","nom":"Vaucluse"},"region":{"code":"93","nom":"Provence-Alpes-Côte d'Azur"}},{"nom":"Venasque","code":"84143","codesPostaux":["84210"],"centre":{"type":"Point","coordinates":[5.1684,43.9866]},"surface":3507.05,"population":1082,"departement":{"code":"84","nom":"Vaucluse"},"region":{"code":"93","nom":"Provence-Alpes-Côte d'Azur"}},{"nom":"Viens","code":"84144","codesPostaux":["84750"],"centre":{"type":"Point","coordinates":[5.5595,43.9]},"surface":3515.76,"population":626,"departement":{"code":"84","nom":"Vaucluse"},"region":{"code":"93","nom":"Provence-Alpes-Côte d'Azur"}},{"nom":"Villars","code":"84145","codesPostaux":["84400"],"centre":{"type":"Point","coordinates":[5.434,43.9573]},"surface":3029.1,"population":783,"departement":{"code":"84","nom":"Vaucluse"},"region":{"code":"93","nom":"Provence-Alpes-Côte d'Azur"}},{"nom":"Villedieu","code":"84146","codesPostaux":["84110"],"centre":{"type":"Point","coordinates":[5.0468,44.2899]},"surface":1156.43,"population":507,"departement":{"code":"84","nom":"Vaucluse"},"region":{"code":"93","nom":"Provence-Alpes-Côte d'Azur"}},{"nom":"Villelaure","code":"84147","codesPostaux":["84530"],"centre":{"type":"Point","coordinates":[5.4266,43.7066]},"surface":1810.15,"population":3398,"departement":{"code":"84","nom":"Vaucluse"},"region":{"code":"93","nom":"Provence-Alpes-Côte d'Azur"}},{"nom":"Villes-sur-Auzon","code":"84148","codesPostaux":["84570"],"centre":{"type":"Point","coordinates":[5.2572,44.0658]},"surface":2719.43,"population":1306,"departement":{"code":"84","nom":"Vaucluse"},"region":{"code":"93","nom":"Provence-Alpes-Côte d'Azur"}},{"nom":"Violès","code":"84149","codesPostaux":["84150"],"centre":{"type":"Point","coordinates":[4.9511,44.1764]},"surface":1462.58,"population":1762,"departement":{"code":"84","nom":"Vaucluse"},"region":{"code":"93","nom":"Provence-Alpes-Côte d'Azur"}},{"nom":"Visan","code":"84150","codesPostaux":["84820"],"centre":{"type":"Point","coordinates":[4.9477,44.3288]},"surface":4219.01,"population":1857,"departement":{"code":"84","nom":"Vaucluse"},"region":{"code":"93","nom":"Provence-Alpes-Côte d'Azur"}},{"nom":"Vitrolles-en-Lubéron","code":"84151","codesPostaux":["84240"],"centre":{"type":"Point","coordinates":[5.5985,43.8068]},"surface":1609.37,"population":217,"departement":{"code":"84","nom":"Vaucluse"},"region":{"code":"93","nom":"Provence-Alpes-Côte d'Azur"}}]