[{"nom":"Aigurande","code":"36001","codesPostaux":["36140"],"centre":{"type":"Point","coordinates":[1.8489,46.4572]},"surface":2799.59,"population":1321,"departement":{"code":"36","nom":"Indre"},"region":{"code":"24","nom":"Centre-Val de Loire"}},{"nom":"Aize","code":"36002","codesPostaux":["36150"],"centre":{"type":"Point","coordinates":[1.7061,47.1048]},"surface":1712.21,"population":114,"departement":{"code":"36","nom":"Indre"},"region":{"code":"24","nom":"Centre-Val de Loire"}},{"nom":"Ambrault","code":"36003","codesPostaux":["36120"],"centre":{"type":"Point","coordinates":[1.9496,46.786]},"surface":2556.37,"population":884,"departement":{"code":"36","nom":"Indre"},"region":{"code":"24","nom":"Centre-Val de Loire"}},{"nom":"Anjouin","code":"36004","codesPostaux":["36210"],"centre":{"type":"Point","coordinates":[1.8077,47.202]},"surface":2883.76,"population":313,"departement":{"code":"36","nom":"Indre"},"region":{"code":"24","nom":"Centre-Val de Loire"}},{"nom":"Ardentes","code":"36005","codesPostaux":["36120"],"centre":{"type":"Point","coordinates":[1.8151,46.7373]},"surface":6268.36,"population":3715,"departement":{"code":"36","nom":"Indre"},"region":{"code":"24","nom":"Centre-Val de Loire"}},{"nom":"Argenton-sur-Creuse","code":"36006","codesPostaux":["36200"],"centre":{"type":"Point","coordinates":[1.494,46.5752]},"surface":2935.48,"population":4786,"departement":{"code":"36","nom":"Indre"},"region":{"code":"24","nom":"Centre-Val de Loire"}},{"nom":"Argy","code":"36007","codesPostaux":["36500"],"centre":{"type":"Point","coordinates":[1.4632,46.9408]},"surface":3922.47,"population":559,"departement":{"code":"36","nom":"Indre"},"region":{"code":"24","nom":"Centre-Val de Loire"}},{"nom":"Arpheuilles","code":"36008","codesPostaux":["36700"],"centre":{"type":"Point","coordinates":[1.2754,46.9021]},"surface":2238.88,"population":240,"departement":{"code":"36","nom":"Indre"},"region":{"code":"24","nom":"Centre-Val de Loire"}},{"nom":"Arthon","code":"36009","codesPostaux":["36330"],"centre":{"type":"Point","coordinates":[1.7156,46.695]},"surface":4759.57,"population":1215,"departement":{"code":"36","nom":"Indre"},"region":{"code":"24","nom":"Centre-Val de Loire"}},{"nom":"Azay-le-Ferron","code":"36010","codesPostaux":["36290"],"centre":{"type":"Point","coordinates":[1.0829,46.8485]},"surface":6097.51,"population":817,"departement":{"code":"36","nom":"Indre"},"region":{"code":"24","nom":"Centre-Val de Loire"}},{"nom":"Bagneux","code":"36011","codesPostaux":["36210"],"centre":{"type":"Point","coordinates":[1.7588,47.1704]},"surface":2529.15,"population":172,"departement":{"code":"36","nom":"Indre"},"region":{"code":"24","nom":"Centre-Val de Loire"}},{"nom":"Baraize","code":"36012","codesPostaux":["36270"],"centre":{"type":"Point","coordinates":[1.5719,46.4857]},"surface":1645.78,"population":352,"departement":{"code":"36","nom":"Indre"},"region":{"code":"24","nom":"Centre-Val de Loire"}},{"nom":"Baudres","code":"36013","codesPostaux":["36110"],"centre":{"type":"Point","coordinates":[1.5727,47.0559]},"surface":2762.25,"population":397,"departement":{"code":"36","nom":"Indre"},"region":{"code":"24","nom":"Centre-Val de Loire"}},{"nom":"Bazaiges","code":"36014","codesPostaux":["36270"],"centre":{"type":"Point","coordinates":[1.5264,46.487]},"surface":1869.56,"population":229,"departement":{"code":"36","nom":"Indre"},"region":{"code":"24","nom":"Centre-Val de Loire"}},{"nom":"Beaulieu","code":"36015","codesPostaux":["36310"],"centre":{"type":"Point","coordinates":[1.298,46.3882]},"surface":757.76,"population":51,"departement":{"code":"36","nom":"Indre"},"region":{"code":"24","nom":"Centre-Val de Loire"}},{"nom":"Bélâbre","code":"36016","codesPostaux":["36370"],"centre":{"type":"Point","coordinates":[1.1757,46.5501]},"surface":4066.33,"population":923,"departement":{"code":"36","nom":"Indre"},"region":{"code":"24","nom":"Centre-Val de Loire"}},{"nom":"La Berthenoux","code":"36017","codesPostaux":["36400"],"centre":{"type":"Point","coordinates":[2.0531,46.7001]},"surface":4010.54,"population":361,"departement":{"code":"36","nom":"Indre"},"region":{"code":"24","nom":"Centre-Val de Loire"}},{"nom":"Le Blanc","code":"36018","codesPostaux":["36300"],"centre":{"type":"Point","coordinates":[1.0955,46.6351]},"surface":5746.07,"population":6164,"departement":{"code":"36","nom":"Indre"},"region":{"code":"24","nom":"Centre-Val de Loire"}},{"nom":"Bommiers","code":"36019","codesPostaux":["36120"],"centre":{"type":"Point","coordinates":[2.0013,46.7765]},"surface":2855.55,"population":321,"departement":{"code":"36","nom":"Indre"},"region":{"code":"24","nom":"Centre-Val de Loire"}},{"nom":"Bonneuil","code":"36020","codesPostaux":["36310"],"centre":{"type":"Point","coordinates":[1.2456,46.3829]},"surface":1166.28,"population":74,"departement":{"code":"36","nom":"Indre"},"region":{"code":"24","nom":"Centre-Val de Loire"}},{"nom":"Les Bordes","code":"36021","codesPostaux":["36100"],"centre":{"type":"Point","coordinates":[1.9692,46.9896]},"surface":1616,"population":792,"departement":{"code":"36","nom":"Indre"},"region":{"code":"24","nom":"Centre-Val de Loire"}},{"nom":"Bouesse","code":"36022","codesPostaux":["36200"],"centre":{"type":"Point","coordinates":[1.6886,46.6224]},"surface":2438,"population":381,"departement":{"code":"36","nom":"Indre"},"region":{"code":"24","nom":"Centre-Val de Loire"}},{"nom":"Bouges-le-Château","code":"36023","codesPostaux":["36110"],"centre":{"type":"Point","coordinates":[1.6686,47.032]},"surface":3490.32,"population":261,"departement":{"code":"36","nom":"Indre"},"region":{"code":"24","nom":"Centre-Val de Loire"}},{"nom":"Bretagne","code":"36024","codesPostaux":["36110"],"centre":{"type":"Point","coordinates":[1.6989,46.9995]},"surface":1838.92,"population":125,"departement":{"code":"36","nom":"Indre"},"region":{"code":"24","nom":"Centre-Val de Loire"}},{"nom":"Briantes","code":"36025","codesPostaux":["36400"],"centre":{"type":"Point","coordinates":[2.0274,46.5511]},"surface":2330.17,"population":589,"departement":{"code":"36","nom":"Indre"},"region":{"code":"24","nom":"Centre-Val de Loire"}},{"nom":"Brion","code":"36026","codesPostaux":["36110"],"centre":{"type":"Point","coordinates":[1.7253,46.9473]},"surface":4433.13,"population":582,"departement":{"code":"36","nom":"Indre"},"region":{"code":"24","nom":"Centre-Val de Loire"}},{"nom":"Brives","code":"36027","codesPostaux":["36100"],"centre":{"type":"Point","coordinates":[1.92,46.8564]},"surface":1980.81,"population":237,"departement":{"code":"36","nom":"Indre"},"region":{"code":"24","nom":"Centre-Val de Loire"}},{"nom":"La Buxerette","code":"36028","codesPostaux":["36140"],"centre":{"type":"Point","coordinates":[1.7994,46.4943]},"surface":1106.84,"population":103,"departement":{"code":"36","nom":"Indre"},"region":{"code":"24","nom":"Centre-Val de Loire"}},{"nom":"Buxeuil","code":"36029","codesPostaux":["36150"],"centre":{"type":"Point","coordinates":[1.6973,47.1273]},"surface":1978.71,"population":214,"departement":{"code":"36","nom":"Indre"},"region":{"code":"24","nom":"Centre-Val de Loire"}},{"nom":"Buxières-d'Aillac","code":"36030","codesPostaux":["36230"],"centre":{"type":"Point","coordinates":[1.7512,46.6377]},"surface":2611.61,"population":238,"departement":{"code":"36","nom":"Indre"},"region":{"code":"24","nom":"Centre-Val de Loire"}},{"nom":"Buzançais","code":"36031","codesPostaux":["36500"],"centre":{"type":"Point","coordinates":[1.421,46.8833]},"surface":5858.96,"population":4356,"departement":{"code":"36","nom":"Indre"},"region":{"code":"24","nom":"Centre-Val de Loire"}},{"nom":"Ceaulmont","code":"36032","codesPostaux":["36200"],"centre":{"type":"Point","coordinates":[1.5592,46.531]},"surface":1761.01,"population":670,"departement":{"code":"36","nom":"Indre"},"region":{"code":"24","nom":"Centre-Val de Loire"}},{"nom":"Celon","code":"36033","codesPostaux":["36200"],"centre":{"type":"Point","coordinates":[1.5125,46.5315]},"surface":1725.05,"population":387,"departement":{"code":"36","nom":"Indre"},"region":{"code":"24","nom":"Centre-Val de Loire"}},{"nom":"Chabris","code":"36034","codesPostaux":["36210"],"centre":{"type":"Point","coordinates":[1.6672,47.253]},"surface":4126.88,"population":2740,"departement":{"code":"36","nom":"Indre"},"region":{"code":"24","nom":"Centre-Val de Loire"}},{"nom":"Chaillac","code":"36035","codesPostaux":["36310"],"centre":{"type":"Point","coordinates":[1.2879,46.427]},"surface":6108.79,"population":1021,"departement":{"code":"36","nom":"Indre"},"region":{"code":"24","nom":"Centre-Val de Loire"}},{"nom":"Chalais","code":"36036","codesPostaux":["36370"],"centre":{"type":"Point","coordinates":[1.2259,46.5389]},"surface":4022,"population":152,"departement":{"code":"36","nom":"Indre"},"region":{"code":"24","nom":"Centre-Val de Loire"}},{"nom":"La Champenoise","code":"36037","codesPostaux":["36100"],"centre":{"type":"Point","coordinates":[1.799,46.9485]},"surface":4466.55,"population":310,"departement":{"code":"36","nom":"Indre"},"region":{"code":"24","nom":"Centre-Val de Loire"}},{"nom":"Champillet","code":"36038","codesPostaux":["36160"],"centre":{"type":"Point","coordinates":[2.1096,46.5474]},"surface":696.07,"population":136,"departement":{"code":"36","nom":"Indre"},"region":{"code":"24","nom":"Centre-Val de Loire"}},{"nom":"La Chapelle-Orthemale","code":"36040","codesPostaux":["36500"],"centre":{"type":"Point","coordinates":[1.4506,46.8328]},"surface":1689.35,"population":100,"departement":{"code":"36","nom":"Indre"},"region":{"code":"24","nom":"Centre-Val de Loire"}},{"nom":"La Chapelle-Saint-Laurian","code":"36041","codesPostaux":["36150"],"centre":{"type":"Point","coordinates":[1.7853,47.052]},"surface":992.76,"population":135,"departement":{"code":"36","nom":"Indre"},"region":{"code":"24","nom":"Centre-Val de Loire"}},{"nom":"Chasseneuil","code":"36042","codesPostaux":["36800"],"centre":{"type":"Point","coordinates":[1.4906,46.6578]},"surface":2991.45,"population":714,"departement":{"code":"36","nom":"Indre"},"region":{"code":"24","nom":"Centre-Val de Loire"}},{"nom":"Chassignolles","code":"36043","codesPostaux":["36400"],"centre":{"type":"Point","coordinates":[1.9378,46.533]},"surface":3026.85,"population":529,"departement":{"code":"36","nom":"Indre"},"region":{"code":"24","nom":"Centre-Val de Loire"}},{"nom":"Châteauroux","code":"36044","codesPostaux":["36000"],"centre":{"type":"Point","coordinates":[1.6903,46.8023]},"surface":2556.15,"population":42963,"departement":{"code":"36","nom":"Indre"},"region":{"code":"24","nom":"Centre-Val de Loire"}},{"nom":"Châtillon-sur-Indre","code":"36045","codesPostaux":["36700"],"centre":{"type":"Point","coordinates":[1.1728,46.993]},"surface":4530.83,"population":2293,"departement":{"code":"36","nom":"Indre"},"region":{"code":"24","nom":"Centre-Val de Loire"}},{"nom":"La Châtre","code":"36046","codesPostaux":["36400"],"centre":{"type":"Point","coordinates":[1.9928,46.5709]},"surface":607.87,"population":4037,"departement":{"code":"36","nom":"Indre"},"region":{"code":"24","nom":"Centre-Val de Loire"}},{"nom":"La Châtre-Langlin","code":"36047","codesPostaux":["36170"],"centre":{"type":"Point","coordinates":[1.3899,46.407]},"surface":2769.52,"population":509,"departement":{"code":"36","nom":"Indre"},"region":{"code":"24","nom":"Centre-Val de Loire"}},{"nom":"Chavin","code":"36048","codesPostaux":["36200"],"centre":{"type":"Point","coordinates":[1.6109,46.565]},"surface":1400.53,"population":270,"departement":{"code":"36","nom":"Indre"},"region":{"code":"24","nom":"Centre-Val de Loire"}},{"nom":"Chazelet","code":"36049","codesPostaux":["36170"],"centre":{"type":"Point","coordinates":[1.4315,46.5107]},"surface":1196.6,"population":124,"departement":{"code":"36","nom":"Indre"},"region":{"code":"24","nom":"Centre-Val de Loire"}},{"nom":"Chezelles","code":"36050","codesPostaux":["36500"],"centre":{"type":"Point","coordinates":[1.5665,46.8984]},"surface":1774.45,"population":452,"departement":{"code":"36","nom":"Indre"},"region":{"code":"24","nom":"Centre-Val de Loire"}},{"nom":"Chitray","code":"36051","codesPostaux":["36800"],"centre":{"type":"Point","coordinates":[1.3577,46.6608]},"surface":2003.99,"population":172,"departement":{"code":"36","nom":"Indre"},"region":{"code":"24","nom":"Centre-Val de Loire"}},{"nom":"Chouday","code":"36052","codesPostaux":["36100"],"centre":{"type":"Point","coordinates":[2.0583,46.9203]},"surface":3030.05,"population":140,"departement":{"code":"36","nom":"Indre"},"region":{"code":"24","nom":"Centre-Val de Loire"}},{"nom":"Ciron","code":"36053","codesPostaux":["36300"],"centre":{"type":"Point","coordinates":[1.2721,46.6252]},"surface":6070.54,"population":520,"departement":{"code":"36","nom":"Indre"},"region":{"code":"24","nom":"Centre-Val de Loire"}},{"nom":"Cléré-du-Bois","code":"36054","codesPostaux":["36700"],"centre":{"type":"Point","coordinates":[1.0981,46.9386]},"surface":3615.81,"population":239,"departement":{"code":"36","nom":"Indre"},"region":{"code":"24","nom":"Centre-Val de Loire"}},{"nom":"Clion","code":"36055","codesPostaux":["36700"],"centre":{"type":"Point","coordinates":[1.2293,46.9412]},"surface":3365.32,"population":1015,"departement":{"code":"36","nom":"Indre"},"region":{"code":"24","nom":"Centre-Val de Loire"}},{"nom":"Cluis","code":"36056","codesPostaux":["36340"],"centre":{"type":"Point","coordinates":[1.743,46.5372]},"surface":3593.68,"population":969,"departement":{"code":"36","nom":"Indre"},"region":{"code":"24","nom":"Centre-Val de Loire"}},{"nom":"Coings","code":"36057","codesPostaux":["36130"],"centre":{"type":"Point","coordinates":[1.722,46.8811]},"surface":2955.46,"population":915,"departement":{"code":"36","nom":"Indre"},"region":{"code":"24","nom":"Centre-Val de Loire"}},{"nom":"Concremiers","code":"36058","codesPostaux":["36300"],"centre":{"type":"Point","coordinates":[1.0194,46.5934]},"surface":2810.23,"population":590,"departement":{"code":"36","nom":"Indre"},"region":{"code":"24","nom":"Centre-Val de Loire"}},{"nom":"Condé","code":"36059","codesPostaux":["36100"],"centre":{"type":"Point","coordinates":[1.9817,46.8809]},"surface":2406.53,"population":226,"departement":{"code":"36","nom":"Indre"},"region":{"code":"24","nom":"Centre-Val de Loire"}},{"nom":"Crevant","code":"36060","codesPostaux":["36140"],"centre":{"type":"Point","coordinates":[1.9414,46.4719]},"surface":3696.39,"population":705,"departement":{"code":"36","nom":"Indre"},"region":{"code":"24","nom":"Centre-Val de Loire"}},{"nom":"Crozon-sur-Vauvre","code":"36061","codesPostaux":["36140"],"centre":{"type":"Point","coordinates":[1.8734,46.4805]},"surface":2796.84,"population":335,"departement":{"code":"36","nom":"Indre"},"region":{"code":"24","nom":"Centre-Val de Loire"}},{"nom":"Cuzion","code":"36062","codesPostaux":["36190"],"centre":{"type":"Point","coordinates":[1.6121,46.4652]},"surface":1883.8,"population":476,"departement":{"code":"36","nom":"Indre"},"region":{"code":"24","nom":"Centre-Val de Loire"}},{"nom":"Déols","code":"36063","codesPostaux":["36130"],"centre":{"type":"Point","coordinates":[1.7018,46.8397]},"surface":3182.7,"population":7600,"departement":{"code":"36","nom":"Indre"},"region":{"code":"24","nom":"Centre-Val de Loire"}},{"nom":"Diors","code":"36064","codesPostaux":["36130"],"centre":{"type":"Point","coordinates":[1.8118,46.8283]},"surface":2559.63,"population":756,"departement":{"code":"36","nom":"Indre"},"region":{"code":"24","nom":"Centre-Val de Loire"}},{"nom":"Diou","code":"36065","codesPostaux":["36260"],"centre":{"type":"Point","coordinates":[2.0013,47.0442]},"surface":1667.16,"population":256,"departement":{"code":"36","nom":"Indre"},"region":{"code":"24","nom":"Centre-Val de Loire"}},{"nom":"Douadic","code":"36066","codesPostaux":["36300"],"centre":{"type":"Point","coordinates":[1.1143,46.7014]},"surface":4430.56,"population":478,"departement":{"code":"36","nom":"Indre"},"region":{"code":"24","nom":"Centre-Val de Loire"}},{"nom":"Dunet","code":"36067","codesPostaux":["36310"],"centre":{"type":"Point","coordinates":[1.2882,46.472]},"surface":941.85,"population":103,"departement":{"code":"36","nom":"Indre"},"region":{"code":"24","nom":"Centre-Val de Loire"}},{"nom":"Dun-le-Poëlier","code":"36068","codesPostaux":["36210"],"centre":{"type":"Point","coordinates":[1.7479,47.2197]},"surface":2258.14,"population":445,"departement":{"code":"36","nom":"Indre"},"region":{"code":"24","nom":"Centre-Val de Loire"}},{"nom":"Écueillé","code":"36069","codesPostaux":["36240"],"centre":{"type":"Point","coordinates":[1.3605,47.0802]},"surface":3538.41,"population":1188,"departement":{"code":"36","nom":"Indre"},"region":{"code":"24","nom":"Centre-Val de Loire"}},{"nom":"Éguzon-Chantôme","code":"36070","codesPostaux":["36270"],"centre":{"type":"Point","coordinates":[1.5675,46.4286]},"surface":3637.44,"population":1301,"departement":{"code":"36","nom":"Indre"},"region":{"code":"24","nom":"Centre-Val de Loire"}},{"nom":"Étrechet","code":"36071","codesPostaux":["36120"],"centre":{"type":"Point","coordinates":[1.7799,46.789]},"surface":1824.04,"population":998,"departement":{"code":"36","nom":"Indre"},"region":{"code":"24","nom":"Centre-Val de Loire"}},{"nom":"Feusines","code":"36073","codesPostaux":["36160"],"centre":{"type":"Point","coordinates":[2.0987,46.5103]},"surface":1255.74,"population":205,"departement":{"code":"36","nom":"Indre"},"region":{"code":"24","nom":"Centre-Val de Loire"}},{"nom":"Fléré-la-Rivière","code":"36074","codesPostaux":["36700"],"centre":{"type":"Point","coordinates":[1.0933,46.9982]},"surface":2524.2,"population":560,"departement":{"code":"36","nom":"Indre"},"region":{"code":"24","nom":"Centre-Val de Loire"}},{"nom":"Fontenay","code":"36075","codesPostaux":["36150"],"centre":{"type":"Point","coordinates":[1.739,47.0557]},"surface":1245.16,"population":71,"departement":{"code":"36","nom":"Indre"},"region":{"code":"24","nom":"Centre-Val de Loire"}},{"nom":"Fontgombault","code":"36076","codesPostaux":["36220"],"centre":{"type":"Point","coordinates":[0.9748,46.6717]},"surface":1049.55,"population":268,"departement":{"code":"36","nom":"Indre"},"region":{"code":"24","nom":"Centre-Val de Loire"}},{"nom":"Fontguenand","code":"36077","codesPostaux":["36600"],"centre":{"type":"Point","coordinates":[1.5381,47.2044]},"surface":1827.91,"population":248,"departement":{"code":"36","nom":"Indre"},"region":{"code":"24","nom":"Centre-Val de Loire"}},{"nom":"Fougerolles","code":"36078","codesPostaux":["36230"],"centre":{"type":"Point","coordinates":[1.8729,46.572]},"surface":1746.48,"population":349,"departement":{"code":"36","nom":"Indre"},"region":{"code":"24","nom":"Centre-Val de Loire"}},{"nom":"Francillon","code":"36079","codesPostaux":["36110"],"centre":{"type":"Point","coordinates":[1.5581,46.9451]},"surface":1028.67,"population":75,"departement":{"code":"36","nom":"Indre"},"region":{"code":"24","nom":"Centre-Val de Loire"}},{"nom":"Frédille","code":"36080","codesPostaux":["36180"],"centre":{"type":"Point","coordinates":[1.476,47.0025]},"surface":641.27,"population":77,"departement":{"code":"36","nom":"Indre"},"region":{"code":"24","nom":"Centre-Val de Loire"}},{"nom":"Gargilesse-Dampierre","code":"36081","codesPostaux":["36190"],"centre":{"type":"Point","coordinates":[1.619,46.5053]},"surface":1555.15,"population":262,"departement":{"code":"36","nom":"Indre"},"region":{"code":"24","nom":"Centre-Val de Loire"}},{"nom":"Gehée","code":"36082","codesPostaux":["36240"],"centre":{"type":"Point","coordinates":[1.495,47.0381]},"surface":2276.21,"population":253,"departement":{"code":"36","nom":"Indre"},"region":{"code":"24","nom":"Centre-Val de Loire"}},{"nom":"Giroux","code":"36083","codesPostaux":["36150"],"centre":{"type":"Point","coordinates":[1.9111,47.0663]},"surface":2363.79,"population":121,"departement":{"code":"36","nom":"Indre"},"region":{"code":"24","nom":"Centre-Val de Loire"}},{"nom":"Gournay","code":"36084","codesPostaux":["36230"],"centre":{"type":"Point","coordinates":[1.7361,46.5976]},"surface":2052.51,"population":278,"departement":{"code":"36","nom":"Indre"},"region":{"code":"24","nom":"Centre-Val de Loire"}},{"nom":"Guilly","code":"36085","codesPostaux":["36150"],"centre":{"type":"Point","coordinates":[1.7346,47.0909]},"surface":2087.95,"population":234,"departement":{"code":"36","nom":"Indre"},"region":{"code":"24","nom":"Centre-Val de Loire"}},{"nom":"Heugnes","code":"36086","codesPostaux":["36180"],"centre":{"type":"Point","coordinates":[1.3875,47.0283]},"surface":4270.88,"population":380,"departement":{"code":"36","nom":"Indre"},"region":{"code":"24","nom":"Centre-Val de Loire"}},{"nom":"Ingrandes","code":"36087","codesPostaux":["36300"],"centre":{"type":"Point","coordinates":[0.9626,46.5952]},"surface":1119.55,"population":294,"departement":{"code":"36","nom":"Indre"},"region":{"code":"24","nom":"Centre-Val de Loire"}},{"nom":"Issoudun","code":"36088","codesPostaux":["36100"],"centre":{"type":"Point","coordinates":[2.0077,46.9447]},"surface":3715.41,"population":11159,"departement":{"code":"36","nom":"Indre"},"region":{"code":"24","nom":"Centre-Val de Loire"}},{"nom":"Jeu-les-Bois","code":"36089","codesPostaux":["36120"],"centre":{"type":"Point","coordinates":[1.7931,46.6811]},"surface":3886.71,"population":404,"departement":{"code":"36","nom":"Indre"},"region":{"code":"24","nom":"Centre-Val de Loire"}},{"nom":"Jeu-Maloches","code":"36090","codesPostaux":["36240"],"centre":{"type":"Point","coordinates":[1.4404,47.0465]},"surface":1289.82,"population":116,"departement":{"code":"36","nom":"Indre"},"region":{"code":"24","nom":"Centre-Val de Loire"}},{"nom":"Lacs","code":"36091","codesPostaux":["36400"],"centre":{"type":"Point","coordinates":[2.0347,46.5923]},"surface":1354.19,"population":653,"departement":{"code":"36","nom":"Indre"},"region":{"code":"24","nom":"Centre-Val de Loire"}},{"nom":"Langé","code":"36092","codesPostaux":["36600"],"centre":{"type":"Point","coordinates":[1.5033,47.0747]},"surface":2061.09,"population":253,"departement":{"code":"36","nom":"Indre"},"region":{"code":"24","nom":"Centre-Val de Loire"}},{"nom":"Levroux","code":"36093","codesPostaux":["36110"],"centre":{"type":"Point","coordinates":[1.5919,46.9744]},"surface":8258.74,"population":2797,"departement":{"code":"36","nom":"Indre"},"region":{"code":"24","nom":"Centre-Val de Loire"}},{"nom":"Lignac","code":"36094","codesPostaux":["36370"],"centre":{"type":"Point","coordinates":[1.204,46.4763]},"surface":6787.18,"population":457,"departement":{"code":"36","nom":"Indre"},"region":{"code":"24","nom":"Centre-Val de Loire"}},{"nom":"Lignerolles","code":"36095","codesPostaux":["36160"],"centre":{"type":"Point","coordinates":[2.1653,46.4994]},"surface":1307.79,"population":117,"departement":{"code":"36","nom":"Indre"},"region":{"code":"24","nom":"Centre-Val de Loire"}},{"nom":"Lingé","code":"36096","codesPostaux":["36220"],"centre":{"type":"Point","coordinates":[1.1217,46.7584]},"surface":3792.1,"population":201,"departement":{"code":"36","nom":"Indre"},"region":{"code":"24","nom":"Centre-Val de Loire"}},{"nom":"Liniez","code":"36097","codesPostaux":["36150"],"centre":{"type":"Point","coordinates":[1.7591,47.0152]},"surface":2705.72,"population":328,"departement":{"code":"36","nom":"Indre"},"region":{"code":"24","nom":"Centre-Val de Loire"}},{"nom":"Lizeray","code":"36098","codesPostaux":["36100"],"centre":{"type":"Point","coordinates":[1.8997,46.9814]},"surface":3575.17,"population":81,"departement":{"code":"36","nom":"Indre"},"region":{"code":"24","nom":"Centre-Val de Loire"}},{"nom":"Lourdoueix-Saint-Michel","code":"36099","codesPostaux":["36140"],"centre":{"type":"Point","coordinates":[1.7219,46.418]},"surface":1985.75,"population":295,"departement":{"code":"36","nom":"Indre"},"region":{"code":"24","nom":"Centre-Val de Loire"}},{"nom":"Lourouer-Saint-Laurent","code":"36100","codesPostaux":["36400"],"centre":{"type":"Point","coordinates":[2.0211,46.6176]},"surface":1127.5,"population":245,"departement":{"code":"36","nom":"Indre"},"region":{"code":"24","nom":"Centre-Val de Loire"}},{"nom":"Luant","code":"36101","codesPostaux":["36350"],"centre":{"type":"Point","coordinates":[1.5653,46.7246]},"surface":3137.03,"population":1604,"departement":{"code":"36","nom":"Indre"},"region":{"code":"24","nom":"Centre-Val de Loire"}},{"nom":"Luçay-le-Libre","code":"36102","codesPostaux":["36150"],"centre":{"type":"Point","coordinates":[1.9147,47.0938]},"surface":1212.09,"population":105,"departement":{"code":"36","nom":"Indre"},"region":{"code":"24","nom":"Centre-Val de Loire"}},{"nom":"Luçay-le-Mâle","code":"36103","codesPostaux":["36360"],"centre":{"type":"Point","coordinates":[1.4211,47.1175]},"surface":6790.97,"population":1324,"departement":{"code":"36","nom":"Indre"},"region":{"code":"24","nom":"Centre-Val de Loire"}},{"nom":"Lurais","code":"36104","codesPostaux":["36220"],"centre":{"type":"Point","coordinates":[0.9371,46.6898]},"surface":1364.73,"population":226,"departement":{"code":"36","nom":"Indre"},"region":{"code":"24","nom":"Centre-Val de Loire"}},{"nom":"Lureuil","code":"36105","codesPostaux":["36220"],"centre":{"type":"Point","coordinates":[1.0407,46.745]},"surface":2217.84,"population":274,"departement":{"code":"36","nom":"Indre"},"region":{"code":"24","nom":"Centre-Val de Loire"}},{"nom":"Luzeret","code":"36106","codesPostaux":["36800"],"centre":{"type":"Point","coordinates":[1.3894,46.5487]},"surface":2703.26,"population":155,"departement":{"code":"36","nom":"Indre"},"region":{"code":"24","nom":"Centre-Val de Loire"}},{"nom":"Lye","code":"36107","codesPostaux":["36600"],"centre":{"type":"Point","coordinates":[1.4684,47.2198]},"surface":2524.8,"population":758,"departement":{"code":"36","nom":"Indre"},"region":{"code":"24","nom":"Centre-Val de Loire"}},{"nom":"Lys-Saint-Georges","code":"36108","codesPostaux":["36230"],"centre":{"type":"Point","coordinates":[1.8152,46.6463]},"surface":1304.37,"population":198,"departement":{"code":"36","nom":"Indre"},"region":{"code":"24","nom":"Centre-Val de Loire"}},{"nom":"Le Magny","code":"36109","codesPostaux":["36400"],"centre":{"type":"Point","coordinates":[1.955,46.5566]},"surface":1795.68,"population":1003,"departement":{"code":"36","nom":"Indre"},"region":{"code":"24","nom":"Centre-Val de Loire"}},{"nom":"Maillet","code":"36110","codesPostaux":["36340"],"centre":{"type":"Point","coordinates":[1.6741,46.5797]},"surface":2541.33,"population":224,"departement":{"code":"36","nom":"Indre"},"region":{"code":"24","nom":"Centre-Val de Loire"}},{"nom":"Malicornay","code":"36111","codesPostaux":["36340"],"centre":{"type":"Point","coordinates":[1.6462,46.5708]},"surface":1657.92,"population":187,"departement":{"code":"36","nom":"Indre"},"region":{"code":"24","nom":"Centre-Val de Loire"}},{"nom":"Mâron","code":"36112","codesPostaux":["36120"],"centre":{"type":"Point","coordinates":[1.8655,46.7992]},"surface":2819.53,"population":735,"departement":{"code":"36","nom":"Indre"},"region":{"code":"24","nom":"Centre-Val de Loire"}},{"nom":"Martizay","code":"36113","codesPostaux":["36220"],"centre":{"type":"Point","coordinates":[1.0407,46.8072]},"surface":4004.54,"population":956,"departement":{"code":"36","nom":"Indre"},"region":{"code":"24","nom":"Centre-Val de Loire"}},{"nom":"Mauvières","code":"36114","codesPostaux":["36370"],"centre":{"type":"Point","coordinates":[1.1127,46.5643]},"surface":2431.94,"population":306,"departement":{"code":"36","nom":"Indre"},"region":{"code":"24","nom":"Centre-Val de Loire"}},{"nom":"Menetou-sur-Nahon","code":"36115","codesPostaux":["36210"],"centre":{"type":"Point","coordinates":[1.6373,47.2265]},"surface":697.98,"population":132,"departement":{"code":"36","nom":"Indre"},"region":{"code":"24","nom":"Centre-Val de Loire"}},{"nom":"Ménétréols-sous-Vatan","code":"36116","codesPostaux":["36150"],"centre":{"type":"Point","coordinates":[1.8337,47.0138]},"surface":2816.47,"population":117,"departement":{"code":"36","nom":"Indre"},"region":{"code":"24","nom":"Centre-Val de Loire"}},{"nom":"Le Menoux","code":"36117","codesPostaux":["36200"],"centre":{"type":"Point","coordinates":[1.573,46.5572]},"surface":553.4,"population":401,"departement":{"code":"36","nom":"Indre"},"region":{"code":"24","nom":"Centre-Val de Loire"}},{"nom":"Méobecq","code":"36118","codesPostaux":["36500"],"centre":{"type":"Point","coordinates":[1.4106,46.7453]},"surface":3790.62,"population":361,"departement":{"code":"36","nom":"Indre"},"region":{"code":"24","nom":"Centre-Val de Loire"}},{"nom":"Mérigny","code":"36119","codesPostaux":["36220"],"centre":{"type":"Point","coordinates":[0.9337,46.6327]},"surface":3186.82,"population":545,"departement":{"code":"36","nom":"Indre"},"region":{"code":"24","nom":"Centre-Val de Loire"}},{"nom":"Mers-sur-Indre","code":"36120","codesPostaux":["36230"],"centre":{"type":"Point","coordinates":[1.8693,46.6689]},"surface":2582.06,"population":659,"departement":{"code":"36","nom":"Indre"},"region":{"code":"24","nom":"Centre-Val de Loire"}},{"nom":"Meunet-Planches","code":"36121","codesPostaux":["36100"],"centre":{"type":"Point","coordinates":[1.9816,46.8496]},"surface":2691.85,"population":166,"departement":{"code":"36","nom":"Indre"},"region":{"code":"24","nom":"Centre-Val de Loire"}},{"nom":"Meunet-sur-Vatan","code":"36122","codesPostaux":["36150"],"centre":{"type":"Point","coordinates":[1.8579,47.0907]},"surface":1256.52,"population":198,"departement":{"code":"36","nom":"Indre"},"region":{"code":"24","nom":"Centre-Val de Loire"}},{"nom":"Mézières-en-Brenne","code":"36123","codesPostaux":["36290"],"centre":{"type":"Point","coordinates":[1.257,46.808]},"surface":6724.35,"population":941,"departement":{"code":"36","nom":"Indre"},"region":{"code":"24","nom":"Centre-Val de Loire"}},{"nom":"Migné","code":"36124","codesPostaux":["36800"],"centre":{"type":"Point","coordinates":[1.3003,46.7147]},"surface":6657.74,"population":225,"departement":{"code":"36","nom":"Indre"},"region":{"code":"24","nom":"Centre-Val de Loire"}},{"nom":"Migny","code":"36125","codesPostaux":["36260"],"centre":{"type":"Point","coordinates":[2.0552,47.0189]},"surface":1351.03,"population":108,"departement":{"code":"36","nom":"Indre"},"region":{"code":"24","nom":"Centre-Val de Loire"}},{"nom":"Montchevrier","code":"36126","codesPostaux":["36140"],"centre":{"type":"Point","coordinates":[1.7549,46.4804]},"surface":3503.82,"population":446,"departement":{"code":"36","nom":"Indre"},"region":{"code":"24","nom":"Centre-Val de Loire"}},{"nom":"Montgivray","code":"36127","codesPostaux":["36400"],"centre":{"type":"Point","coordinates":[1.9746,46.5955]},"surface":2573.52,"population":1546,"departement":{"code":"36","nom":"Indre"},"region":{"code":"24","nom":"Centre-Val de Loire"}},{"nom":"Montierchaume","code":"36128","codesPostaux":["36130"],"centre":{"type":"Point","coordinates":[1.7741,46.866]},"surface":3779.87,"population":1624,"departement":{"code":"36","nom":"Indre"},"region":{"code":"24","nom":"Centre-Val de Loire"}},{"nom":"Montipouret","code":"36129","codesPostaux":["36230"],"centre":{"type":"Point","coordinates":[1.9093,46.6578]},"surface":2785.69,"population":616,"departement":{"code":"36","nom":"Indre"},"region":{"code":"24","nom":"Centre-Val de Loire"}},{"nom":"Montlevicq","code":"36130","codesPostaux":["36400"],"centre":{"type":"Point","coordinates":[2.0834,46.5809]},"surface":1893.86,"population":106,"departement":{"code":"36","nom":"Indre"},"region":{"code":"24","nom":"Centre-Val de Loire"}},{"nom":"Mosnay","code":"36131","codesPostaux":["36200"],"centre":{"type":"Point","coordinates":[1.6256,46.623]},"surface":2546.53,"population":459,"departement":{"code":"36","nom":"Indre"},"region":{"code":"24","nom":"Centre-Val de Loire"}},{"nom":"La Motte-Feuilly","code":"36132","codesPostaux":["36160"],"centre":{"type":"Point","coordinates":[2.0653,46.5473]},"surface":571.69,"population":67,"departement":{"code":"36","nom":"Indre"},"region":{"code":"24","nom":"Centre-Val de Loire"}},{"nom":"Mouhers","code":"36133","codesPostaux":["36340"],"centre":{"type":"Point","coordinates":[1.7788,46.5647]},"surface":1812.92,"population":201,"departement":{"code":"36","nom":"Indre"},"region":{"code":"24","nom":"Centre-Val de Loire"}},{"nom":"Mouhet","code":"36134","codesPostaux":["36170"],"centre":{"type":"Point","coordinates":[1.4478,46.3848]},"surface":3259.59,"population":418,"departement":{"code":"36","nom":"Indre"},"region":{"code":"24","nom":"Centre-Val de Loire"}},{"nom":"Moulins-sur-Céphons","code":"36135","codesPostaux":["36110"],"centre":{"type":"Point","coordinates":[1.5634,47.0063]},"surface":3229.75,"population":277,"departement":{"code":"36","nom":"Indre"},"region":{"code":"24","nom":"Centre-Val de Loire"}},{"nom":"Murs","code":"36136","codesPostaux":["36700"],"centre":{"type":"Point","coordinates":[1.1604,46.9236]},"surface":2306.13,"population":119,"departement":{"code":"36","nom":"Indre"},"region":{"code":"24","nom":"Centre-Val de Loire"}},{"nom":"Néons-sur-Creuse","code":"36137","codesPostaux":["36220"],"centre":{"type":"Point","coordinates":[0.9097,46.7295]},"surface":1981.3,"population":351,"departement":{"code":"36","nom":"Indre"},"region":{"code":"24","nom":"Centre-Val de Loire"}},{"nom":"Néret","code":"36138","codesPostaux":["36400"],"centre":{"type":"Point","coordinates":[2.143,46.5725]},"surface":1919.97,"population":186,"departement":{"code":"36","nom":"Indre"},"region":{"code":"24","nom":"Centre-Val de Loire"}},{"nom":"Neuillay-les-Bois","code":"36139","codesPostaux":["36500"],"centre":{"type":"Point","coordinates":[1.4807,46.7603]},"surface":4786.19,"population":660,"departement":{"code":"36","nom":"Indre"},"region":{"code":"24","nom":"Centre-Val de Loire"}},{"nom":"Neuvy-Pailloux","code":"36140","codesPostaux":["36100"],"centre":{"type":"Point","coordinates":[1.8668,46.903]},"surface":4206.71,"population":1159,"departement":{"code":"36","nom":"Indre"},"region":{"code":"24","nom":"Centre-Val de Loire"}},{"nom":"Neuvy-Saint-Sépulchre","code":"36141","codesPostaux":["36230"],"centre":{"type":"Point","coordinates":[1.8145,46.5906]},"surface":3551.83,"population":1623,"departement":{"code":"36","nom":"Indre"},"region":{"code":"24","nom":"Centre-Val de Loire"}},{"nom":"Niherne","code":"36142","codesPostaux":["36250"],"centre":{"type":"Point","coordinates":[1.5599,46.8049]},"surface":4455.18,"population":1444,"departement":{"code":"36","nom":"Indre"},"region":{"code":"24","nom":"Centre-Val de Loire"}},{"nom":"Nohant-Vic","code":"36143","codesPostaux":["36400"],"centre":{"type":"Point","coordinates":[1.9617,46.6504]},"surface":2148.2,"population":450,"departement":{"code":"36","nom":"Indre"},"region":{"code":"24","nom":"Centre-Val de Loire"}},{"nom":"Nuret-le-Ferron","code":"36144","codesPostaux":["36800"],"centre":{"type":"Point","coordinates":[1.4244,46.6867]},"surface":4912.48,"population":294,"departement":{"code":"36","nom":"Indre"},"region":{"code":"24","nom":"Centre-Val de Loire"}},{"nom":"Obterre","code":"36145","codesPostaux":["36290"],"centre":{"type":"Point","coordinates":[1.0709,46.9119]},"surface":2846.86,"population":224,"departement":{"code":"36","nom":"Indre"},"region":{"code":"24","nom":"Centre-Val de Loire"}},{"nom":"Orsennes","code":"36146","codesPostaux":["36190"],"centre":{"type":"Point","coordinates":[1.7029,46.4837]},"surface":4948.28,"population":696,"departement":{"code":"36","nom":"Indre"},"region":{"code":"24","nom":"Centre-Val de Loire"}},{"nom":"Orville","code":"36147","codesPostaux":["36210"],"centre":{"type":"Point","coordinates":[1.7777,47.1457]},"surface":929.72,"population":137,"departement":{"code":"36","nom":"Indre"},"region":{"code":"24","nom":"Centre-Val de Loire"}},{"nom":"Oulches","code":"36148","codesPostaux":["36800"],"centre":{"type":"Point","coordinates":[1.3119,46.6036]},"surface":4370.82,"population":424,"departement":{"code":"36","nom":"Indre"},"region":{"code":"24","nom":"Centre-Val de Loire"}},{"nom":"Palluau-sur-Indre","code":"36149","codesPostaux":["36500"],"centre":{"type":"Point","coordinates":[1.3115,46.9512]},"surface":4150.31,"population":785,"departement":{"code":"36","nom":"Indre"},"region":{"code":"24","nom":"Centre-Val de Loire"}},{"nom":"Parnac","code":"36150","codesPostaux":["36170"],"centre":{"type":"Point","coordinates":[1.4607,46.441]},"surface":4751.36,"population":509,"departement":{"code":"36","nom":"Indre"},"region":{"code":"24","nom":"Centre-Val de Loire"}},{"nom":"Paudy","code":"36152","codesPostaux":["36260"],"centre":{"type":"Point","coordinates":[1.9215,47.0376]},"surface":3066.2,"population":437,"departement":{"code":"36","nom":"Indre"},"region":{"code":"24","nom":"Centre-Val de Loire"}},{"nom":"Paulnay","code":"36153","codesPostaux":["36290"],"centre":{"type":"Point","coordinates":[1.1553,46.8663]},"surface":4009.95,"population":348,"departement":{"code":"36","nom":"Indre"},"region":{"code":"24","nom":"Centre-Val de Loire"}},{"nom":"Le Pêchereau","code":"36154","codesPostaux":["36200"],"centre":{"type":"Point","coordinates":[1.5704,46.584]},"surface":2112.37,"population":1744,"departement":{"code":"36","nom":"Indre"},"region":{"code":"24","nom":"Centre-Val de Loire"}},{"nom":"Pellevoisin","code":"36155","codesPostaux":["36180"],"centre":{"type":"Point","coordinates":[1.4169,46.9891]},"surface":2604.12,"population":792,"departement":{"code":"36","nom":"Indre"},"region":{"code":"24","nom":"Centre-Val de Loire"}},{"nom":"Pérassay","code":"36156","codesPostaux":["36160"],"centre":{"type":"Point","coordinates":[2.1458,46.4763]},"surface":2448.56,"population":416,"departement":{"code":"36","nom":"Indre"},"region":{"code":"24","nom":"Centre-Val de Loire"}},{"nom":"La Pérouille","code":"36157","codesPostaux":["36350"],"centre":{"type":"Point","coordinates":[1.5225,46.7128]},"surface":2193.5,"population":427,"departement":{"code":"36","nom":"Indre"},"region":{"code":"24","nom":"Centre-Val de Loire"}},{"nom":"Badecon-le-Pin","code":"36158","codesPostaux":["36200"],"centre":{"type":"Point","coordinates":[1.6023,46.5302]},"surface":1005.44,"population":748,"departement":{"code":"36","nom":"Indre"},"region":{"code":"24","nom":"Centre-Val de Loire"}},{"nom":"Le Poinçonnet","code":"36159","codesPostaux":["36330"],"centre":{"type":"Point","coordinates":[1.7257,46.7544]},"surface":4556.63,"population":5855,"departement":{"code":"36","nom":"Indre"},"region":{"code":"24","nom":"Centre-Val de Loire"}},{"nom":"Pommiers","code":"36160","codesPostaux":["36190"],"centre":{"type":"Point","coordinates":[1.6498,46.5186]},"surface":1236.37,"population":237,"departement":{"code":"36","nom":"Indre"},"region":{"code":"24","nom":"Centre-Val de Loire"}},{"nom":"Le Pont-Chrétien-Chabenet","code":"36161","codesPostaux":["36800"],"centre":{"type":"Point","coordinates":[1.4973,46.6297]},"surface":906.35,"population":917,"departement":{"code":"36","nom":"Indre"},"region":{"code":"24","nom":"Centre-Val de Loire"}},{"nom":"Poulaines","code":"36162","codesPostaux":["36210"],"centre":{"type":"Point","coordinates":[1.6567,47.1445]},"surface":4654.02,"population":816,"departement":{"code":"36","nom":"Indre"},"region":{"code":"24","nom":"Centre-Val de Loire"}},{"nom":"Pouligny-Notre-Dame","code":"36163","codesPostaux":["36160"],"centre":{"type":"Point","coordinates":[2.0099,46.4699]},"surface":3373.23,"population":639,"departement":{"code":"36","nom":"Indre"},"region":{"code":"24","nom":"Centre-Val de Loire"}},{"nom":"Pouligny-Saint-Martin","code":"36164","codesPostaux":["36160"],"centre":{"type":"Point","coordinates":[2.0089,46.5165]},"surface":1589.49,"population":235,"departement":{"code":"36","nom":"Indre"},"region":{"code":"24","nom":"Centre-Val de Loire"}},{"nom":"Pouligny-Saint-Pierre","code":"36165","codesPostaux":["36300"],"centre":{"type":"Point","coordinates":[1.0529,46.6866]},"surface":4739.27,"population":1023,"departement":{"code":"36","nom":"Indre"},"region":{"code":"24","nom":"Centre-Val de Loire"}},{"nom":"Préaux","code":"36166","codesPostaux":["36240"],"centre":{"type":"Point","coordinates":[1.2968,47.0299]},"surface":3294.5,"population":172,"departement":{"code":"36","nom":"Indre"},"region":{"code":"24","nom":"Centre-Val de Loire"}},{"nom":"Preuilly-la-Ville","code":"36167","codesPostaux":["36220"],"centre":{"type":"Point","coordinates":[0.9796,46.697]},"surface":429.85,"population":150,"departement":{"code":"36","nom":"Indre"},"region":{"code":"24","nom":"Centre-Val de Loire"}},{"nom":"Prissac","code":"36168","codesPostaux":["36370"],"centre":{"type":"Point","coordinates":[1.2946,46.5195]},"surface":6364.58,"population":576,"departement":{"code":"36","nom":"Indre"},"region":{"code":"24","nom":"Centre-Val de Loire"}},{"nom":"Pruniers","code":"36169","codesPostaux":["36120"],"centre":{"type":"Point","coordinates":[2.0636,46.7824]},"surface":4917.52,"population":496,"departement":{"code":"36","nom":"Indre"},"region":{"code":"24","nom":"Centre-Val de Loire"}},{"nom":"Reboursin","code":"36170","codesPostaux":["36150"],"centre":{"type":"Point","coordinates":[1.8101,47.108]},"surface":1288.74,"population":102,"departement":{"code":"36","nom":"Indre"},"region":{"code":"24","nom":"Centre-Val de Loire"}},{"nom":"Reuilly","code":"36171","codesPostaux":["36260"],"centre":{"type":"Point","coordinates":[2.0012,47.0859]},"surface":2611.4,"population":1984,"departement":{"code":"36","nom":"Indre"},"region":{"code":"24","nom":"Centre-Val de Loire"}},{"nom":"Rivarennes","code":"36172","codesPostaux":["36800"],"centre":{"type":"Point","coordinates":[1.3781,46.6212]},"surface":3769.61,"population":482,"departement":{"code":"36","nom":"Indre"},"region":{"code":"24","nom":"Centre-Val de Loire"}},{"nom":"Rosnay","code":"36173","codesPostaux":["36300"],"centre":{"type":"Point","coordinates":[1.2091,46.7112]},"surface":6712.84,"population":524,"departement":{"code":"36","nom":"Indre"},"region":{"code":"24","nom":"Centre-Val de Loire"}},{"nom":"Roussines","code":"36174","codesPostaux":["36170"],"centre":{"type":"Point","coordinates":[1.3732,46.4628]},"surface":2328.82,"population":355,"departement":{"code":"36","nom":"Indre"},"region":{"code":"24","nom":"Centre-Val de Loire"}},{"nom":"Rouvres-les-Bois","code":"36175","codesPostaux":["36110"],"centre":{"type":"Point","coordinates":[1.6596,47.0763]},"surface":3101.67,"population":281,"departement":{"code":"36","nom":"Indre"},"region":{"code":"24","nom":"Centre-Val de Loire"}},{"nom":"Ruffec","code":"36176","codesPostaux":["36300"],"centre":{"type":"Point","coordinates":[1.1793,46.6281]},"surface":4316.29,"population":562,"departement":{"code":"36","nom":"Indre"},"region":{"code":"24","nom":"Centre-Val de Loire"}},{"nom":"Sacierges-Saint-Martin","code":"36177","codesPostaux":["36170"],"centre":{"type":"Point","coordinates":[1.3778,46.4975]},"surface":3164.31,"population":312,"departement":{"code":"36","nom":"Indre"},"region":{"code":"24","nom":"Centre-Val de Loire"}},{"nom":"Saint-Aigny","code":"36178","codesPostaux":["36300"],"centre":{"type":"Point","coordinates":[1.0079,46.6353]},"surface":1482.88,"population":276,"departement":{"code":"36","nom":"Indre"},"region":{"code":"24","nom":"Centre-Val de Loire"}},{"nom":"Saint-Aoustrille","code":"36179","codesPostaux":["36100"],"centre":{"type":"Point","coordinates":[1.931,46.9333]},"surface":1986.73,"population":199,"departement":{"code":"36","nom":"Indre"},"region":{"code":"24","nom":"Centre-Val de Loire"}},{"nom":"Saint-Août","code":"36180","codesPostaux":["36120"],"centre":{"type":"Point","coordinates":[1.9669,46.7278]},"surface":5422.57,"population":811,"departement":{"code":"36","nom":"Indre"},"region":{"code":"24","nom":"Centre-Val de Loire"}},{"nom":"Saint-Aubin","code":"36181","codesPostaux":["36100"],"centre":{"type":"Point","coordinates":[2.0356,46.8678]},"surface":2860.14,"population":148,"departement":{"code":"36","nom":"Indre"},"region":{"code":"24","nom":"Centre-Val de Loire"}},{"nom":"Saint-Benoît-du-Sault","code":"36182","codesPostaux":["36170"],"centre":{"type":"Point","coordinates":[1.3997,46.4466]},"surface":177.21,"population":510,"departement":{"code":"36","nom":"Indre"},"region":{"code":"24","nom":"Centre-Val de Loire"}},{"nom":"Saint-Chartier","code":"36184","codesPostaux":["36400"],"centre":{"type":"Point","coordinates":[1.98,46.6722]},"surface":2803.29,"population":458,"departement":{"code":"36","nom":"Indre"},"region":{"code":"24","nom":"Centre-Val de Loire"}},{"nom":"Saint-Christophe-en-Bazelle","code":"36185","codesPostaux":["36210"],"centre":{"type":"Point","coordinates":[1.7164,47.1853]},"surface":1393.87,"population":355,"departement":{"code":"36","nom":"Indre"},"region":{"code":"24","nom":"Centre-Val de Loire"}},{"nom":"Saint-Christophe-en-Boucherie","code":"36186","codesPostaux":["36400"],"centre":{"type":"Point","coordinates":[2.1196,46.6786]},"surface":2698.44,"population":232,"departement":{"code":"36","nom":"Indre"},"region":{"code":"24","nom":"Centre-Val de Loire"}},{"nom":"Saint-Civran","code":"36187","codesPostaux":["36170"],"centre":{"type":"Point","coordinates":[1.4069,46.4972]},"surface":1169.51,"population":137,"departement":{"code":"36","nom":"Indre"},"region":{"code":"24","nom":"Centre-Val de Loire"}},{"nom":"Saint-Cyran-du-Jambot","code":"36188","codesPostaux":["36700"],"centre":{"type":"Point","coordinates":[1.1542,47.0195]},"surface":1421.29,"population":171,"departement":{"code":"36","nom":"Indre"},"region":{"code":"24","nom":"Centre-Val de Loire"}},{"nom":"Saint-Denis-de-Jouhet","code":"36189","codesPostaux":["36230"],"centre":{"type":"Point","coordinates":[1.8472,46.5237]},"surface":4406.32,"population":953,"departement":{"code":"36","nom":"Indre"},"region":{"code":"24","nom":"Centre-Val de Loire"}},{"nom":"Sainte-Fauste","code":"36190","codesPostaux":["36100"],"centre":{"type":"Point","coordinates":[1.8692,46.8587]},"surface":2327.76,"population":256,"departement":{"code":"36","nom":"Indre"},"region":{"code":"24","nom":"Centre-Val de Loire"}},{"nom":"Saint-Florentin","code":"36191","codesPostaux":["36150"],"centre":{"type":"Point","coordinates":[1.7802,47.1008]},"surface":1633.33,"population":497,"departement":{"code":"36","nom":"Indre"},"region":{"code":"24","nom":"Centre-Val de Loire"}},{"nom":"Saint-Gaultier","code":"36192","codesPostaux":["36800"],"centre":{"type":"Point","coordinates":[1.4304,46.649]},"surface":936.41,"population":1701,"departement":{"code":"36","nom":"Indre"},"region":{"code":"24","nom":"Centre-Val de Loire"}},{"nom":"Sainte-Gemme","code":"36193","codesPostaux":["36500"],"centre":{"type":"Point","coordinates":[1.3328,46.8586]},"surface":3444.46,"population":262,"departement":{"code":"36","nom":"Indre"},"region":{"code":"24","nom":"Centre-Val de Loire"}},{"nom":"Saint-Genou","code":"36194","codesPostaux":["36500"],"centre":{"type":"Point","coordinates":[1.3473,46.9142]},"surface":2444.49,"population":911,"departement":{"code":"36","nom":"Indre"},"region":{"code":"24","nom":"Centre-Val de Loire"}},{"nom":"Saint-Georges-sur-Arnon","code":"36195","codesPostaux":["36100"],"centre":{"type":"Point","coordinates":[2.0572,46.9886]},"surface":2426.6,"population":548,"departement":{"code":"36","nom":"Indre"},"region":{"code":"24","nom":"Centre-Val de Loire"}},{"nom":"Saint-Gilles","code":"36196","codesPostaux":["36170"],"centre":{"type":"Point","coordinates":[1.4483,46.4796]},"surface":773.67,"population":91,"departement":{"code":"36","nom":"Indre"},"region":{"code":"24","nom":"Centre-Val de Loire"}},{"nom":"Saint-Hilaire-sur-Benaize","code":"36197","codesPostaux":["36370"],"centre":{"type":"Point","coordinates":[1.069,46.5545]},"surface":3322,"population":311,"departement":{"code":"36","nom":"Indre"},"region":{"code":"24","nom":"Centre-Val de Loire"}},{"nom":"Saint-Lactencin","code":"36198","codesPostaux":["36500"],"centre":{"type":"Point","coordinates":[1.4929,46.9]},"surface":3264.79,"population":405,"departement":{"code":"36","nom":"Indre"},"region":{"code":"24","nom":"Centre-Val de Loire"}},{"nom":"Sainte-Lizaigne","code":"36199","codesPostaux":["36260"],"centre":{"type":"Point","coordinates":[1.9995,47.0078]},"surface":2676.54,"population":1101,"departement":{"code":"36","nom":"Indre"},"region":{"code":"24","nom":"Centre-Val de Loire"}},{"nom":"Saint-Marcel","code":"36200","codesPostaux":["36200"],"centre":{"type":"Point","coordinates":[1.5195,46.6112]},"surface":1785.91,"population":1514,"departement":{"code":"36","nom":"Indre"},"region":{"code":"24","nom":"Centre-Val de Loire"}},{"nom":"Saint-Maur","code":"36202","codesPostaux":["36250"],"centre":{"type":"Point","coordinates":[1.6203,46.8109]},"surface":8874.76,"population":3537,"departement":{"code":"36","nom":"Indre"},"region":{"code":"24","nom":"Centre-Val de Loire"}},{"nom":"Saint-Médard","code":"36203","codesPostaux":["36700"],"centre":{"type":"Point","coordinates":[1.2677,47.0054]},"surface":1262.24,"population":63,"departement":{"code":"36","nom":"Indre"},"region":{"code":"24","nom":"Centre-Val de Loire"}},{"nom":"Saint-Michel-en-Brenne","code":"36204","codesPostaux":["36290"],"centre":{"type":"Point","coordinates":[1.1705,46.7858]},"surface":5489.47,"population":313,"departement":{"code":"36","nom":"Indre"},"region":{"code":"24","nom":"Centre-Val de Loire"}},{"nom":"Saint-Pierre-de-Jards","code":"36205","codesPostaux":["36260"],"centre":{"type":"Point","coordinates":[1.9693,47.1005]},"surface":1819.5,"population":96,"departement":{"code":"36","nom":"Indre"},"region":{"code":"24","nom":"Centre-Val de Loire"}},{"nom":"Saint-Plantaire","code":"36207","codesPostaux":["36190"],"centre":{"type":"Point","coordinates":[1.6472,46.4336]},"surface":3437.99,"population":601,"departement":{"code":"36","nom":"Indre"},"region":{"code":"24","nom":"Centre-Val de Loire"}},{"nom":"Sainte-Sévère-sur-Indre","code":"36208","codesPostaux":["36160"],"centre":{"type":"Point","coordinates":[2.0709,46.5072]},"surface":2628.55,"population":778,"departement":{"code":"36","nom":"Indre"},"region":{"code":"24","nom":"Centre-Val de Loire"}},{"nom":"Saint-Valentin","code":"36209","codesPostaux":["36100"],"centre":{"type":"Point","coordinates":[1.8537,46.9628]},"surface":2518.69,"population":261,"departement":{"code":"36","nom":"Indre"},"region":{"code":"24","nom":"Centre-Val de Loire"}},{"nom":"Sarzay","code":"36210","codesPostaux":["36230"],"centre":{"type":"Point","coordinates":[1.9096,46.5965]},"surface":1866.64,"population":301,"departement":{"code":"36","nom":"Indre"},"region":{"code":"24","nom":"Centre-Val de Loire"}},{"nom":"Sassierges-Saint-Germain","code":"36211","codesPostaux":["36120"],"centre":{"type":"Point","coordinates":[1.8908,46.7466]},"surface":3189.59,"population":448,"departement":{"code":"36","nom":"Indre"},"region":{"code":"24","nom":"Centre-Val de Loire"}},{"nom":"Saulnay","code":"36212","codesPostaux":["36290"],"centre":{"type":"Point","coordinates":[1.2555,46.8712]},"surface":2247.32,"population":164,"departement":{"code":"36","nom":"Indre"},"region":{"code":"24","nom":"Centre-Val de Loire"}},{"nom":"Sauzelles","code":"36213","codesPostaux":["36220"],"centre":{"type":"Point","coordinates":[0.9855,46.6546]},"surface":1289.57,"population":245,"departement":{"code":"36","nom":"Indre"},"region":{"code":"24","nom":"Centre-Val de Loire"}},{"nom":"Sazeray","code":"36214","codesPostaux":["36160"],"centre":{"type":"Point","coordinates":[2.039,46.4485]},"surface":2292.99,"population":291,"departement":{"code":"36","nom":"Indre"},"region":{"code":"24","nom":"Centre-Val de Loire"}},{"nom":"Ségry","code":"36215","codesPostaux":["36100"],"centre":{"type":"Point","coordinates":[2.1012,46.8762]},"surface":3385.59,"population":484,"departement":{"code":"36","nom":"Indre"},"region":{"code":"24","nom":"Centre-Val de Loire"}},{"nom":"Selles-sur-Nahon","code":"36216","codesPostaux":["36180"],"centre":{"type":"Point","coordinates":[1.4548,47.0184]},"surface":685.6,"population":61,"departement":{"code":"36","nom":"Indre"},"region":{"code":"24","nom":"Centre-Val de Loire"}},{"nom":"Sembleçay","code":"36217","codesPostaux":["36210"],"centre":{"type":"Point","coordinates":[1.695,47.2156]},"surface":816.82,"population":100,"departement":{"code":"36","nom":"Indre"},"region":{"code":"24","nom":"Centre-Val de Loire"}},{"nom":"Sougé","code":"36218","codesPostaux":["36500"],"centre":{"type":"Point","coordinates":[1.4844,46.9669]},"surface":1312.84,"population":140,"departement":{"code":"36","nom":"Indre"},"region":{"code":"24","nom":"Centre-Val de Loire"}},{"nom":"Tendu","code":"36219","codesPostaux":["36200"],"centre":{"type":"Point","coordinates":[1.5662,46.6527]},"surface":4212.94,"population":650,"departement":{"code":"36","nom":"Indre"},"region":{"code":"24","nom":"Centre-Val de Loire"}},{"nom":"Thenay","code":"36220","codesPostaux":["36800"],"centre":{"type":"Point","coordinates":[1.4246,46.5974]},"surface":3449.42,"population":893,"departement":{"code":"36","nom":"Indre"},"region":{"code":"24","nom":"Centre-Val de Loire"}},{"nom":"Thevet-Saint-Julien","code":"36221","codesPostaux":["36400"],"centre":{"type":"Point","coordinates":[2.0678,46.6333]},"surface":3126.57,"population":396,"departement":{"code":"36","nom":"Indre"},"region":{"code":"24","nom":"Centre-Val de Loire"}},{"nom":"Thizay","code":"36222","codesPostaux":["36100"],"centre":{"type":"Point","coordinates":[1.9284,46.8999]},"surface":1678.18,"population":227,"departement":{"code":"36","nom":"Indre"},"region":{"code":"24","nom":"Centre-Val de Loire"}},{"nom":"Tilly","code":"36223","codesPostaux":["36310"],"centre":{"type":"Point","coordinates":[1.2105,46.4063]},"surface":1484.12,"population":133,"departement":{"code":"36","nom":"Indre"},"region":{"code":"24","nom":"Centre-Val de Loire"}},{"nom":"Tournon-Saint-Martin","code":"36224","codesPostaux":["36220"],"centre":{"type":"Point","coordinates":[0.9814,46.7321]},"surface":2586.45,"population":1112,"departement":{"code":"36","nom":"Indre"},"region":{"code":"24","nom":"Centre-Val de Loire"}},{"nom":"Le Tranger","code":"36225","codesPostaux":["36700"],"centre":{"type":"Point","coordinates":[1.2422,46.9725]},"surface":2232.82,"population":166,"departement":{"code":"36","nom":"Indre"},"region":{"code":"24","nom":"Centre-Val de Loire"}},{"nom":"Tranzault","code":"36226","codesPostaux":["36230"],"centre":{"type":"Point","coordinates":[1.8493,46.6217]},"surface":1816.08,"population":349,"departement":{"code":"36","nom":"Indre"},"region":{"code":"24","nom":"Centre-Val de Loire"}},{"nom":"Urciers","code":"36227","codesPostaux":["36160"],"centre":{"type":"Point","coordinates":[2.1478,46.5298]},"surface":1899.64,"population":236,"departement":{"code":"36","nom":"Indre"},"region":{"code":"24","nom":"Centre-Val de Loire"}},{"nom":"Valençay","code":"36228","codesPostaux":["36600"],"centre":{"type":"Point","coordinates":[1.5545,47.1544]},"surface":4177.69,"population":2228,"departement":{"code":"36","nom":"Indre"},"region":{"code":"24","nom":"Centre-Val de Loire"}},{"nom":"Val-Fouzon","code":"36229","codesPostaux":["36210"],"centre":{"type":"Point","coordinates":[1.6249,47.2063]},"surface":4705.14,"population":968,"departement":{"code":"36","nom":"Indre"},"region":{"code":"24","nom":"Centre-Val de Loire"}},{"nom":"Vatan","code":"36230","codesPostaux":["36150"],"centre":{"type":"Point","coordinates":[1.825,47.0531]},"surface":2997.51,"population":1994,"departement":{"code":"36","nom":"Indre"},"region":{"code":"24","nom":"Centre-Val de Loire"}},{"nom":"Velles","code":"36231","codesPostaux":["36330"],"centre":{"type":"Point","coordinates":[1.6375,46.7001]},"surface":6412.81,"population":975,"departement":{"code":"36","nom":"Indre"},"region":{"code":"24","nom":"Centre-Val de Loire"}},{"nom":"Vendœuvres","code":"36232","codesPostaux":["36500"],"centre":{"type":"Point","coordinates":[1.3649,46.7881]},"surface":9894.82,"population":1086,"departement":{"code":"36","nom":"Indre"},"region":{"code":"24","nom":"Centre-Val de Loire"}},{"nom":"La Vernelle","code":"36233","codesPostaux":["36600"],"centre":{"type":"Point","coordinates":[1.562,47.2419]},"surface":1721.77,"population":799,"departement":{"code":"36","nom":"Indre"},"region":{"code":"24","nom":"Centre-Val de Loire"}},{"nom":"Verneuil-sur-Igneraie","code":"36234","codesPostaux":["36400"],"centre":{"type":"Point","coordinates":[2.0137,46.6591]},"surface":994.14,"population":344,"departement":{"code":"36","nom":"Indre"},"region":{"code":"24","nom":"Centre-Val de Loire"}},{"nom":"Veuil","code":"36235","codesPostaux":["36600"],"centre":{"type":"Point","coordinates":[1.5084,47.1367]},"surface":1884.92,"population":379,"departement":{"code":"36","nom":"Indre"},"region":{"code":"24","nom":"Centre-Val de Loire"}},{"nom":"Vicq-Exemplet","code":"36236","codesPostaux":["36400"],"centre":{"type":"Point","coordinates":[2.1427,46.6221]},"surface":3892.01,"population":330,"departement":{"code":"36","nom":"Indre"},"region":{"code":"24","nom":"Centre-Val de Loire"}},{"nom":"Vicq-sur-Nahon","code":"36237","codesPostaux":["36600"],"centre":{"type":"Point","coordinates":[1.5472,47.0978]},"surface":4919.81,"population":677,"departement":{"code":"36","nom":"Indre"},"region":{"code":"24","nom":"Centre-Val de Loire"}},{"nom":"Vigoulant","code":"36238","codesPostaux":["36160"],"centre":{"type":"Point","coordinates":[2.0841,46.4392]},"surface":983.54,"population":97,"departement":{"code":"36","nom":"Indre"},"region":{"code":"24","nom":"Centre-Val de Loire"}},{"nom":"Vigoux","code":"36239","codesPostaux":["36170"],"centre":{"type":"Point","coordinates":[1.4686,46.5136]},"surface":3810.31,"population":472,"departement":{"code":"36","nom":"Indre"},"region":{"code":"24","nom":"Centre-Val de Loire"}},{"nom":"Vijon","code":"36240","codesPostaux":["36160"],"centre":{"type":"Point","coordinates":[2.1245,46.4349]},"surface":2134.48,"population":300,"departement":{"code":"36","nom":"Indre"},"region":{"code":"24","nom":"Centre-Val de Loire"}},{"nom":"Villedieu-sur-Indre","code":"36241","codesPostaux":["36320"],"centre":{"type":"Point","coordinates":[1.5177,46.834]},"surface":5848.08,"population":2583,"departement":{"code":"36","nom":"Indre"},"region":{"code":"24","nom":"Centre-Val de Loire"}},{"nom":"Villegongis","code":"36242","codesPostaux":["36110"],"centre":{"type":"Point","coordinates":[1.5923,46.9206]},"surface":1827.39,"population":101,"departement":{"code":"36","nom":"Indre"},"region":{"code":"24","nom":"Centre-Val de Loire"}},{"nom":"Villegouin","code":"36243","codesPostaux":["36500"],"centre":{"type":"Point","coordinates":[1.3523,46.9737]},"surface":2438.17,"population":325,"departement":{"code":"36","nom":"Indre"},"region":{"code":"24","nom":"Centre-Val de Loire"}},{"nom":"Villentrois-Faverolles-en-Berry","code":"36244","codesPostaux":["36360","36600"],"centre":{"type":"Point","coordinates":[1.4223,47.1769]},"surface":7406.53,"population":886,"departement":{"code":"36","nom":"Indre"},"region":{"code":"24","nom":"Centre-Val de Loire"}},{"nom":"Villiers","code":"36246","codesPostaux":["36290"],"centre":{"type":"Point","coordinates":[1.2039,46.8823]},"surface":2493.26,"population":177,"departement":{"code":"36","nom":"Indre"},"region":{"code":"24","nom":"Centre-Val de Loire"}},{"nom":"Vineuil","code":"36247","codesPostaux":["36110"],"centre":{"type":"Point","coordinates":[1.6505,46.909]},"surface":4451.4,"population":1241,"departement":{"code":"36","nom":"Indre"},"region":{"code":"24","nom":"Centre-Val de Loire"}},{"nom":"Vouillon","code":"36248","codesPostaux":["36100"],"centre":{"type":"Point","coordinates":[1.9124,46.8194]},"surface":1507.93,"population":220,"departement":{"code":"36","nom":"Indre"},"region":{"code":"24","nom":"Centre-Val de Loire"}}]