[{"nom":"Abzac","code":"16001","codesPostaux":["16500"],"centre":{"type":"Point","coordinates":[0.7174,46.0999]},"surface":3349.47,"population":518,"departement":{"code":"16","nom":"Charente"},"region":{"code":"75","nom":"Nouvelle-Aquitaine"}},{"nom":"Les Adjots","code":"16002","codesPostaux":["16700"],"centre":{"type":"Point","coordinates":[0.2028,46.0781]},"surface":1130.3,"population":538,"departement":{"code":"16","nom":"Charente"},"region":{"code":"75","nom":"Nouvelle-Aquitaine"}},{"nom":"Agris","code":"16003","codesPostaux":["16110"],"centre":{"type":"Point","coordinates":[0.3305,45.7753]},"surface":1869.86,"population":891,"departement":{"code":"16","nom":"Charente"},"region":{"code":"75","nom":"Nouvelle-Aquitaine"}},{"nom":"Aigre","code":"16005","codesPostaux":["16140"],"centre":{"type":"Point","coordinates":[0.0252,45.8996]},"surface":2379.95,"population":1594,"departement":{"code":"16","nom":"Charente"},"region":{"code":"75","nom":"Nouvelle-Aquitaine"}},{"nom":"Alloue","code":"16007","codesPostaux":["16490"],"centre":{"type":"Point","coordinates":[0.5297,46.0248]},"surface":4665.84,"population":491,"departement":{"code":"16","nom":"Charente"},"region":{"code":"75","nom":"Nouvelle-Aquitaine"}},{"nom":"Ambérac","code":"16008","codesPostaux":["16140"],"centre":{"type":"Point","coordinates":[0.0626,45.8581]},"surface":1211.72,"population":315,"departement":{"code":"16","nom":"Charente"},"region":{"code":"75","nom":"Nouvelle-Aquitaine"}},{"nom":"Ambernac","code":"16009","codesPostaux":["16490"],"centre":{"type":"Point","coordinates":[0.5516,45.978]},"surface":2990.52,"population":381,"departement":{"code":"16","nom":"Charente"},"region":{"code":"75","nom":"Nouvelle-Aquitaine"}},{"nom":"Anais","code":"16011","codesPostaux":["16560"],"centre":{"type":"Point","coordinates":[0.2046,45.7697]},"surface":988.76,"population":587,"departement":{"code":"16","nom":"Charente"},"region":{"code":"75","nom":"Nouvelle-Aquitaine"}},{"nom":"Angeac-Champagne","code":"16012","codesPostaux":["16130"],"centre":{"type":"Point","coordinates":[-0.2877,45.6131]},"surface":1435.85,"population":495,"departement":{"code":"16","nom":"Charente"},"region":{"code":"75","nom":"Nouvelle-Aquitaine"}},{"nom":"Angeac-Charente","code":"16013","codesPostaux":["16120"],"centre":{"type":"Point","coordinates":[-0.0833,45.6247]},"surface":1084.83,"population":287,"departement":{"code":"16","nom":"Charente"},"region":{"code":"75","nom":"Nouvelle-Aquitaine"}},{"nom":"Angeduc","code":"16014","codesPostaux":["16300"],"centre":{"type":"Point","coordinates":[-0.0552,45.4787]},"surface":357.63,"population":145,"departement":{"code":"16","nom":"Charente"},"region":{"code":"75","nom":"Nouvelle-Aquitaine"}},{"nom":"Angoulême","code":"16015","codesPostaux":["16000"],"centre":{"type":"Point","coordinates":[0.145,45.6458]},"surface":2174.24,"population":41908,"departement":{"code":"16","nom":"Charente"},"region":{"code":"75","nom":"Nouvelle-Aquitaine"}},{"nom":"Ansac-sur-Vienne","code":"16016","codesPostaux":["16500"],"centre":{"type":"Point","coordinates":[0.626,45.9934]},"surface":3094.64,"population":815,"departement":{"code":"16","nom":"Charente"},"region":{"code":"75","nom":"Nouvelle-Aquitaine"}},{"nom":"Ars","code":"16018","codesPostaux":["16130"],"centre":{"type":"Point","coordinates":[-0.403,45.6363]},"surface":1172.36,"population":686,"departement":{"code":"16","nom":"Charente"},"region":{"code":"75","nom":"Nouvelle-Aquitaine"}},{"nom":"Asnières-sur-Nouère","code":"16019","codesPostaux":["16290"],"centre":{"type":"Point","coordinates":[0.0477,45.7069]},"surface":2146.17,"population":1272,"departement":{"code":"16","nom":"Charente"},"region":{"code":"75","nom":"Nouvelle-Aquitaine"}},{"nom":"Aubeterre-sur-Dronne","code":"16020","codesPostaux":["16390"],"centre":{"type":"Point","coordinates":[0.1664,45.2635]},"surface":238.56,"population":312,"departement":{"code":"16","nom":"Charente"},"region":{"code":"75","nom":"Nouvelle-Aquitaine"}},{"nom":"Aunac-sur-Charente","code":"16023","codesPostaux":["16460"],"centre":{"type":"Point","coordinates":[0.2352,45.9253]},"surface":1710.58,"population":647,"departement":{"code":"16","nom":"Charente"},"region":{"code":"75","nom":"Nouvelle-Aquitaine"}},{"nom":"Aussac-Vadalle","code":"16024","codesPostaux":["16560"],"centre":{"type":"Point","coordinates":[0.2147,45.8258]},"surface":1758.46,"population":564,"departement":{"code":"16","nom":"Charente"},"region":{"code":"75","nom":"Nouvelle-Aquitaine"}},{"nom":"Baignes-Sainte-Radegonde","code":"16025","codesPostaux":["16360"],"centre":{"type":"Point","coordinates":[-0.2583,45.3757]},"surface":3130.58,"population":1254,"departement":{"code":"16","nom":"Charente"},"region":{"code":"75","nom":"Nouvelle-Aquitaine"}},{"nom":"Balzac","code":"16026","codesPostaux":["16430"],"centre":{"type":"Point","coordinates":[0.1321,45.7167]},"surface":973.63,"population":1410,"departement":{"code":"16","nom":"Charente"},"region":{"code":"75","nom":"Nouvelle-Aquitaine"}},{"nom":"Barbezières","code":"16027","codesPostaux":["16140"],"centre":{"type":"Point","coordinates":[-0.0893,45.9121]},"surface":939.88,"population":134,"departement":{"code":"16","nom":"Charente"},"region":{"code":"75","nom":"Nouvelle-Aquitaine"}},{"nom":"Barbezieux-Saint-Hilaire","code":"16028","codesPostaux":["16300"],"centre":{"type":"Point","coordinates":[-0.1554,45.4811]},"surface":2659.58,"population":4726,"departement":{"code":"16","nom":"Charente"},"region":{"code":"75","nom":"Nouvelle-Aquitaine"}},{"nom":"Bardenac","code":"16029","codesPostaux":["16210"],"centre":{"type":"Point","coordinates":[-0.0181,45.3031]},"surface":802.06,"population":214,"departement":{"code":"16","nom":"Charente"},"region":{"code":"75","nom":"Nouvelle-Aquitaine"}},{"nom":"Barret","code":"16030","codesPostaux":["16300"],"centre":{"type":"Point","coordinates":[-0.2043,45.4897]},"surface":2237.45,"population":1080,"departement":{"code":"16","nom":"Charente"},"region":{"code":"75","nom":"Nouvelle-Aquitaine"}},{"nom":"Barro","code":"16031","codesPostaux":["16700"],"centre":{"type":"Point","coordinates":[0.2348,46.0069]},"surface":1067.23,"population":413,"departement":{"code":"16","nom":"Charente"},"region":{"code":"75","nom":"Nouvelle-Aquitaine"}},{"nom":"Bassac","code":"16032","codesPostaux":["16120"],"centre":{"type":"Point","coordinates":[-0.101,45.6661]},"surface":768.92,"population":529,"departement":{"code":"16","nom":"Charente"},"region":{"code":"75","nom":"Nouvelle-Aquitaine"}},{"nom":"Bazac","code":"16034","codesPostaux":["16210"],"centre":{"type":"Point","coordinates":[0.0342,45.2244]},"surface":492.06,"population":150,"departement":{"code":"16","nom":"Charente"},"region":{"code":"75","nom":"Nouvelle-Aquitaine"}},{"nom":"Beaulieu-sur-Sonnette","code":"16035","codesPostaux":["16450"],"centre":{"type":"Point","coordinates":[0.3671,45.9287]},"surface":1024.24,"population":235,"departement":{"code":"16","nom":"Charente"},"region":{"code":"75","nom":"Nouvelle-Aquitaine"}},{"nom":"Bécheresse","code":"16036","codesPostaux":["16250"],"centre":{"type":"Point","coordinates":[0.0786,45.5019]},"surface":838.12,"population":290,"departement":{"code":"16","nom":"Charente"},"region":{"code":"75","nom":"Nouvelle-Aquitaine"}},{"nom":"Bellon","code":"16037","codesPostaux":["16210"],"centre":{"type":"Point","coordinates":[0.1156,45.3114]},"surface":915.66,"population":145,"departement":{"code":"16","nom":"Charente"},"region":{"code":"75","nom":"Nouvelle-Aquitaine"}},{"nom":"Benest","code":"16038","codesPostaux":["16350"],"centre":{"type":"Point","coordinates":[0.451,46.042]},"surface":2108.96,"population":307,"departement":{"code":"16","nom":"Charente"},"region":{"code":"75","nom":"Nouvelle-Aquitaine"}},{"nom":"Bernac","code":"16039","codesPostaux":["16700"],"centre":{"type":"Point","coordinates":[0.1689,46.0543]},"surface":855.74,"population":465,"departement":{"code":"16","nom":"Charente"},"region":{"code":"75","nom":"Nouvelle-Aquitaine"}},{"nom":"Berneuil","code":"16040","codesPostaux":["16480"],"centre":{"type":"Point","coordinates":[-0.0714,45.3903]},"surface":1650.92,"population":325,"departement":{"code":"16","nom":"Charente"},"region":{"code":"75","nom":"Nouvelle-Aquitaine"}},{"nom":"Bessac","code":"16041","codesPostaux":["16250"],"centre":{"type":"Point","coordinates":[-0.0118,45.4306]},"surface":1054.74,"population":122,"departement":{"code":"16","nom":"Charente"},"region":{"code":"75","nom":"Nouvelle-Aquitaine"}},{"nom":"Bessé","code":"16042","codesPostaux":["16140"],"centre":{"type":"Point","coordinates":[0.0805,45.9572]},"surface":772.37,"population":120,"departement":{"code":"16","nom":"Charente"},"region":{"code":"75","nom":"Nouvelle-Aquitaine"}},{"nom":"Bioussac","code":"16044","codesPostaux":["16700"],"centre":{"type":"Point","coordinates":[0.2671,46.0296]},"surface":1586,"population":206,"departement":{"code":"16","nom":"Charente"},"region":{"code":"75","nom":"Nouvelle-Aquitaine"}},{"nom":"Birac","code":"16045","codesPostaux":["16120"],"centre":{"type":"Point","coordinates":[-0.0559,45.5628]},"surface":1187.92,"population":374,"departement":{"code":"16","nom":"Charente"},"region":{"code":"75","nom":"Nouvelle-Aquitaine"}},{"nom":"Coteaux-du-Blanzacais","code":"16046","codesPostaux":["16250"],"centre":{"type":"Point","coordinates":[0.0214,45.4586]},"surface":2393.67,"population":1013,"departement":{"code":"16","nom":"Charente"},"region":{"code":"75","nom":"Nouvelle-Aquitaine"}},{"nom":"Blanzaguet-Saint-Cybard","code":"16047","codesPostaux":["16320"],"centre":{"type":"Point","coordinates":[0.3099,45.4717]},"surface":1195.29,"population":270,"departement":{"code":"16","nom":"Charente"},"region":{"code":"75","nom":"Nouvelle-Aquitaine"}},{"nom":"Boisbreteau","code":"16048","codesPostaux":["16480"],"centre":{"type":"Point","coordinates":[-0.1562,45.3266]},"surface":1524.87,"population":136,"departement":{"code":"16","nom":"Charente"},"region":{"code":"75","nom":"Nouvelle-Aquitaine"}},{"nom":"Bonnes","code":"16049","codesPostaux":["16390"],"centre":{"type":"Point","coordinates":[0.145,45.2356]},"surface":1474.63,"population":364,"departement":{"code":"16","nom":"Charente"},"region":{"code":"75","nom":"Nouvelle-Aquitaine"}},{"nom":"Bonneuil","code":"16050","codesPostaux":["16120"],"centre":{"type":"Point","coordinates":[-0.1329,45.5766]},"surface":1364.29,"population":247,"departement":{"code":"16","nom":"Charente"},"region":{"code":"75","nom":"Nouvelle-Aquitaine"}},{"nom":"Bors (Canton de Tude-et-Lavalette)","code":"16052","codesPostaux":["16190"],"centre":{"type":"Point","coordinates":[0.1476,45.3421]},"surface":1616.95,"population":223,"departement":{"code":"16","nom":"Charente"},"region":{"code":"75","nom":"Nouvelle-Aquitaine"}},{"nom":"Bors (Canton de Charente-Sud)","code":"16053","codesPostaux":["16360"],"centre":{"type":"Point","coordinates":[-0.2004,45.3265]},"surface":1230.19,"population":119,"departement":{"code":"16","nom":"Charente"},"region":{"code":"75","nom":"Nouvelle-Aquitaine"}},{"nom":"Le Bouchage","code":"16054","codesPostaux":["16350"],"centre":{"type":"Point","coordinates":[0.3766,46.0477]},"surface":1647.82,"population":175,"departement":{"code":"16","nom":"Charente"},"region":{"code":"75","nom":"Nouvelle-Aquitaine"}},{"nom":"Bouëx","code":"16055","codesPostaux":["16410"],"centre":{"type":"Point","coordinates":[0.3208,45.6279]},"surface":1574.23,"population":825,"departement":{"code":"16","nom":"Charente"},"region":{"code":"75","nom":"Nouvelle-Aquitaine"}},{"nom":"Bourg-Charente","code":"16056","codesPostaux":["16200"],"centre":{"type":"Point","coordinates":[-0.2243,45.6644]},"surface":1197.7,"population":887,"departement":{"code":"16","nom":"Charente"},"region":{"code":"75","nom":"Nouvelle-Aquitaine"}},{"nom":"Bouteville","code":"16057","codesPostaux":["16120"],"centre":{"type":"Point","coordinates":[-0.1242,45.6105]},"surface":1212.53,"population":313,"departement":{"code":"16","nom":"Charente"},"region":{"code":"75","nom":"Nouvelle-Aquitaine"}},{"nom":"Boutiers-Saint-Trojan","code":"16058","codesPostaux":["16100"],"centre":{"type":"Point","coordinates":[-0.2956,45.714]},"surface":711.55,"population":1387,"departement":{"code":"16","nom":"Charente"},"region":{"code":"75","nom":"Nouvelle-Aquitaine"}},{"nom":"Brettes","code":"16059","codesPostaux":["16240"],"centre":{"type":"Point","coordinates":[0.026,45.9975]},"surface":1241.02,"population":162,"departement":{"code":"16","nom":"Charente"},"region":{"code":"75","nom":"Nouvelle-Aquitaine"}},{"nom":"Bréville","code":"16060","codesPostaux":["16370"],"centre":{"type":"Point","coordinates":[-0.2744,45.7848]},"surface":1566.28,"population":436,"departement":{"code":"16","nom":"Charente"},"region":{"code":"75","nom":"Nouvelle-Aquitaine"}},{"nom":"Brie","code":"16061","codesPostaux":["16590"],"centre":{"type":"Point","coordinates":[0.2623,45.7329]},"surface":3421.94,"population":4125,"departement":{"code":"16","nom":"Charente"},"region":{"code":"75","nom":"Nouvelle-Aquitaine"}},{"nom":"Brie-sous-Barbezieux","code":"16062","codesPostaux":["16300"],"centre":{"type":"Point","coordinates":[-0.0418,45.4242]},"surface":647.88,"population":109,"departement":{"code":"16","nom":"Charente"},"region":{"code":"75","nom":"Nouvelle-Aquitaine"}},{"nom":"Brie-sous-Chalais","code":"16063","codesPostaux":["16210"],"centre":{"type":"Point","coordinates":[0.0093,45.3206]},"surface":1039.57,"population":157,"departement":{"code":"16","nom":"Charente"},"region":{"code":"75","nom":"Nouvelle-Aquitaine"}},{"nom":"Brigueuil","code":"16064","codesPostaux":["16420"],"centre":{"type":"Point","coordinates":[0.8769,45.9503]},"surface":4692.92,"population":1095,"departement":{"code":"16","nom":"Charente"},"region":{"code":"75","nom":"Nouvelle-Aquitaine"}},{"nom":"Brillac","code":"16065","codesPostaux":["16500"],"centre":{"type":"Point","coordinates":[0.7651,46.0708]},"surface":4246.42,"population":591,"departement":{"code":"16","nom":"Charente"},"region":{"code":"75","nom":"Nouvelle-Aquitaine"}},{"nom":"Brossac","code":"16066","codesPostaux":["16480"],"centre":{"type":"Point","coordinates":[-0.0507,45.3269]},"surface":2190.95,"population":482,"departement":{"code":"16","nom":"Charente"},"region":{"code":"75","nom":"Nouvelle-Aquitaine"}},{"nom":"Bunzac","code":"16067","codesPostaux":["16110"],"centre":{"type":"Point","coordinates":[0.3444,45.6989]},"surface":1343.71,"population":447,"departement":{"code":"16","nom":"Charente"},"region":{"code":"75","nom":"Nouvelle-Aquitaine"}},{"nom":"Cellefrouin","code":"16068","codesPostaux":["16260"],"centre":{"type":"Point","coordinates":[0.3866,45.8851]},"surface":4005.33,"population":598,"departement":{"code":"16","nom":"Charente"},"region":{"code":"75","nom":"Nouvelle-Aquitaine"}},{"nom":"Cellettes","code":"16069","codesPostaux":["16230"],"centre":{"type":"Point","coordinates":[0.1447,45.8641]},"surface":940.07,"population":393,"departement":{"code":"16","nom":"Charente"},"region":{"code":"75","nom":"Nouvelle-Aquitaine"}},{"nom":"Chabanais","code":"16070","codesPostaux":["16150"],"centre":{"type":"Point","coordinates":[0.7076,45.8656]},"surface":1496.64,"population":1589,"departement":{"code":"16","nom":"Charente"},"region":{"code":"75","nom":"Nouvelle-Aquitaine"}},{"nom":"Chabrac","code":"16071","codesPostaux":["16150"],"centre":{"type":"Point","coordinates":[0.7462,45.9236]},"surface":2255.37,"population":603,"departement":{"code":"16","nom":"Charente"},"region":{"code":"75","nom":"Nouvelle-Aquitaine"}},{"nom":"Chadurie","code":"16072","codesPostaux":["16250"],"centre":{"type":"Point","coordinates":[0.1454,45.4924]},"surface":1651.88,"population":505,"departement":{"code":"16","nom":"Charente"},"region":{"code":"75","nom":"Nouvelle-Aquitaine"}},{"nom":"Chalais","code":"16073","codesPostaux":["16210"],"centre":{"type":"Point","coordinates":[0.0372,45.2746]},"surface":1766.84,"population":1812,"departement":{"code":"16","nom":"Charente"},"region":{"code":"75","nom":"Nouvelle-Aquitaine"}},{"nom":"Challignac","code":"16074","codesPostaux":["16300"],"centre":{"type":"Point","coordinates":[-0.0811,45.4263]},"surface":1319.59,"population":335,"departement":{"code":"16","nom":"Charente"},"region":{"code":"75","nom":"Nouvelle-Aquitaine"}},{"nom":"Champagne-Vigny","code":"16075","codesPostaux":["16250"],"centre":{"type":"Point","coordinates":[0.0423,45.5097]},"surface":838.99,"population":234,"departement":{"code":"16","nom":"Charente"},"region":{"code":"75","nom":"Nouvelle-Aquitaine"}},{"nom":"Champagne-Mouton","code":"16076","codesPostaux":["16350"],"centre":{"type":"Point","coordinates":[0.4135,46.0003]},"surface":2270.26,"population":873,"departement":{"code":"16","nom":"Charente"},"region":{"code":"75","nom":"Nouvelle-Aquitaine"}},{"nom":"Champmillon","code":"16077","codesPostaux":["16290"],"centre":{"type":"Point","coordinates":[0.0075,45.6464]},"surface":957.44,"population":534,"departement":{"code":"16","nom":"Charente"},"region":{"code":"75","nom":"Nouvelle-Aquitaine"}},{"nom":"Champniers","code":"16078","codesPostaux":["16430"],"centre":{"type":"Point","coordinates":[0.2059,45.7167]},"surface":4530.31,"population":5281,"departement":{"code":"16","nom":"Charente"},"region":{"code":"75","nom":"Nouvelle-Aquitaine"}},{"nom":"Chantillac","code":"16079","codesPostaux":["16360"],"centre":{"type":"Point","coordinates":[-0.2526,45.3235]},"surface":1796.74,"population":370,"departement":{"code":"16","nom":"Charente"},"region":{"code":"75","nom":"Nouvelle-Aquitaine"}},{"nom":"La Chapelle","code":"16081","codesPostaux":["16140"],"centre":{"type":"Point","coordinates":[0.0534,45.8295]},"surface":773.51,"population":175,"departement":{"code":"16","nom":"Charente"},"region":{"code":"75","nom":"Nouvelle-Aquitaine"}},{"nom":"Boisné-La Tude","code":"16082","codesPostaux":["16320"],"centre":{"type":"Point","coordinates":[0.1976,45.4697]},"surface":3449.56,"population":662,"departement":{"code":"16","nom":"Charente"},"region":{"code":"75","nom":"Nouvelle-Aquitaine"}},{"nom":"Charmé","code":"16083","codesPostaux":["16140"],"centre":{"type":"Point","coordinates":[0.1205,45.9508]},"surface":1147.35,"population":336,"departement":{"code":"16","nom":"Charente"},"region":{"code":"75","nom":"Nouvelle-Aquitaine"}},{"nom":"Charras","code":"16084","codesPostaux":["16380"],"centre":{"type":"Point","coordinates":[0.4265,45.5449]},"surface":1527.9,"population":346,"departement":{"code":"16","nom":"Charente"},"region":{"code":"75","nom":"Nouvelle-Aquitaine"}},{"nom":"Chasseneuil-sur-Bonnieure","code":"16085","codesPostaux":["16260"],"centre":{"type":"Point","coordinates":[0.4453,45.8242]},"surface":3323.13,"population":3111,"departement":{"code":"16","nom":"Charente"},"region":{"code":"75","nom":"Nouvelle-Aquitaine"}},{"nom":"Chassenon","code":"16086","codesPostaux":["16150"],"centre":{"type":"Point","coordinates":[0.7721,45.8489]},"surface":2359.54,"population":836,"departement":{"code":"16","nom":"Charente"},"region":{"code":"75","nom":"Nouvelle-Aquitaine"}},{"nom":"Chassiecq","code":"16087","codesPostaux":["16350"],"centre":{"type":"Point","coordinates":[0.3695,45.9518]},"surface":1312.75,"population":147,"departement":{"code":"16","nom":"Charente"},"region":{"code":"75","nom":"Nouvelle-Aquitaine"}},{"nom":"Chassors","code":"16088","codesPostaux":["16200"],"centre":{"type":"Point","coordinates":[-0.208,45.7095]},"surface":1340.06,"population":1123,"departement":{"code":"16","nom":"Charente"},"region":{"code":"75","nom":"Nouvelle-Aquitaine"}},{"nom":"Châteaubernard","code":"16089","codesPostaux":["16100"],"centre":{"type":"Point","coordinates":[-0.3168,45.6753]},"surface":1342.49,"population":3878,"departement":{"code":"16","nom":"Charente"},"region":{"code":"75","nom":"Nouvelle-Aquitaine"}},{"nom":"Châteauneuf-sur-Charente","code":"16090","codesPostaux":["16120"],"centre":{"type":"Point","coordinates":[-0.0559,45.5968]},"surface":2407.46,"population":3550,"departement":{"code":"16","nom":"Charente"},"region":{"code":"75","nom":"Nouvelle-Aquitaine"}},{"nom":"Châtignac","code":"16091","codesPostaux":["16480"],"centre":{"type":"Point","coordinates":[-0.0034,45.3489]},"surface":977.64,"population":163,"departement":{"code":"16","nom":"Charente"},"region":{"code":"75","nom":"Nouvelle-Aquitaine"}},{"nom":"Chazelles","code":"16093","codesPostaux":["16380"],"centre":{"type":"Point","coordinates":[0.3572,45.6459]},"surface":2594.82,"population":1543,"departement":{"code":"16","nom":"Charente"},"region":{"code":"75","nom":"Nouvelle-Aquitaine"}},{"nom":"Chenon","code":"16095","codesPostaux":["16460"],"centre":{"type":"Point","coordinates":[0.2246,45.9457]},"surface":1048.76,"population":124,"departement":{"code":"16","nom":"Charente"},"region":{"code":"75","nom":"Nouvelle-Aquitaine"}},{"nom":"Cherves-Châtelars","code":"16096","codesPostaux":["16310"],"centre":{"type":"Point","coordinates":[0.5502,45.8073]},"surface":3071.12,"population":414,"departement":{"code":"16","nom":"Charente"},"region":{"code":"75","nom":"Nouvelle-Aquitaine"}},{"nom":"Val-de-Cognac","code":"16097","codesPostaux":["16370"],"centre":{"type":"Point","coordinates":[-0.374,45.748]},"surface":6096.82,"population":3471,"departement":{"code":"16","nom":"Charente"},"region":{"code":"75","nom":"Nouvelle-Aquitaine"}},{"nom":"La Chèvrerie","code":"16098","codesPostaux":["16240"],"centre":{"type":"Point","coordinates":[0.134,46.0444]},"surface":468.55,"population":136,"departement":{"code":"16","nom":"Charente"},"region":{"code":"75","nom":"Nouvelle-Aquitaine"}},{"nom":"Chillac","code":"16099","codesPostaux":["16480"],"centre":{"type":"Point","coordinates":[-0.0845,45.3573]},"surface":1476.38,"population":227,"departement":{"code":"16","nom":"Charente"},"region":{"code":"75","nom":"Nouvelle-Aquitaine"}},{"nom":"Chirac","code":"16100","codesPostaux":["16150"],"centre":{"type":"Point","coordinates":[0.6875,45.9154]},"surface":3448.72,"population":781,"departement":{"code":"16","nom":"Charente"},"region":{"code":"75","nom":"Nouvelle-Aquitaine"}},{"nom":"Claix","code":"16101","codesPostaux":["16440"],"centre":{"type":"Point","coordinates":[0.0536,45.5513]},"surface":1489.12,"population":1049,"departement":{"code":"16","nom":"Charente"},"region":{"code":"75","nom":"Nouvelle-Aquitaine"}},{"nom":"Cognac","code":"16102","codesPostaux":["16100"],"centre":{"type":"Point","coordinates":[-0.3376,45.696]},"surface":1491.2,"population":18532,"departement":{"code":"16","nom":"Charente"},"region":{"code":"75","nom":"Nouvelle-Aquitaine"}},{"nom":"Combiers","code":"16103","codesPostaux":["16320"],"centre":{"type":"Point","coordinates":[0.4135,45.5124]},"surface":2408.79,"population":128,"departement":{"code":"16","nom":"Charente"},"region":{"code":"75","nom":"Nouvelle-Aquitaine"}},{"nom":"Condac","code":"16104","codesPostaux":["16700"],"centre":{"type":"Point","coordinates":[0.232,46.0303]},"surface":958.99,"population":456,"departement":{"code":"16","nom":"Charente"},"region":{"code":"75","nom":"Nouvelle-Aquitaine"}},{"nom":"Condéon","code":"16105","codesPostaux":["16360"],"centre":{"type":"Point","coordinates":[-0.138,45.4034]},"surface":3113.53,"population":606,"departement":{"code":"16","nom":"Charente"},"region":{"code":"75","nom":"Nouvelle-Aquitaine"}},{"nom":"Confolens","code":"16106","codesPostaux":["16500"],"centre":{"type":"Point","coordinates":[0.6639,46.0245]},"surface":2364.32,"population":2730,"departement":{"code":"16","nom":"Charente"},"region":{"code":"75","nom":"Nouvelle-Aquitaine"}},{"nom":"Coulgens","code":"16107","codesPostaux":["16560"],"centre":{"type":"Point","coordinates":[0.2737,45.8134]},"surface":1181.3,"population":558,"departement":{"code":"16","nom":"Charente"},"region":{"code":"75","nom":"Nouvelle-Aquitaine"}},{"nom":"Coulonges","code":"16108","codesPostaux":["16330"],"centre":{"type":"Point","coordinates":[0.0885,45.8367]},"surface":300.47,"population":116,"departement":{"code":"16","nom":"Charente"},"region":{"code":"75","nom":"Nouvelle-Aquitaine"}},{"nom":"Courbillac","code":"16109","codesPostaux":["16200"],"centre":{"type":"Point","coordinates":[-0.1883,45.7737]},"surface":1192.3,"population":725,"departement":{"code":"16","nom":"Charente"},"region":{"code":"75","nom":"Nouvelle-Aquitaine"}},{"nom":"Courcôme","code":"16110","codesPostaux":["16240","16700"],"centre":{"type":"Point","coordinates":[0.1432,45.9862]},"surface":2995.08,"population":814,"departement":{"code":"16","nom":"Charente"},"region":{"code":"75","nom":"Nouvelle-Aquitaine"}},{"nom":"Courgeac","code":"16111","codesPostaux":["16190"],"centre":{"type":"Point","coordinates":[0.0793,45.3939]},"surface":1855.2,"population":167,"departement":{"code":"16","nom":"Charente"},"region":{"code":"75","nom":"Nouvelle-Aquitaine"}},{"nom":"Courlac","code":"16112","codesPostaux":["16210"],"centre":{"type":"Point","coordinates":[0.0852,45.3005]},"surface":661.45,"population":59,"departement":{"code":"16","nom":"Charente"},"region":{"code":"75","nom":"Nouvelle-Aquitaine"}},{"nom":"La Couronne","code":"16113","codesPostaux":["16400"],"centre":{"type":"Point","coordinates":[0.108,45.6095]},"surface":2873.25,"population":7765,"departement":{"code":"16","nom":"Charente"},"region":{"code":"75","nom":"Nouvelle-Aquitaine"}},{"nom":"Couture","code":"16114","codesPostaux":["16460"],"centre":{"type":"Point","coordinates":[0.2886,45.9296]},"surface":1048.74,"population":169,"departement":{"code":"16","nom":"Charente"},"region":{"code":"75","nom":"Nouvelle-Aquitaine"}},{"nom":"Criteuil-la-Magdeleine","code":"16116","codesPostaux":["16300"],"centre":{"type":"Point","coordinates":[-0.215,45.5357]},"surface":1522.01,"population":405,"departement":{"code":"16","nom":"Charente"},"region":{"code":"75","nom":"Nouvelle-Aquitaine"}},{"nom":"Curac","code":"16117","codesPostaux":["16210"],"centre":{"type":"Point","coordinates":[0.0234,45.295]},"surface":493.62,"population":113,"departement":{"code":"16","nom":"Charente"},"region":{"code":"75","nom":"Nouvelle-Aquitaine"}},{"nom":"Deviat","code":"16118","codesPostaux":["16190"],"centre":{"type":"Point","coordinates":[0.0174,45.4112]},"surface":843.34,"population":135,"departement":{"code":"16","nom":"Charente"},"region":{"code":"75","nom":"Nouvelle-Aquitaine"}},{"nom":"Dignac","code":"16119","codesPostaux":["16410"],"centre":{"type":"Point","coordinates":[0.2874,45.5549]},"surface":2766.28,"population":1362,"departement":{"code":"16","nom":"Charente"},"region":{"code":"75","nom":"Nouvelle-Aquitaine"}},{"nom":"Dirac","code":"16120","codesPostaux":["16410"],"centre":{"type":"Point","coordinates":[0.241,45.6013]},"surface":2952.64,"population":1516,"departement":{"code":"16","nom":"Charente"},"region":{"code":"75","nom":"Nouvelle-Aquitaine"}},{"nom":"Douzat","code":"16121","codesPostaux":["16290"],"centre":{"type":"Point","coordinates":[-0.0018,45.7038]},"surface":1152.44,"population":438,"departement":{"code":"16","nom":"Charente"},"region":{"code":"75","nom":"Nouvelle-Aquitaine"}},{"nom":"Ébréon","code":"16122","codesPostaux":["16140"],"centre":{"type":"Point","coordinates":[0.0293,45.9453]},"surface":1015.34,"population":139,"departement":{"code":"16","nom":"Charente"},"region":{"code":"75","nom":"Nouvelle-Aquitaine"}},{"nom":"Échallat","code":"16123","codesPostaux":["16170"],"centre":{"type":"Point","coordinates":[-0.0455,45.7182]},"surface":1527.79,"population":480,"departement":{"code":"16","nom":"Charente"},"region":{"code":"75","nom":"Nouvelle-Aquitaine"}},{"nom":"Écuras","code":"16124","codesPostaux":["16220"],"centre":{"type":"Point","coordinates":[0.5661,45.6833]},"surface":2428.93,"population":579,"departement":{"code":"16","nom":"Charente"},"region":{"code":"75","nom":"Nouvelle-Aquitaine"}},{"nom":"Édon","code":"16125","codesPostaux":["16320"],"centre":{"type":"Point","coordinates":[0.3526,45.4879]},"surface":1661.47,"population":272,"departement":{"code":"16","nom":"Charente"},"region":{"code":"75","nom":"Nouvelle-Aquitaine"}},{"nom":"Empuré","code":"16127","codesPostaux":["16240"],"centre":{"type":"Point","coordinates":[0.0507,46.0252]},"surface":849.34,"population":100,"departement":{"code":"16","nom":"Charente"},"region":{"code":"75","nom":"Nouvelle-Aquitaine"}},{"nom":"Épenède","code":"16128","codesPostaux":["16490"],"centre":{"type":"Point","coordinates":[0.5374,46.0669]},"surface":1574.53,"population":206,"departement":{"code":"16","nom":"Charente"},"region":{"code":"75","nom":"Nouvelle-Aquitaine"}},{"nom":"Les Essards","code":"16130","codesPostaux":["16210"],"centre":{"type":"Point","coordinates":[0.1099,45.2368]},"surface":906.15,"population":175,"departement":{"code":"16","nom":"Charente"},"region":{"code":"75","nom":"Nouvelle-Aquitaine"}},{"nom":"Esse","code":"16131","codesPostaux":["16500"],"centre":{"type":"Point","coordinates":[0.7221,46.0243]},"surface":3018.17,"population":518,"departement":{"code":"16","nom":"Charente"},"region":{"code":"75","nom":"Nouvelle-Aquitaine"}},{"nom":"Étagnac","code":"16132","codesPostaux":["16150"],"centre":{"type":"Point","coordinates":[0.7833,45.8927]},"surface":2945.17,"population":982,"departement":{"code":"16","nom":"Charente"},"region":{"code":"75","nom":"Nouvelle-Aquitaine"}},{"nom":"Étriac","code":"16133","codesPostaux":["16250"],"centre":{"type":"Point","coordinates":[-0.0081,45.5281]},"surface":958.02,"population":206,"departement":{"code":"16","nom":"Charente"},"region":{"code":"75","nom":"Nouvelle-Aquitaine"}},{"nom":"Exideuil-sur-Vienne","code":"16134","codesPostaux":["16150"],"centre":{"type":"Point","coordinates":[0.6656,45.8786]},"surface":2059.55,"population":1035,"departement":{"code":"16","nom":"Charente"},"region":{"code":"75","nom":"Nouvelle-Aquitaine"}},{"nom":"Eymouthiers","code":"16135","codesPostaux":["16220"],"centre":{"type":"Point","coordinates":[0.5478,45.6459]},"surface":873.07,"population":315,"departement":{"code":"16","nom":"Charente"},"region":{"code":"75","nom":"Nouvelle-Aquitaine"}},{"nom":"La Faye","code":"16136","codesPostaux":["16700"],"centre":{"type":"Point","coordinates":[0.1601,46.0198]},"surface":1361.51,"population":617,"departement":{"code":"16","nom":"Charente"},"region":{"code":"75","nom":"Nouvelle-Aquitaine"}},{"nom":"Feuillade","code":"16137","codesPostaux":["16380"],"centre":{"type":"Point","coordinates":[0.4638,45.5919]},"surface":2200.41,"population":283,"departement":{"code":"16","nom":"Charente"},"region":{"code":"75","nom":"Nouvelle-Aquitaine"}},{"nom":"Fléac","code":"16138","codesPostaux":["16730"],"centre":{"type":"Point","coordinates":[0.0864,45.6756]},"surface":1258.86,"population":3861,"departement":{"code":"16","nom":"Charente"},"region":{"code":"75","nom":"Nouvelle-Aquitaine"}},{"nom":"Fleurac","code":"16139","codesPostaux":["16200"],"centre":{"type":"Point","coordinates":[-0.0838,45.718]},"surface":217.37,"population":201,"departement":{"code":"16","nom":"Charente"},"region":{"code":"75","nom":"Nouvelle-Aquitaine"}},{"nom":"Fontenille","code":"16141","codesPostaux":["16230"],"centre":{"type":"Point","coordinates":[0.171,45.9115]},"surface":950.19,"population":353,"departement":{"code":"16","nom":"Charente"},"region":{"code":"75","nom":"Nouvelle-Aquitaine"}},{"nom":"La Forêt-de-Tessé","code":"16142","codesPostaux":["16240"],"centre":{"type":"Point","coordinates":[0.0773,46.0755]},"surface":1092.94,"population":206,"departement":{"code":"16","nom":"Charente"},"region":{"code":"75","nom":"Nouvelle-Aquitaine"}},{"nom":"Fouquebrune","code":"16143","codesPostaux":["16410"],"centre":{"type":"Point","coordinates":[0.1993,45.5238]},"surface":2790.88,"population":714,"departement":{"code":"16","nom":"Charente"},"region":{"code":"75","nom":"Nouvelle-Aquitaine"}},{"nom":"Fouqueure","code":"16144","codesPostaux":["16140"],"centre":{"type":"Point","coordinates":[0.0709,45.887]},"surface":1652.13,"population":429,"departement":{"code":"16","nom":"Charente"},"region":{"code":"75","nom":"Nouvelle-Aquitaine"}},{"nom":"Foussignac","code":"16145","codesPostaux":["16200"],"centre":{"type":"Point","coordinates":[-0.1268,45.7145]},"surface":1517.54,"population":661,"departement":{"code":"16","nom":"Charente"},"region":{"code":"75","nom":"Nouvelle-Aquitaine"}},{"nom":"Garat","code":"16146","codesPostaux":["16410"],"centre":{"type":"Point","coordinates":[0.2605,45.6221]},"surface":1940.92,"population":2105,"departement":{"code":"16","nom":"Charente"},"region":{"code":"75","nom":"Nouvelle-Aquitaine"}},{"nom":"Genac-Bignac","code":"16148","codesPostaux":["16170"],"centre":{"type":"Point","coordinates":[0.0297,45.7986]},"surface":3369.77,"population":974,"departement":{"code":"16","nom":"Charente"},"region":{"code":"75","nom":"Nouvelle-Aquitaine"}},{"nom":"Gensac-la-Pallue","code":"16150","codesPostaux":["16130"],"centre":{"type":"Point","coordinates":[-0.2637,45.6587]},"surface":1912.79,"population":1627,"departement":{"code":"16","nom":"Charente"},"region":{"code":"75","nom":"Nouvelle-Aquitaine"}},{"nom":"Genté","code":"16151","codesPostaux":["16130"],"centre":{"type":"Point","coordinates":[-0.3051,45.6369]},"surface":1160.24,"population":924,"departement":{"code":"16","nom":"Charente"},"region":{"code":"75","nom":"Nouvelle-Aquitaine"}},{"nom":"Gimeux","code":"16152","codesPostaux":["16130"],"centre":{"type":"Point","coordinates":[-0.367,45.6383]},"surface":746.78,"population":742,"departement":{"code":"16","nom":"Charente"},"region":{"code":"75","nom":"Nouvelle-Aquitaine"}},{"nom":"Mainxe-Gondeville","code":"16153","codesPostaux":["16200"],"centre":{"type":"Point","coordinates":[-0.1674,45.658]},"surface":1560.12,"population":1195,"departement":{"code":"16","nom":"Charente"},"region":{"code":"75","nom":"Nouvelle-Aquitaine"}},{"nom":"Gond-Pontouvre","code":"16154","codesPostaux":["16160"],"centre":{"type":"Point","coordinates":[0.1664,45.6795]},"surface":744.67,"population":5862,"departement":{"code":"16","nom":"Charente"},"region":{"code":"75","nom":"Nouvelle-Aquitaine"}},{"nom":"Les Gours","code":"16155","codesPostaux":["16140"],"centre":{"type":"Point","coordinates":[-0.0662,45.9585]},"surface":1144.49,"population":91,"departement":{"code":"16","nom":"Charente"},"region":{"code":"75","nom":"Nouvelle-Aquitaine"}},{"nom":"Le Grand-Madieu","code":"16157","codesPostaux":["16450"],"centre":{"type":"Point","coordinates":[0.4483,45.9396]},"surface":836.43,"population":153,"departement":{"code":"16","nom":"Charente"},"region":{"code":"75","nom":"Nouvelle-Aquitaine"}},{"nom":"Grassac","code":"16158","codesPostaux":["16380"],"centre":{"type":"Point","coordinates":[0.393,45.5832]},"surface":2834.86,"population":308,"departement":{"code":"16","nom":"Charente"},"region":{"code":"75","nom":"Nouvelle-Aquitaine"}},{"nom":"Guimps","code":"16160","codesPostaux":["16300"],"centre":{"type":"Point","coordinates":[-0.2568,45.468]},"surface":1266.19,"population":497,"departement":{"code":"16","nom":"Charente"},"region":{"code":"75","nom":"Nouvelle-Aquitaine"}},{"nom":"Guizengeard","code":"16161","codesPostaux":["16480"],"centre":{"type":"Point","coordinates":[-0.1237,45.3106]},"surface":1483.14,"population":166,"departement":{"code":"16","nom":"Charente"},"region":{"code":"75","nom":"Nouvelle-Aquitaine"}},{"nom":"Gurat","code":"16162","codesPostaux":["16320"],"centre":{"type":"Point","coordinates":[0.2569,45.4389]},"surface":1599.04,"population":186,"departement":{"code":"16","nom":"Charente"},"region":{"code":"75","nom":"Nouvelle-Aquitaine"}},{"nom":"Hiersac","code":"16163","codesPostaux":["16290"],"centre":{"type":"Point","coordinates":[0.0085,45.6744]},"surface":745.19,"population":1142,"departement":{"code":"16","nom":"Charente"},"region":{"code":"75","nom":"Nouvelle-Aquitaine"}},{"nom":"Hiesse","code":"16164","codesPostaux":["16490"],"centre":{"type":"Point","coordinates":[0.5814,46.0494]},"surface":2487.96,"population":238,"departement":{"code":"16","nom":"Charente"},"region":{"code":"75","nom":"Nouvelle-Aquitaine"}},{"nom":"Houlette","code":"16165","codesPostaux":["16200"],"centre":{"type":"Point","coordinates":[-0.2075,45.7558]},"surface":724.38,"population":398,"departement":{"code":"16","nom":"Charente"},"region":{"code":"75","nom":"Nouvelle-Aquitaine"}},{"nom":"L'Isle-d'Espagnac","code":"16166","codesPostaux":["16340"],"centre":{"type":"Point","coordinates":[0.199,45.6623]},"surface":607.84,"population":5682,"departement":{"code":"16","nom":"Charente"},"region":{"code":"75","nom":"Nouvelle-Aquitaine"}},{"nom":"Jarnac","code":"16167","codesPostaux":["16200"],"centre":{"type":"Point","coordinates":[-0.1694,45.6877]},"surface":1195.17,"population":4486,"departement":{"code":"16","nom":"Charente"},"region":{"code":"75","nom":"Nouvelle-Aquitaine"}},{"nom":"Jauldes","code":"16168","codesPostaux":["16560"],"centre":{"type":"Point","coordinates":[0.2527,45.78]},"surface":2572.88,"population":847,"departement":{"code":"16","nom":"Charente"},"region":{"code":"75","nom":"Nouvelle-Aquitaine"}},{"nom":"Javrezac","code":"16169","codesPostaux":["16100"],"centre":{"type":"Point","coordinates":[-0.3618,45.6999]},"surface":364.72,"population":583,"departement":{"code":"16","nom":"Charente"},"region":{"code":"75","nom":"Nouvelle-Aquitaine"}},{"nom":"Juignac","code":"16170","codesPostaux":["16190"],"centre":{"type":"Point","coordinates":[0.1599,45.368]},"surface":2423.73,"population":388,"departement":{"code":"16","nom":"Charente"},"region":{"code":"75","nom":"Nouvelle-Aquitaine"}},{"nom":"Juillac-le-Coq","code":"16171","codesPostaux":["16130"],"centre":{"type":"Point","coordinates":[-0.2532,45.589]},"surface":1458.74,"population":653,"departement":{"code":"16","nom":"Charente"},"region":{"code":"75","nom":"Nouvelle-Aquitaine"}},{"nom":"Juillé","code":"16173","codesPostaux":["16230"],"centre":{"type":"Point","coordinates":[0.1432,45.9267]},"surface":866.74,"population":173,"departement":{"code":"16","nom":"Charente"},"region":{"code":"75","nom":"Nouvelle-Aquitaine"}},{"nom":"Julienne","code":"16174","codesPostaux":["16200"],"centre":{"type":"Point","coordinates":[-0.2308,45.6923]},"surface":637.94,"population":560,"departement":{"code":"16","nom":"Charente"},"region":{"code":"75","nom":"Nouvelle-Aquitaine"}},{"nom":"Val des Vignes","code":"16175","codesPostaux":["16250"],"centre":{"type":"Point","coordinates":[-0.0142,45.5065]},"surface":5097.83,"population":1352,"departement":{"code":"16","nom":"Charente"},"region":{"code":"75","nom":"Nouvelle-Aquitaine"}},{"nom":"Lachaise","code":"16176","codesPostaux":["16300"],"centre":{"type":"Point","coordinates":[-0.2413,45.5144]},"surface":949.83,"population":318,"departement":{"code":"16","nom":"Charente"},"region":{"code":"75","nom":"Nouvelle-Aquitaine"}},{"nom":"Ladiville","code":"16177","codesPostaux":["16120"],"centre":{"type":"Point","coordinates":[-0.0628,45.5112]},"surface":721.51,"population":135,"departement":{"code":"16","nom":"Charente"},"region":{"code":"75","nom":"Nouvelle-Aquitaine"}},{"nom":"Lagarde-sur-le-Né","code":"16178","codesPostaux":["16300"],"centre":{"type":"Point","coordinates":[-0.2048,45.5144]},"surface":413.68,"population":189,"departement":{"code":"16","nom":"Charente"},"region":{"code":"75","nom":"Nouvelle-Aquitaine"}},{"nom":"Laprade","code":"16180","codesPostaux":["16390"],"centre":{"type":"Point","coordinates":[0.1866,45.2792]},"surface":1037.1,"population":248,"departement":{"code":"16","nom":"Charente"},"region":{"code":"75","nom":"Nouvelle-Aquitaine"}},{"nom":"Lessac","code":"16181","codesPostaux":["16500"],"centre":{"type":"Point","coordinates":[0.648,46.0701]},"surface":3437.61,"population":549,"departement":{"code":"16","nom":"Charente"},"region":{"code":"75","nom":"Nouvelle-Aquitaine"}},{"nom":"Lesterps","code":"16182","codesPostaux":["16420"],"centre":{"type":"Point","coordinates":[0.7915,46.0132]},"surface":3598.6,"population":439,"departement":{"code":"16","nom":"Charente"},"region":{"code":"75","nom":"Nouvelle-Aquitaine"}},{"nom":"Lésignac-Durand","code":"16183","codesPostaux":["16310"],"centre":{"type":"Point","coordinates":[0.6427,45.8159]},"surface":1990.28,"population":167,"departement":{"code":"16","nom":"Charente"},"region":{"code":"75","nom":"Nouvelle-Aquitaine"}},{"nom":"Lichères","code":"16184","codesPostaux":["16460"],"centre":{"type":"Point","coordinates":[0.2195,45.906]},"surface":491.28,"population":99,"departement":{"code":"16","nom":"Charente"},"region":{"code":"75","nom":"Nouvelle-Aquitaine"}},{"nom":"Ligné","code":"16185","codesPostaux":["16140"],"centre":{"type":"Point","coordinates":[0.1041,45.9157]},"surface":800.02,"population":144,"departement":{"code":"16","nom":"Charente"},"region":{"code":"75","nom":"Nouvelle-Aquitaine"}},{"nom":"Lignières-Ambleville","code":"16186","codesPostaux":["16130","16300"],"centre":{"type":"Point","coordinates":[-0.1963,45.5652]},"surface":2150.17,"population":690,"departement":{"code":"16","nom":"Charente"},"region":{"code":"75","nom":"Nouvelle-Aquitaine"}},{"nom":"Linars","code":"16187","codesPostaux":["16730"],"centre":{"type":"Point","coordinates":[0.0744,45.6561]},"surface":602.22,"population":2115,"departement":{"code":"16","nom":"Charente"},"region":{"code":"75","nom":"Nouvelle-Aquitaine"}},{"nom":"Le Lindois","code":"16188","codesPostaux":["16310"],"centre":{"type":"Point","coordinates":[0.5936,45.754]},"surface":1803.5,"population":339,"departement":{"code":"16","nom":"Charente"},"region":{"code":"75","nom":"Nouvelle-Aquitaine"}},{"nom":"Londigny","code":"16189","codesPostaux":["16700"],"centre":{"type":"Point","coordinates":[0.1434,46.0854]},"surface":979.09,"population":237,"departement":{"code":"16","nom":"Charente"},"region":{"code":"75","nom":"Nouvelle-Aquitaine"}},{"nom":"Longré","code":"16190","codesPostaux":["16240"],"centre":{"type":"Point","coordinates":[-0.0248,45.9946]},"surface":1480.34,"population":193,"departement":{"code":"16","nom":"Charente"},"region":{"code":"75","nom":"Nouvelle-Aquitaine"}},{"nom":"Lonnes","code":"16191","codesPostaux":["16230"],"centre":{"type":"Point","coordinates":[0.1775,45.9394]},"surface":751.85,"population":185,"departement":{"code":"16","nom":"Charente"},"region":{"code":"75","nom":"Nouvelle-Aquitaine"}},{"nom":"Terres-de-Haute-Charente","code":"16192","codesPostaux":["16270"],"centre":{"type":"Point","coordinates":[0.583,45.8874]},"surface":8655.55,"population":3777,"departement":{"code":"16","nom":"Charente"},"region":{"code":"75","nom":"Nouvelle-Aquitaine"}},{"nom":"Louzac-Saint-André","code":"16193","codesPostaux":["16100"],"centre":{"type":"Point","coordinates":[-0.3955,45.7251]},"surface":1018.51,"population":946,"departement":{"code":"16","nom":"Charente"},"region":{"code":"75","nom":"Nouvelle-Aquitaine"}},{"nom":"Lupsault","code":"16194","codesPostaux":["16140"],"centre":{"type":"Point","coordinates":[-0.0593,45.9378]},"surface":1149.09,"population":109,"departement":{"code":"16","nom":"Charente"},"region":{"code":"75","nom":"Nouvelle-Aquitaine"}},{"nom":"Lussac","code":"16195","codesPostaux":["16450"],"centre":{"type":"Point","coordinates":[0.4629,45.8566]},"surface":1162.26,"population":292,"departement":{"code":"16","nom":"Charente"},"region":{"code":"75","nom":"Nouvelle-Aquitaine"}},{"nom":"Luxé","code":"16196","codesPostaux":["16230"],"centre":{"type":"Point","coordinates":[0.1237,45.8958]},"surface":1221.89,"population":748,"departement":{"code":"16","nom":"Charente"},"region":{"code":"75","nom":"Nouvelle-Aquitaine"}},{"nom":"La Magdeleine","code":"16197","codesPostaux":["16240"],"centre":{"type":"Point","coordinates":[0.0788,46.049]},"surface":674.84,"population":118,"departement":{"code":"16","nom":"Charente"},"region":{"code":"75","nom":"Nouvelle-Aquitaine"}},{"nom":"Magnac-lès-Gardes","code":"16198","codesPostaux":["16320"],"centre":{"type":"Point","coordinates":[0.2741,45.5087]},"surface":3722.03,"population":741,"departement":{"code":"16","nom":"Charente"},"region":{"code":"75","nom":"Nouvelle-Aquitaine"}},{"nom":"Magnac-sur-Touvre","code":"16199","codesPostaux":["16600"],"centre":{"type":"Point","coordinates":[0.2384,45.6558]},"surface":782.74,"population":3255,"departement":{"code":"16","nom":"Charente"},"region":{"code":"75","nom":"Nouvelle-Aquitaine"}},{"nom":"Maine-de-Boixe","code":"16200","codesPostaux":["16230"],"centre":{"type":"Point","coordinates":[0.1775,45.8486]},"surface":934.85,"population":473,"departement":{"code":"16","nom":"Charente"},"region":{"code":"75","nom":"Nouvelle-Aquitaine"}},{"nom":"Mainzac","code":"16203","codesPostaux":["16380"],"centre":{"type":"Point","coordinates":[0.4779,45.5544]},"surface":1140.41,"population":125,"departement":{"code":"16","nom":"Charente"},"region":{"code":"75","nom":"Nouvelle-Aquitaine"}},{"nom":"Bellevigne","code":"16204","codesPostaux":["16120"],"centre":{"type":"Point","coordinates":[-0.1185,45.5566]},"surface":4394.06,"population":1271,"departement":{"code":"16","nom":"Charente"},"region":{"code":"75","nom":"Nouvelle-Aquitaine"}},{"nom":"Manot","code":"16205","codesPostaux":["16500"],"centre":{"type":"Point","coordinates":[0.6157,45.9278]},"surface":2037.99,"population":555,"departement":{"code":"16","nom":"Charente"},"region":{"code":"75","nom":"Nouvelle-Aquitaine"}},{"nom":"Mansle-les-Fontaines","code":"16206","codesPostaux":["16230"],"centre":{"type":"Point","coordinates":[0.1866,45.8874]},"surface":1132.16,"population":2088,"departement":{"code":"16","nom":"Charente"},"region":{"code":"75","nom":"Nouvelle-Aquitaine"}},{"nom":"Marcillac-Lanville","code":"16207","codesPostaux":["16140"],"centre":{"type":"Point","coordinates":[0.0177,45.8576]},"surface":1855.27,"population":521,"departement":{"code":"16","nom":"Charente"},"region":{"code":"75","nom":"Nouvelle-Aquitaine"}},{"nom":"Mareuil","code":"16208","codesPostaux":["16170"],"centre":{"type":"Point","coordinates":[-0.1348,45.7746]},"surface":1154.07,"population":398,"departement":{"code":"16","nom":"Charente"},"region":{"code":"75","nom":"Nouvelle-Aquitaine"}},{"nom":"Marillac-le-Franc","code":"16209","codesPostaux":["16110"],"centre":{"type":"Point","coordinates":[0.4363,45.732]},"surface":1443.11,"population":825,"departement":{"code":"16","nom":"Charente"},"region":{"code":"75","nom":"Nouvelle-Aquitaine"}},{"nom":"Marsac","code":"16210","codesPostaux":["16570"],"centre":{"type":"Point","coordinates":[0.076,45.7412]},"surface":1336.79,"population":742,"departement":{"code":"16","nom":"Charente"},"region":{"code":"75","nom":"Nouvelle-Aquitaine"}},{"nom":"Marthon","code":"16211","codesPostaux":["16380"],"centre":{"type":"Point","coordinates":[0.4477,45.6154]},"surface":1284.85,"population":554,"departement":{"code":"16","nom":"Charente"},"region":{"code":"75","nom":"Nouvelle-Aquitaine"}},{"nom":"Massignac","code":"16212","codesPostaux":["16310"],"centre":{"type":"Point","coordinates":[0.6497,45.7793]},"surface":2401.94,"population":358,"departement":{"code":"16","nom":"Charente"},"region":{"code":"75","nom":"Nouvelle-Aquitaine"}},{"nom":"Mazerolles","code":"16213","codesPostaux":["16310"],"centre":{"type":"Point","coordinates":[0.5201,45.7412]},"surface":1745.51,"population":314,"departement":{"code":"16","nom":"Charente"},"region":{"code":"75","nom":"Nouvelle-Aquitaine"}},{"nom":"Médillac","code":"16215","codesPostaux":["16210"],"centre":{"type":"Point","coordinates":[0.0147,45.2135]},"surface":588.08,"population":150,"departement":{"code":"16","nom":"Charente"},"region":{"code":"75","nom":"Nouvelle-Aquitaine"}},{"nom":"Mérignac","code":"16216","codesPostaux":["16200"],"centre":{"type":"Point","coordinates":[-0.0693,45.6936]},"surface":1870.91,"population":805,"departement":{"code":"16","nom":"Charente"},"region":{"code":"75","nom":"Nouvelle-Aquitaine"}},{"nom":"Merpins","code":"16217","codesPostaux":["16100"],"centre":{"type":"Point","coordinates":[-0.376,45.6704]},"surface":1051.49,"population":1085,"departement":{"code":"16","nom":"Charente"},"region":{"code":"75","nom":"Nouvelle-Aquitaine"}},{"nom":"Mesnac","code":"16218","codesPostaux":["16370"],"centre":{"type":"Point","coordinates":[-0.3433,45.7744]},"surface":656.88,"population":404,"departement":{"code":"16","nom":"Charente"},"region":{"code":"75","nom":"Nouvelle-Aquitaine"}},{"nom":"Les Métairies","code":"16220","codesPostaux":["16200"],"centre":{"type":"Point","coordinates":[-0.1749,45.7119]},"surface":524.79,"population":707,"departement":{"code":"16","nom":"Charente"},"region":{"code":"75","nom":"Nouvelle-Aquitaine"}},{"nom":"Mons","code":"16221","codesPostaux":["16140"],"centre":{"type":"Point","coordinates":[-0.0318,45.8734]},"surface":2022.42,"population":240,"departement":{"code":"16","nom":"Charente"},"region":{"code":"75","nom":"Nouvelle-Aquitaine"}},{"nom":"Montboyer","code":"16222","codesPostaux":["16620"],"centre":{"type":"Point","coordinates":[0.0707,45.329]},"surface":2674.3,"population":341,"departement":{"code":"16","nom":"Charente"},"region":{"code":"75","nom":"Nouvelle-Aquitaine"}},{"nom":"Montbron","code":"16223","codesPostaux":["16220"],"centre":{"type":"Point","coordinates":[0.4999,45.6731]},"surface":4315.5,"population":2000,"departement":{"code":"16","nom":"Charente"},"region":{"code":"75","nom":"Nouvelle-Aquitaine"}},{"nom":"Montmérac","code":"16224","codesPostaux":["16300"],"centre":{"type":"Point","coordinates":[-0.2169,45.4404]},"surface":2323.69,"population":730,"departement":{"code":"16","nom":"Charente"},"region":{"code":"75","nom":"Nouvelle-Aquitaine"}},{"nom":"Montembœuf","code":"16225","codesPostaux":["16310"],"centre":{"type":"Point","coordinates":[0.5499,45.7745]},"surface":1604.44,"population":654,"departement":{"code":"16","nom":"Charente"},"region":{"code":"75","nom":"Nouvelle-Aquitaine"}},{"nom":"Montignac-le-Coq","code":"16227","codesPostaux":["16390"],"centre":{"type":"Point","coordinates":[0.2158,45.3418]},"surface":1025.84,"population":130,"departement":{"code":"16","nom":"Charente"},"region":{"code":"75","nom":"Nouvelle-Aquitaine"}},{"nom":"Montjean","code":"16229","codesPostaux":["16240"],"centre":{"type":"Point","coordinates":[0.1122,46.0831]},"surface":813.61,"population":237,"departement":{"code":"16","nom":"Charente"},"region":{"code":"75","nom":"Nouvelle-Aquitaine"}},{"nom":"Montmoreau","code":"16230","codesPostaux":["16190"],"centre":{"type":"Point","coordinates":[0.1524,45.4062]},"surface":6508.68,"population":2403,"departement":{"code":"16","nom":"Charente"},"region":{"code":"75","nom":"Nouvelle-Aquitaine"}},{"nom":"Montrollet","code":"16231","codesPostaux":["16420"],"centre":{"type":"Point","coordinates":[0.8988,45.9949]},"surface":2210.78,"population":323,"departement":{"code":"16","nom":"Charente"},"region":{"code":"75","nom":"Nouvelle-Aquitaine"}},{"nom":"Mornac","code":"16232","codesPostaux":["16600"],"centre":{"type":"Point","coordinates":[0.2896,45.6839]},"surface":2332.07,"population":2107,"departement":{"code":"16","nom":"Charente"},"region":{"code":"75","nom":"Nouvelle-Aquitaine"}},{"nom":"Mosnac-Saint-Simeux","code":"16233","codesPostaux":["16120"],"centre":{"type":"Point","coordinates":[-0.0276,45.627]},"surface":1577.26,"population":950,"departement":{"code":"16","nom":"Charente"},"region":{"code":"75","nom":"Nouvelle-Aquitaine"}},{"nom":"Moulidars","code":"16234","codesPostaux":["16290"],"centre":{"type":"Point","coordinates":[-0.0428,45.6678]},"surface":1723.37,"population":662,"departement":{"code":"16","nom":"Charente"},"region":{"code":"75","nom":"Nouvelle-Aquitaine"}},{"nom":"Mouthiers-sur-Boëme","code":"16236","codesPostaux":["16440"],"centre":{"type":"Point","coordinates":[0.1252,45.5571]},"surface":3486.65,"population":2359,"departement":{"code":"16","nom":"Charente"},"region":{"code":"75","nom":"Nouvelle-Aquitaine"}},{"nom":"Mouton","code":"16237","codesPostaux":["16460"],"centre":{"type":"Point","coordinates":[0.2358,45.8887]},"surface":907.09,"population":223,"departement":{"code":"16","nom":"Charente"},"region":{"code":"75","nom":"Nouvelle-Aquitaine"}},{"nom":"Mouzon","code":"16239","codesPostaux":["16310"],"centre":{"type":"Point","coordinates":[0.6136,45.7965]},"surface":1070.8,"population":142,"departement":{"code":"16","nom":"Charente"},"region":{"code":"75","nom":"Nouvelle-Aquitaine"}},{"nom":"Nabinaud","code":"16240","codesPostaux":["16390"],"centre":{"type":"Point","coordinates":[0.2092,45.2919]},"surface":592.76,"population":99,"departement":{"code":"16","nom":"Charente"},"region":{"code":"75","nom":"Nouvelle-Aquitaine"}},{"nom":"Nanclars","code":"16241","codesPostaux":["16230"],"centre":{"type":"Point","coordinates":[0.2226,45.8446]},"surface":580.65,"population":211,"departement":{"code":"16","nom":"Charente"},"region":{"code":"75","nom":"Nouvelle-Aquitaine"}},{"nom":"Nanteuil-en-Vallée","code":"16242","codesPostaux":["16700"],"centre":{"type":"Point","coordinates":[0.3208,46.0091]},"surface":6871.41,"population":1354,"departement":{"code":"16","nom":"Charente"},"region":{"code":"75","nom":"Nouvelle-Aquitaine"}},{"nom":"Nercillac","code":"16243","codesPostaux":["16200"],"centre":{"type":"Point","coordinates":[-0.2676,45.7255]},"surface":1638.34,"population":1051,"departement":{"code":"16","nom":"Charente"},"region":{"code":"75","nom":"Nouvelle-Aquitaine"}},{"nom":"Nersac","code":"16244","codesPostaux":["16440"],"centre":{"type":"Point","coordinates":[0.0677,45.6235]},"surface":925.72,"population":2246,"departement":{"code":"16","nom":"Charente"},"region":{"code":"75","nom":"Nouvelle-Aquitaine"}},{"nom":"Nieuil","code":"16245","codesPostaux":["16270"],"centre":{"type":"Point","coordinates":[0.5217,45.8846]},"surface":2380.23,"population":883,"departement":{"code":"16","nom":"Charente"},"region":{"code":"75","nom":"Nouvelle-Aquitaine"}},{"nom":"Nonac","code":"16246","codesPostaux":["16190"],"centre":{"type":"Point","coordinates":[0.0549,45.4176]},"surface":2104.4,"population":266,"departement":{"code":"16","nom":"Charente"},"region":{"code":"75","nom":"Nouvelle-Aquitaine"}},{"nom":"Oradour","code":"16248","codesPostaux":["16140"],"centre":{"type":"Point","coordinates":[-0.0379,45.9134]},"surface":1447.35,"population":163,"departement":{"code":"16","nom":"Charente"},"region":{"code":"75","nom":"Nouvelle-Aquitaine"}},{"nom":"Oradour-Fanais","code":"16249","codesPostaux":["16500"],"centre":{"type":"Point","coordinates":[0.7818,46.1126]},"surface":2642.09,"population":342,"departement":{"code":"16","nom":"Charente"},"region":{"code":"75","nom":"Nouvelle-Aquitaine"}},{"nom":"Orgedeuil","code":"16250","codesPostaux":["16220"],"centre":{"type":"Point","coordinates":[0.4867,45.7016]},"surface":1041.98,"population":207,"departement":{"code":"16","nom":"Charente"},"region":{"code":"75","nom":"Nouvelle-Aquitaine"}},{"nom":"Oriolles","code":"16251","codesPostaux":["16480"],"centre":{"type":"Point","coordinates":[-0.1434,45.355]},"surface":1833.3,"population":242,"departement":{"code":"16","nom":"Charente"},"region":{"code":"75","nom":"Nouvelle-Aquitaine"}},{"nom":"Orival","code":"16252","codesPostaux":["16210"],"centre":{"type":"Point","coordinates":[0.0716,45.2836]},"surface":546.93,"population":149,"departement":{"code":"16","nom":"Charente"},"region":{"code":"75","nom":"Nouvelle-Aquitaine"}},{"nom":"Paizay-Naudouin-Embourie","code":"16253","codesPostaux":["16240"],"centre":{"type":"Point","coordinates":[0.0071,46.0318]},"surface":2582.46,"population":337,"departement":{"code":"16","nom":"Charente"},"region":{"code":"75","nom":"Nouvelle-Aquitaine"}},{"nom":"Palluaud","code":"16254","codesPostaux":["16390"],"centre":{"type":"Point","coordinates":[0.241,45.3463]},"surface":862.33,"population":215,"departement":{"code":"16","nom":"Charente"},"region":{"code":"75","nom":"Nouvelle-Aquitaine"}},{"nom":"Parzac","code":"16255","codesPostaux":["16450"],"centre":{"type":"Point","coordinates":[0.4221,45.9264]},"surface":1134.03,"population":143,"departement":{"code":"16","nom":"Charente"},"region":{"code":"75","nom":"Nouvelle-Aquitaine"}},{"nom":"Passirac","code":"16256","codesPostaux":["16480"],"centre":{"type":"Point","coordinates":[-0.0608,45.343]},"surface":1470.22,"population":250,"departement":{"code":"16","nom":"Charente"},"region":{"code":"75","nom":"Nouvelle-Aquitaine"}},{"nom":"Pérignac","code":"16258","codesPostaux":["16250"],"centre":{"type":"Point","coordinates":[0.0813,45.4649]},"surface":2550.23,"population":495,"departement":{"code":"16","nom":"Charente"},"region":{"code":"75","nom":"Nouvelle-Aquitaine"}},{"nom":"Pillac","code":"16260","codesPostaux":["16390"],"centre":{"type":"Point","coordinates":[0.1773,45.326]},"surface":1963.3,"population":243,"departement":{"code":"16","nom":"Charente"},"region":{"code":"75","nom":"Nouvelle-Aquitaine"}},{"nom":"Les Pins","code":"16261","codesPostaux":["16260"],"centre":{"type":"Point","coordinates":[0.3711,45.8111]},"surface":2103.64,"population":506,"departement":{"code":"16","nom":"Charente"},"region":{"code":"75","nom":"Nouvelle-Aquitaine"}},{"nom":"Plassac-Rouffiac","code":"16263","codesPostaux":["16250"],"centre":{"type":"Point","coordinates":[0.0769,45.5251]},"surface":1202.26,"population":371,"departement":{"code":"16","nom":"Charente"},"region":{"code":"75","nom":"Nouvelle-Aquitaine"}},{"nom":"Pleuville","code":"16264","codesPostaux":["16490"],"centre":{"type":"Point","coordinates":[0.4916,46.0952]},"surface":3339.03,"population":313,"departement":{"code":"16","nom":"Charente"},"region":{"code":"75","nom":"Nouvelle-Aquitaine"}},{"nom":"Poullignac","code":"16267","codesPostaux":["16190"],"centre":{"type":"Point","coordinates":[-0.0087,45.3969]},"surface":899.03,"population":107,"departement":{"code":"16","nom":"Charente"},"region":{"code":"75","nom":"Nouvelle-Aquitaine"}},{"nom":"Poursac","code":"16268","codesPostaux":["16700"],"centre":{"type":"Point","coordinates":[0.2649,45.9607]},"surface":1143.44,"population":185,"departement":{"code":"16","nom":"Charente"},"region":{"code":"75","nom":"Nouvelle-Aquitaine"}},{"nom":"Pranzac","code":"16269","codesPostaux":["16110"],"centre":{"type":"Point","coordinates":[0.3475,45.6745]},"surface":1510.27,"population":872,"departement":{"code":"16","nom":"Charente"},"region":{"code":"75","nom":"Nouvelle-Aquitaine"}},{"nom":"Pressignac","code":"16270","codesPostaux":["16150"],"centre":{"type":"Point","coordinates":[0.7371,45.8177]},"surface":2810.1,"population":398,"departement":{"code":"16","nom":"Charente"},"region":{"code":"75","nom":"Nouvelle-Aquitaine"}},{"nom":"Puymoyen","code":"16271","codesPostaux":["16400"],"centre":{"type":"Point","coordinates":[0.1704,45.611]},"surface":741.74,"population":2403,"departement":{"code":"16","nom":"Charente"},"region":{"code":"75","nom":"Nouvelle-Aquitaine"}},{"nom":"Puyréaux","code":"16272","codesPostaux":["16230"],"centre":{"type":"Point","coordinates":[0.2121,45.8636]},"surface":814.18,"population":582,"departement":{"code":"16","nom":"Charente"},"region":{"code":"75","nom":"Nouvelle-Aquitaine"}},{"nom":"Raix","code":"16273","codesPostaux":["16240"],"centre":{"type":"Point","coordinates":[0.1167,46.003]},"surface":691.91,"population":134,"departement":{"code":"16","nom":"Charente"},"region":{"code":"75","nom":"Nouvelle-Aquitaine"}},{"nom":"Ranville-Breuillaud","code":"16275","codesPostaux":["16140"],"centre":{"type":"Point","coordinates":[-0.1206,45.9103]},"surface":1287.44,"population":157,"departement":{"code":"16","nom":"Charente"},"region":{"code":"75","nom":"Nouvelle-Aquitaine"}},{"nom":"Reignac","code":"16276","codesPostaux":["16360"],"centre":{"type":"Point","coordinates":[-0.1752,45.4271]},"surface":2200.18,"population":712,"departement":{"code":"16","nom":"Charente"},"region":{"code":"75","nom":"Nouvelle-Aquitaine"}},{"nom":"Réparsac","code":"16277","codesPostaux":["16200"],"centre":{"type":"Point","coordinates":[-0.2537,45.7354]},"surface":1117.66,"population":631,"departement":{"code":"16","nom":"Charente"},"region":{"code":"75","nom":"Nouvelle-Aquitaine"}},{"nom":"Rioux-Martin","code":"16279","codesPostaux":["16210"],"centre":{"type":"Point","coordinates":[-0.0055,45.2445]},"surface":1465.66,"population":231,"departement":{"code":"16","nom":"Charente"},"region":{"code":"75","nom":"Nouvelle-Aquitaine"}},{"nom":"Rivières","code":"16280","codesPostaux":["16110"],"centre":{"type":"Point","coordinates":[0.3492,45.7657]},"surface":2174.96,"population":2015,"departement":{"code":"16","nom":"Charente"},"region":{"code":"75","nom":"Nouvelle-Aquitaine"}},{"nom":"La Rochefoucauld-en-Angoumois","code":"16281","codesPostaux":["16110"],"centre":{"type":"Point","coordinates":[0.3583,45.736]},"surface":2425.52,"population":4025,"departement":{"code":"16","nom":"Charente"},"region":{"code":"75","nom":"Nouvelle-Aquitaine"}},{"nom":"La Rochette","code":"16282","codesPostaux":["16110"],"centre":{"type":"Point","coordinates":[0.3092,45.7987]},"surface":1115.44,"population":523,"departement":{"code":"16","nom":"Charente"},"region":{"code":"75","nom":"Nouvelle-Aquitaine"}},{"nom":"Ronsenac","code":"16283","codesPostaux":["16320"],"centre":{"type":"Point","coordinates":[0.2425,45.4566]},"surface":2663.94,"population":571,"departement":{"code":"16","nom":"Charente"},"region":{"code":"75","nom":"Nouvelle-Aquitaine"}},{"nom":"Rouffiac","code":"16284","codesPostaux":["16210"],"centre":{"type":"Point","coordinates":[0.1007,45.2634]},"surface":982.38,"population":117,"departement":{"code":"16","nom":"Charente"},"region":{"code":"75","nom":"Nouvelle-Aquitaine"}},{"nom":"Rougnac","code":"16285","codesPostaux":["16320"],"centre":{"type":"Point","coordinates":[0.3539,45.5376]},"surface":2992.17,"population":395,"departement":{"code":"16","nom":"Charente"},"region":{"code":"75","nom":"Nouvelle-Aquitaine"}},{"nom":"Rouillac","code":"16286","codesPostaux":["16170"],"centre":{"type":"Point","coordinates":[-0.0729,45.7937]},"surface":5685.19,"population":2919,"departement":{"code":"16","nom":"Charente"},"region":{"code":"75","nom":"Nouvelle-Aquitaine"}},{"nom":"Roullet-Saint-Estèphe","code":"16287","codesPostaux":["16440"],"centre":{"type":"Point","coordinates":[0.0312,45.5776]},"surface":4174.32,"population":4357,"departement":{"code":"16","nom":"Charente"},"region":{"code":"75","nom":"Nouvelle-Aquitaine"}},{"nom":"Roussines","code":"16289","codesPostaux":["16310"],"centre":{"type":"Point","coordinates":[0.622,45.7227]},"surface":1603.5,"population":298,"departement":{"code":"16","nom":"Charente"},"region":{"code":"75","nom":"Nouvelle-Aquitaine"}},{"nom":"Rouzède","code":"16290","codesPostaux":["16220"],"centre":{"type":"Point","coordinates":[0.5664,45.7146]},"surface":1441.34,"population":231,"departement":{"code":"16","nom":"Charente"},"region":{"code":"75","nom":"Nouvelle-Aquitaine"}},{"nom":"Ruelle-sur-Touvre","code":"16291","codesPostaux":["16600"],"centre":{"type":"Point","coordinates":[0.2252,45.6865]},"surface":1062.43,"population":7408,"departement":{"code":"16","nom":"Charente"},"region":{"code":"75","nom":"Nouvelle-Aquitaine"}},{"nom":"Ruffec","code":"16292","codesPostaux":["16700"],"centre":{"type":"Point","coordinates":[0.1991,46.0383]},"surface":1351.43,"population":3449,"departement":{"code":"16","nom":"Charente"},"region":{"code":"75","nom":"Nouvelle-Aquitaine"}},{"nom":"Saint-Adjutory","code":"16293","codesPostaux":["16310"],"centre":{"type":"Point","coordinates":[0.481,45.7694]},"surface":1421.43,"population":503,"departement":{"code":"16","nom":"Charente"},"region":{"code":"75","nom":"Nouvelle-Aquitaine"}},{"nom":"Saint-Amant-de-Boixe","code":"16295","codesPostaux":["16330"],"centre":{"type":"Point","coordinates":[0.1347,45.8061]},"surface":2252,"population":1341,"departement":{"code":"16","nom":"Charente"},"region":{"code":"75","nom":"Nouvelle-Aquitaine"}},{"nom":"Graves-Saint-Amant","code":"16297","codesPostaux":["16120"],"centre":{"type":"Point","coordinates":[-0.1016,45.637]},"surface":899.2,"population":326,"departement":{"code":"16","nom":"Charente"},"region":{"code":"75","nom":"Nouvelle-Aquitaine"}},{"nom":"Saint-Amant-de-Nouère","code":"16298","codesPostaux":["16170"],"centre":{"type":"Point","coordinates":[-0.008,45.7344]},"surface":1119.7,"population":345,"departement":{"code":"16","nom":"Charente"},"region":{"code":"75","nom":"Nouvelle-Aquitaine"}},{"nom":"Val-de-Bonnieure","code":"16300","codesPostaux":["16230"],"centre":{"type":"Point","coordinates":[0.2901,45.8451]},"surface":2810.88,"population":1332,"departement":{"code":"16","nom":"Charente"},"region":{"code":"75","nom":"Nouvelle-Aquitaine"}},{"nom":"Saint-Aulais-la-Chapelle","code":"16301","codesPostaux":["16300"],"centre":{"type":"Point","coordinates":[-0.048,45.4463]},"surface":1480.87,"population":219,"departement":{"code":"16","nom":"Charente"},"region":{"code":"75","nom":"Nouvelle-Aquitaine"}},{"nom":"Saint-Avit","code":"16302","codesPostaux":["16210"],"centre":{"type":"Point","coordinates":[0.0442,45.2435]},"surface":367.4,"population":215,"departement":{"code":"16","nom":"Charente"},"region":{"code":"75","nom":"Nouvelle-Aquitaine"}},{"nom":"Saint-Bonnet","code":"16303","codesPostaux":["16300"],"centre":{"type":"Point","coordinates":[-0.0895,45.4701]},"surface":1779.63,"population":409,"departement":{"code":"16","nom":"Charente"},"region":{"code":"75","nom":"Nouvelle-Aquitaine"}},{"nom":"Saint-Brice","code":"16304","codesPostaux":["16100"],"centre":{"type":"Point","coordinates":[-0.2674,45.6891]},"surface":934.78,"population":982,"departement":{"code":"16","nom":"Charente"},"region":{"code":"75","nom":"Nouvelle-Aquitaine"}},{"nom":"Saint-Christophe","code":"16306","codesPostaux":["16420"],"centre":{"type":"Point","coordinates":[0.8565,46.0028]},"surface":2335.28,"population":334,"departement":{"code":"16","nom":"Charente"},"region":{"code":"75","nom":"Nouvelle-Aquitaine"}},{"nom":"Saint-Ciers-sur-Bonnieure","code":"16307","codesPostaux":["16230"],"centre":{"type":"Point","coordinates":[0.2435,45.859]},"surface":1039.44,"population":312,"departement":{"code":"16","nom":"Charente"},"region":{"code":"75","nom":"Nouvelle-Aquitaine"}},{"nom":"Saint-Claud","code":"16308","codesPostaux":["16450"],"centre":{"type":"Point","coordinates":[0.4834,45.8971]},"surface":2671.42,"population":1032,"departement":{"code":"16","nom":"Charente"},"region":{"code":"75","nom":"Nouvelle-Aquitaine"}},{"nom":"Saint-Coutant","code":"16310","codesPostaux":["16350"],"centre":{"type":"Point","coordinates":[0.4641,45.9923]},"surface":1954.08,"population":206,"departement":{"code":"16","nom":"Charente"},"region":{"code":"75","nom":"Nouvelle-Aquitaine"}},{"nom":"Saint-Cybardeaux","code":"16312","codesPostaux":["16170"],"centre":{"type":"Point","coordinates":[-0.0257,45.7727]},"surface":2100,"population":771,"departement":{"code":"16","nom":"Charente"},"region":{"code":"75","nom":"Nouvelle-Aquitaine"}},{"nom":"Saint-Félix","code":"16315","codesPostaux":["16480"],"centre":{"type":"Point","coordinates":[0.0123,45.3692]},"surface":811.51,"population":102,"departement":{"code":"16","nom":"Charente"},"region":{"code":"75","nom":"Nouvelle-Aquitaine"}},{"nom":"Saint-Fort-sur-le-Né","code":"16316","codesPostaux":["16130"],"centre":{"type":"Point","coordinates":[-0.3072,45.5817]},"surface":675.79,"population":386,"departement":{"code":"16","nom":"Charente"},"region":{"code":"75","nom":"Nouvelle-Aquitaine"}},{"nom":"Saint-Fraigne","code":"16317","codesPostaux":["16140"],"centre":{"type":"Point","coordinates":[-0.0159,45.9501]},"surface":3223.59,"population":427,"departement":{"code":"16","nom":"Charente"},"region":{"code":"75","nom":"Nouvelle-Aquitaine"}},{"nom":"Saint-Front","code":"16318","codesPostaux":["16460"],"centre":{"type":"Point","coordinates":[0.2831,45.8969]},"surface":1330.55,"population":355,"departement":{"code":"16","nom":"Charente"},"region":{"code":"75","nom":"Nouvelle-Aquitaine"}},{"nom":"Saint-Genis-d'Hiersac","code":"16320","codesPostaux":["16570"],"centre":{"type":"Point","coordinates":[0.0438,45.7493]},"surface":1930.48,"population":942,"departement":{"code":"16","nom":"Charente"},"region":{"code":"75","nom":"Nouvelle-Aquitaine"}},{"nom":"Saint-Georges","code":"16321","codesPostaux":["16700"],"centre":{"type":"Point","coordinates":[0.2701,45.9751]},"surface":222.19,"population":44,"departement":{"code":"16","nom":"Charente"},"region":{"code":"75","nom":"Nouvelle-Aquitaine"}},{"nom":"Saint-Germain-de-Montbron","code":"16323","codesPostaux":["16380"],"centre":{"type":"Point","coordinates":[0.4129,45.6357]},"surface":1500.3,"population":500,"departement":{"code":"16","nom":"Charente"},"region":{"code":"75","nom":"Nouvelle-Aquitaine"}},{"nom":"Saint-Gourson","code":"16325","codesPostaux":["16700"],"centre":{"type":"Point","coordinates":[0.309,45.951]},"surface":1006.03,"population":133,"departement":{"code":"16","nom":"Charente"},"region":{"code":"75","nom":"Nouvelle-Aquitaine"}},{"nom":"Saint-Groux","code":"16326","codesPostaux":["16230"],"centre":{"type":"Point","coordinates":[0.1587,45.8904]},"surface":449.68,"population":136,"departement":{"code":"16","nom":"Charente"},"region":{"code":"75","nom":"Nouvelle-Aquitaine"}},{"nom":"Saint-Laurent-de-Céris","code":"16329","codesPostaux":["16450"],"centre":{"type":"Point","coordinates":[0.4977,45.9461]},"surface":2974.44,"population":720,"departement":{"code":"16","nom":"Charente"},"region":{"code":"75","nom":"Nouvelle-Aquitaine"}},{"nom":"Saint-Laurent-de-Cognac","code":"16330","codesPostaux":["16100"],"centre":{"type":"Point","coordinates":[-0.3958,45.695]},"surface":1087.83,"population":832,"departement":{"code":"16","nom":"Charente"},"region":{"code":"75","nom":"Nouvelle-Aquitaine"}},{"nom":"Saint-Laurent-des-Combes","code":"16331","codesPostaux":["16480"],"centre":{"type":"Point","coordinates":[0.0353,45.3537]},"surface":771.52,"population":97,"departement":{"code":"16","nom":"Charente"},"region":{"code":"75","nom":"Nouvelle-Aquitaine"}},{"nom":"Saint-Martial","code":"16334","codesPostaux":["16190"],"centre":{"type":"Point","coordinates":[0.0638,45.3715]},"surface":932.07,"population":122,"departement":{"code":"16","nom":"Charente"},"region":{"code":"75","nom":"Nouvelle-Aquitaine"}},{"nom":"Saint-Martin-du-Clocher","code":"16335","codesPostaux":["16700"],"centre":{"type":"Point","coordinates":[0.1477,46.0678]},"surface":681.35,"population":126,"departement":{"code":"16","nom":"Charente"},"region":{"code":"75","nom":"Nouvelle-Aquitaine"}},{"nom":"Saint-Mary","code":"16336","codesPostaux":["16260"],"centre":{"type":"Point","coordinates":[0.3619,45.8457]},"surface":2176.95,"population":354,"departement":{"code":"16","nom":"Charente"},"region":{"code":"75","nom":"Nouvelle-Aquitaine"}},{"nom":"Saint-Maurice-des-Lions","code":"16337","codesPostaux":["16500"],"centre":{"type":"Point","coordinates":[0.7026,45.9634]},"surface":5003.99,"population":892,"departement":{"code":"16","nom":"Charente"},"region":{"code":"75","nom":"Nouvelle-Aquitaine"}},{"nom":"Saint-Médard","code":"16338","codesPostaux":["16300"],"centre":{"type":"Point","coordinates":[-0.1322,45.507]},"surface":830.53,"population":303,"departement":{"code":"16","nom":"Charente"},"region":{"code":"75","nom":"Nouvelle-Aquitaine"}},{"nom":"Val-d'Auge","code":"16339","codesPostaux":["16170"],"centre":{"type":"Point","coordinates":[-0.0866,45.8397]},"surface":4485.67,"population":792,"departement":{"code":"16","nom":"Charente"},"region":{"code":"75","nom":"Nouvelle-Aquitaine"}},{"nom":"Saint-Même-les-Carrières","code":"16340","codesPostaux":["16720"],"centre":{"type":"Point","coordinates":[-0.1435,45.6455]},"surface":1515.29,"population":1023,"departement":{"code":"16","nom":"Charente"},"region":{"code":"75","nom":"Nouvelle-Aquitaine"}},{"nom":"Saint-Michel","code":"16341","codesPostaux":["16470"],"centre":{"type":"Point","coordinates":[0.111,45.64]},"surface":248.68,"population":3196,"departement":{"code":"16","nom":"Charente"},"region":{"code":"75","nom":"Nouvelle-Aquitaine"}},{"nom":"Saint-Palais-du-Né","code":"16342","codesPostaux":["16300"],"centre":{"type":"Point","coordinates":[-0.2852,45.542]},"surface":1367,"population":305,"departement":{"code":"16","nom":"Charente"},"region":{"code":"75","nom":"Nouvelle-Aquitaine"}},{"nom":"Saint-Preuil","code":"16343","codesPostaux":["16130"],"centre":{"type":"Point","coordinates":[-0.1773,45.6001]},"surface":1253.97,"population":306,"departement":{"code":"16","nom":"Charente"},"region":{"code":"75","nom":"Nouvelle-Aquitaine"}},{"nom":"Saint-Quentin-sur-Charente","code":"16345","codesPostaux":["16150"],"centre":{"type":"Point","coordinates":[0.6768,45.8392]},"surface":1446.8,"population":199,"departement":{"code":"16","nom":"Charente"},"region":{"code":"75","nom":"Nouvelle-Aquitaine"}},{"nom":"Saint-Quentin-de-Chalais","code":"16346","codesPostaux":["16210"],"centre":{"type":"Point","coordinates":[0.0769,45.2452]},"surface":1245.94,"population":241,"departement":{"code":"16","nom":"Charente"},"region":{"code":"75","nom":"Nouvelle-Aquitaine"}},{"nom":"Saint-Romain","code":"16347","codesPostaux":["16210"],"centre":{"type":"Point","coordinates":[0.1322,45.2846]},"surface":2295.79,"population":514,"departement":{"code":"16","nom":"Charente"},"region":{"code":"75","nom":"Nouvelle-Aquitaine"}},{"nom":"Saint-Saturnin","code":"16348","codesPostaux":["16290"],"centre":{"type":"Point","coordinates":[0.0424,45.6702]},"surface":1353.68,"population":1284,"departement":{"code":"16","nom":"Charente"},"region":{"code":"75","nom":"Nouvelle-Aquitaine"}},{"nom":"Sainte-Sévère","code":"16349","codesPostaux":["16200"],"centre":{"type":"Point","coordinates":[-0.257,45.7674]},"surface":1843.46,"population":519,"departement":{"code":"16","nom":"Charente"},"region":{"code":"75","nom":"Nouvelle-Aquitaine"}},{"nom":"Saint-Séverin","code":"16350","codesPostaux":["16390"],"centre":{"type":"Point","coordinates":[0.2427,45.3118]},"surface":1503.12,"population":784,"departement":{"code":"16","nom":"Charente"},"region":{"code":"75","nom":"Nouvelle-Aquitaine"}},{"nom":"Saint-Simon","code":"16352","codesPostaux":["16120"],"centre":{"type":"Point","coordinates":[-0.0763,45.6549]},"surface":375.46,"population":233,"departement":{"code":"16","nom":"Charente"},"region":{"code":"75","nom":"Nouvelle-Aquitaine"}},{"nom":"Saint-Sornin","code":"16353","codesPostaux":["16220"],"centre":{"type":"Point","coordinates":[0.4453,45.6954]},"surface":1126.64,"population":844,"departement":{"code":"16","nom":"Charente"},"region":{"code":"75","nom":"Nouvelle-Aquitaine"}},{"nom":"Sainte-Souline","code":"16354","codesPostaux":["16480"],"centre":{"type":"Point","coordinates":[-0.0201,45.3757]},"surface":735.97,"population":112,"departement":{"code":"16","nom":"Charente"},"region":{"code":"75","nom":"Nouvelle-Aquitaine"}},{"nom":"Saint-Sulpice-de-Ruffec","code":"16356","codesPostaux":["16460"],"centre":{"type":"Point","coordinates":[0.3191,45.9369]},"surface":239.7,"population":45,"departement":{"code":"16","nom":"Charente"},"region":{"code":"75","nom":"Nouvelle-Aquitaine"}},{"nom":"Saint-Vallier","code":"16357","codesPostaux":["16480"],"centre":{"type":"Point","coordinates":[-0.0731,45.2833]},"surface":1825.36,"population":139,"departement":{"code":"16","nom":"Charente"},"region":{"code":"75","nom":"Nouvelle-Aquitaine"}},{"nom":"Saint-Yrieix-sur-Charente","code":"16358","codesPostaux":["16710"],"centre":{"type":"Point","coordinates":[0.126,45.6816]},"surface":1473.88,"population":7539,"departement":{"code":"16","nom":"Charente"},"region":{"code":"75","nom":"Nouvelle-Aquitaine"}},{"nom":"Salles-d'Angles","code":"16359","codesPostaux":["16130"],"centre":{"type":"Point","coordinates":[-0.3481,45.621]},"surface":2173.85,"population":1011,"departement":{"code":"16","nom":"Charente"},"region":{"code":"75","nom":"Nouvelle-Aquitaine"}},{"nom":"Salles-de-Barbezieux","code":"16360","codesPostaux":["16300"],"centre":{"type":"Point","coordinates":[-0.1259,45.4542]},"surface":985.11,"population":407,"departement":{"code":"16","nom":"Charente"},"region":{"code":"75","nom":"Nouvelle-Aquitaine"}},{"nom":"Salles-de-Villefagnan","code":"16361","codesPostaux":["16700"],"centre":{"type":"Point","coordinates":[0.1702,45.9594]},"surface":1302.75,"population":313,"departement":{"code":"16","nom":"Charente"},"region":{"code":"75","nom":"Nouvelle-Aquitaine"}},{"nom":"Salles-Lavalette","code":"16362","codesPostaux":["16190"],"centre":{"type":"Point","coordinates":[0.2336,45.3867]},"surface":2047.97,"population":317,"departement":{"code":"16","nom":"Charente"},"region":{"code":"75","nom":"Nouvelle-Aquitaine"}},{"nom":"Saulgond","code":"16363","codesPostaux":["16420"],"centre":{"type":"Point","coordinates":[0.7839,45.9532]},"surface":2739.72,"population":530,"departement":{"code":"16","nom":"Charente"},"region":{"code":"75","nom":"Nouvelle-Aquitaine"}},{"nom":"Sauvagnac","code":"16364","codesPostaux":["16310"],"centre":{"type":"Point","coordinates":[0.6482,45.7483]},"surface":727.59,"population":66,"departement":{"code":"16","nom":"Charente"},"region":{"code":"75","nom":"Nouvelle-Aquitaine"}},{"nom":"Sauvignac","code":"16365","codesPostaux":["16480"],"centre":{"type":"Point","coordinates":[-0.0828,45.2662]},"surface":1170.7,"population":95,"departement":{"code":"16","nom":"Charente"},"region":{"code":"75","nom":"Nouvelle-Aquitaine"}},{"nom":"Segonzac","code":"16366","codesPostaux":["16130"],"centre":{"type":"Point","coordinates":[-0.2124,45.6142]},"surface":3516.36,"population":2083,"departement":{"code":"16","nom":"Charente"},"region":{"code":"75","nom":"Nouvelle-Aquitaine"}},{"nom":"Sers","code":"16368","codesPostaux":["16410"],"centre":{"type":"Point","coordinates":[0.3172,45.582]},"surface":1419.5,"population":896,"departement":{"code":"16","nom":"Charente"},"region":{"code":"75","nom":"Nouvelle-Aquitaine"}},{"nom":"Sigogne","code":"16369","codesPostaux":["16200"],"centre":{"type":"Point","coordinates":[-0.1737,45.7318]},"surface":2215.94,"population":961,"departement":{"code":"16","nom":"Charente"},"region":{"code":"75","nom":"Nouvelle-Aquitaine"}},{"nom":"Sireuil","code":"16370","codesPostaux":["16440"],"centre":{"type":"Point","coordinates":[0.0206,45.6217]},"surface":1007.11,"population":1166,"departement":{"code":"16","nom":"Charente"},"region":{"code":"75","nom":"Nouvelle-Aquitaine"}},{"nom":"Souffrignac","code":"16372","codesPostaux":["16380"],"centre":{"type":"Point","coordinates":[0.496,45.5886]},"surface":947.09,"population":150,"departement":{"code":"16","nom":"Charente"},"region":{"code":"75","nom":"Nouvelle-Aquitaine"}},{"nom":"Souvigné","code":"16373","codesPostaux":["16240"],"centre":{"type":"Point","coordinates":[0.0528,45.9698]},"surface":1051.33,"population":182,"departement":{"code":"16","nom":"Charente"},"region":{"code":"75","nom":"Nouvelle-Aquitaine"}},{"nom":"Soyaux","code":"16374","codesPostaux":["16800"],"centre":{"type":"Point","coordinates":[0.2056,45.6388]},"surface":1275.71,"population":10087,"departement":{"code":"16","nom":"Charente"},"region":{"code":"75","nom":"Nouvelle-Aquitaine"}},{"nom":"Suaux","code":"16375","codesPostaux":["16260"],"centre":{"type":"Point","coordinates":[0.5153,45.8465]},"surface":1191.7,"population":378,"departement":{"code":"16","nom":"Charente"},"region":{"code":"75","nom":"Nouvelle-Aquitaine"}},{"nom":"La Tâche","code":"16377","codesPostaux":["16260"],"centre":{"type":"Point","coordinates":[0.3563,45.8688]},"surface":724.75,"population":105,"departement":{"code":"16","nom":"Charente"},"region":{"code":"75","nom":"Nouvelle-Aquitaine"}},{"nom":"Taizé-Aizie","code":"16378","codesPostaux":["16700"],"centre":{"type":"Point","coordinates":[0.2537,46.0669]},"surface":1486.82,"population":593,"departement":{"code":"16","nom":"Charente"},"region":{"code":"75","nom":"Nouvelle-Aquitaine"}},{"nom":"Taponnat-Fleurignac","code":"16379","codesPostaux":["16110"],"centre":{"type":"Point","coordinates":[0.4226,45.7713]},"surface":2158.21,"population":1593,"departement":{"code":"16","nom":"Charente"},"region":{"code":"75","nom":"Nouvelle-Aquitaine"}},{"nom":"Le Tâtre","code":"16380","codesPostaux":["16360"],"centre":{"type":"Point","coordinates":[-0.2022,45.3986]},"surface":605.74,"population":431,"departement":{"code":"16","nom":"Charente"},"region":{"code":"75","nom":"Nouvelle-Aquitaine"}},{"nom":"Theil-Rabier","code":"16381","codesPostaux":["16240"],"centre":{"type":"Point","coordinates":[0.0418,46.056]},"surface":756.44,"population":164,"departement":{"code":"16","nom":"Charente"},"region":{"code":"75","nom":"Nouvelle-Aquitaine"}},{"nom":"Torsac","code":"16382","codesPostaux":["16410"],"centre":{"type":"Point","coordinates":[0.2082,45.5664]},"surface":2852.99,"population":740,"departement":{"code":"16","nom":"Charente"},"region":{"code":"75","nom":"Nouvelle-Aquitaine"}},{"nom":"Tourriers","code":"16383","codesPostaux":["16560"],"centre":{"type":"Point","coordinates":[0.1952,45.79]},"surface":677.23,"population":802,"departement":{"code":"16","nom":"Charente"},"region":{"code":"75","nom":"Nouvelle-Aquitaine"}},{"nom":"Touvérac","code":"16384","codesPostaux":["16360"],"centre":{"type":"Point","coordinates":[-0.2001,45.3748]},"surface":1829.01,"population":583,"departement":{"code":"16","nom":"Charente"},"region":{"code":"75","nom":"Nouvelle-Aquitaine"}},{"nom":"Touvre","code":"16385","codesPostaux":["16600"],"centre":{"type":"Point","coordinates":[0.2695,45.6581]},"surface":916.83,"population":1150,"departement":{"code":"16","nom":"Charente"},"region":{"code":"75","nom":"Nouvelle-Aquitaine"}},{"nom":"Triac-Lautrait","code":"16387","codesPostaux":["16200"],"centre":{"type":"Point","coordinates":[-0.1193,45.6811]},"surface":649.09,"population":462,"departement":{"code":"16","nom":"Charente"},"region":{"code":"75","nom":"Nouvelle-Aquitaine"}},{"nom":"Trois-Palis","code":"16388","codesPostaux":["16730"],"centre":{"type":"Point","coordinates":[0.0481,45.6384]},"surface":419.91,"population":944,"departement":{"code":"16","nom":"Charente"},"region":{"code":"75","nom":"Nouvelle-Aquitaine"}},{"nom":"Turgon","code":"16389","codesPostaux":["16350"],"centre":{"type":"Point","coordinates":[0.4101,45.953]},"surface":723.95,"population":80,"departement":{"code":"16","nom":"Charente"},"region":{"code":"75","nom":"Nouvelle-Aquitaine"}},{"nom":"Tusson","code":"16390","codesPostaux":["16140"],"centre":{"type":"Point","coordinates":[0.0734,45.9304]},"surface":1398.56,"population":240,"departement":{"code":"16","nom":"Charente"},"region":{"code":"75","nom":"Nouvelle-Aquitaine"}},{"nom":"Valence","code":"16392","codesPostaux":["16460"],"centre":{"type":"Point","coordinates":[0.3199,45.8852]},"surface":1090.34,"population":192,"departement":{"code":"16","nom":"Charente"},"region":{"code":"75","nom":"Nouvelle-Aquitaine"}},{"nom":"La Boixe","code":"16393","codesPostaux":["16330"],"centre":{"type":"Point","coordinates":[0.134,45.7649]},"surface":3626.02,"population":2841,"departement":{"code":"16","nom":"Charente"},"region":{"code":"75","nom":"Nouvelle-Aquitaine"}},{"nom":"Vaux-Lavalette","code":"16394","codesPostaux":["16320"],"centre":{"type":"Point","coordinates":[0.2407,45.4178]},"surface":678.33,"population":79,"departement":{"code":"16","nom":"Charente"},"region":{"code":"75","nom":"Nouvelle-Aquitaine"}},{"nom":"Vaux-Rouillac","code":"16395","codesPostaux":["16170"],"centre":{"type":"Point","coordinates":[-0.0891,45.7431]},"surface":1336.03,"population":294,"departement":{"code":"16","nom":"Charente"},"region":{"code":"75","nom":"Nouvelle-Aquitaine"}},{"nom":"Ventouse","code":"16396","codesPostaux":["16460"],"centre":{"type":"Point","coordinates":[0.3228,45.9097]},"surface":1010.25,"population":122,"departement":{"code":"16","nom":"Charente"},"region":{"code":"75","nom":"Nouvelle-Aquitaine"}},{"nom":"Verdille","code":"16397","codesPostaux":["16140"],"centre":{"type":"Point","coordinates":[-0.0965,45.8814]},"surface":1444.84,"population":385,"departement":{"code":"16","nom":"Charente"},"region":{"code":"75","nom":"Nouvelle-Aquitaine"}},{"nom":"Verneuil","code":"16398","codesPostaux":["16310"],"centre":{"type":"Point","coordinates":[0.6979,45.7823]},"surface":783.49,"population":92,"departement":{"code":"16","nom":"Charente"},"region":{"code":"75","nom":"Nouvelle-Aquitaine"}},{"nom":"Verrières","code":"16399","codesPostaux":["16130"],"centre":{"type":"Point","coordinates":[-0.2619,45.5605]},"surface":1340.63,"population":310,"departement":{"code":"16","nom":"Charente"},"region":{"code":"75","nom":"Nouvelle-Aquitaine"}},{"nom":"Verteuil-sur-Charente","code":"16400","codesPostaux":["16510"],"centre":{"type":"Point","coordinates":[0.2296,45.9683]},"surface":1427.62,"population":580,"departement":{"code":"16","nom":"Charente"},"region":{"code":"75","nom":"Nouvelle-Aquitaine"}},{"nom":"Vervant","code":"16401","codesPostaux":["16330"],"centre":{"type":"Point","coordinates":[0.1318,45.8335]},"surface":954.01,"population":147,"departement":{"code":"16","nom":"Charente"},"region":{"code":"75","nom":"Nouvelle-Aquitaine"}},{"nom":"Vibrac","code":"16402","codesPostaux":["16120"],"centre":{"type":"Point","coordinates":[-0.0588,45.6433]},"surface":283.57,"population":307,"departement":{"code":"16","nom":"Charente"},"region":{"code":"75","nom":"Nouvelle-Aquitaine"}},{"nom":"Le Vieux-Cérier","code":"16403","codesPostaux":["16350"],"centre":{"type":"Point","coordinates":[0.4476,45.9792]},"surface":971.94,"population":129,"departement":{"code":"16","nom":"Charente"},"region":{"code":"75","nom":"Nouvelle-Aquitaine"}},{"nom":"Vieux-Ruffec","code":"16404","codesPostaux":["16350"],"centre":{"type":"Point","coordinates":[0.3792,46.0153]},"surface":1278.69,"population":106,"departement":{"code":"16","nom":"Charente"},"region":{"code":"75","nom":"Nouvelle-Aquitaine"}},{"nom":"Vignolles","code":"16405","codesPostaux":["16300"],"centre":{"type":"Point","coordinates":[-0.0997,45.5086]},"surface":880.08,"population":170,"departement":{"code":"16","nom":"Charente"},"region":{"code":"75","nom":"Nouvelle-Aquitaine"}},{"nom":"Moulins-sur-Tardoire","code":"16406","codesPostaux":["16110","16220"],"centre":{"type":"Point","coordinates":[0.4037,45.6883]},"surface":2217.57,"population":821,"departement":{"code":"16","nom":"Charente"},"region":{"code":"75","nom":"Nouvelle-Aquitaine"}},{"nom":"Villebois-Lavalette","code":"16408","codesPostaux":["16320"],"centre":{"type":"Point","coordinates":[0.2818,45.4781]},"surface":717.83,"population":717,"departement":{"code":"16","nom":"Charente"},"region":{"code":"75","nom":"Nouvelle-Aquitaine"}},{"nom":"Villefagnan","code":"16409","codesPostaux":["16240"],"centre":{"type":"Point","coordinates":[0.0939,46.0088]},"surface":2400.16,"population":972,"departement":{"code":"16","nom":"Charente"},"region":{"code":"75","nom":"Nouvelle-Aquitaine"}},{"nom":"Villejoubert","code":"16412","codesPostaux":["16560"],"centre":{"type":"Point","coordinates":[0.1739,45.8084]},"surface":788.68,"population":381,"departement":{"code":"16","nom":"Charente"},"region":{"code":"75","nom":"Nouvelle-Aquitaine"}},{"nom":"Villiers-le-Roux","code":"16413","codesPostaux":["16240"],"centre":{"type":"Point","coordinates":[0.1115,46.0497]},"surface":495.59,"population":171,"departement":{"code":"16","nom":"Charente"},"region":{"code":"75","nom":"Nouvelle-Aquitaine"}},{"nom":"Villognon","code":"16414","codesPostaux":["16230"],"centre":{"type":"Point","coordinates":[0.1059,45.8614]},"surface":917.85,"population":336,"departement":{"code":"16","nom":"Charente"},"region":{"code":"75","nom":"Nouvelle-Aquitaine"}},{"nom":"Vindelle","code":"16415","codesPostaux":["16430"],"centre":{"type":"Point","coordinates":[0.1086,45.7195]},"surface":1100.03,"population":1045,"departement":{"code":"16","nom":"Charente"},"region":{"code":"75","nom":"Nouvelle-Aquitaine"}},{"nom":"Vitrac-Saint-Vincent","code":"16416","codesPostaux":["16310"],"centre":{"type":"Point","coordinates":[0.4972,45.8011]},"surface":2229.3,"population":489,"departement":{"code":"16","nom":"Charente"},"region":{"code":"75","nom":"Nouvelle-Aquitaine"}},{"nom":"Vœuil-et-Giget","code":"16418","codesPostaux":["16400"],"centre":{"type":"Point","coordinates":[0.1591,45.5908]},"surface":852.91,"population":1591,"departement":{"code":"16","nom":"Charente"},"region":{"code":"75","nom":"Nouvelle-Aquitaine"}},{"nom":"Vouharte","code":"16419","codesPostaux":["16330"],"centre":{"type":"Point","coordinates":[0.0777,45.8042]},"surface":1075.03,"population":300,"departement":{"code":"16","nom":"Charente"},"region":{"code":"75","nom":"Nouvelle-Aquitaine"}},{"nom":"Voulgézac","code":"16420","codesPostaux":["16250"],"centre":{"type":"Point","coordinates":[0.1304,45.5091]},"surface":1341.28,"population":244,"departement":{"code":"16","nom":"Charente"},"region":{"code":"75","nom":"Nouvelle-Aquitaine"}},{"nom":"Vouthon","code":"16421","codesPostaux":["16220"],"centre":{"type":"Point","coordinates":[0.4482,45.6591]},"surface":1044.68,"population":405,"departement":{"code":"16","nom":"Charente"},"region":{"code":"75","nom":"Nouvelle-Aquitaine"}},{"nom":"Vouzan","code":"16422","codesPostaux":["16410"],"centre":{"type":"Point","coordinates":[0.3652,45.5967]},"surface":1633.33,"population":818,"departement":{"code":"16","nom":"Charente"},"region":{"code":"75","nom":"Nouvelle-Aquitaine"}},{"nom":"Xambes","code":"16423","codesPostaux":["16330"],"centre":{"type":"Point","coordinates":[0.1081,45.8253]},"surface":533.37,"population":257,"departement":{"code":"16","nom":"Charente"},"region":{"code":"75","nom":"Nouvelle-Aquitaine"}},{"nom":"Yviers","code":"16424","codesPostaux":["16210"],"centre":{"type":"Point","coordinates":[-0.0191,45.2711]},"surface":2276.88,"population":541,"departement":{"code":"16","nom":"Charente"},"region":{"code":"75","nom":"Nouvelle-Aquitaine"}},{"nom":"Yvrac-et-Malleyrand","code":"16425","codesPostaux":["16110"],"centre":{"type":"Point","coordinates":[0.4619,45.7324]},"surface":1894.4,"population":559,"departement":{"code":"16","nom":"Charente"},"region":{"code":"75","nom":"Nouvelle-Aquitaine"}}]