[{"nom":"Ablon-sur-Seine","code":"94001","codesPostaux":["94480"],"centre":{"type":"Point","coordinates":[2.4229,48.7236]},"surface":114.16,"population":5988,"departement":{"code":"94","nom":"Val-de-Marne"},"region":{"code":"11","nom":"Île-de-France"}},{"nom":"Alfortville","code":"94002","codesPostaux":["94140"],"centre":{"type":"Point","coordinates":[2.4214,48.7963]},"surface":367.17,"population":45531,"departement":{"code":"94","nom":"Val-de-Marne"},"region":{"code":"11","nom":"Île-de-France"}},{"nom":"Arcueil","code":"94003","codesPostaux":["94110"],"centre":{"type":"Point","coordinates":[2.3328,48.8053]},"surface":233.47,"population":22200,"departement":{"code":"94","nom":"Val-de-Marne"},"region":{"code":"11","nom":"Île-de-France"}},{"nom":"Boissy-Saint-Léger","code":"94004","codesPostaux":["94470"],"centre":{"type":"Point","coordinates":[2.5251,48.7453]},"surface":891.55,"population":17325,"departement":{"code":"94","nom":"Val-de-Marne"},"region":{"code":"11","nom":"Île-de-France"}},{"nom":"Bonneuil-sur-Marne","code":"94011","codesPostaux":["94380"],"centre":{"type":"Point","coordinates":[2.493,48.7721]},"surface":549.05,"population":18270,"departement":{"code":"94","nom":"Val-de-Marne"},"region":{"code":"11","nom":"Île-de-France"}},{"nom":"Bry-sur-Marne","code":"94015","codesPostaux":["94360"],"centre":{"type":"Point","coordinates":[2.5224,48.8392]},"surface":333.61,"population":18503,"departement":{"code":"94","nom":"Val-de-Marne"},"region":{"code":"11","nom":"Île-de-France"}},{"nom":"Cachan","code":"94016","codesPostaux":["94230"],"centre":{"type":"Point","coordinates":[2.3318,48.7914]},"surface":278.72,"population":31103,"departement":{"code":"94","nom":"Val-de-Marne"},"region":{"code":"11","nom":"Île-de-France"}},{"nom":"Champigny-sur-Marne","code":"94017","codesPostaux":["94500"],"centre":{"type":"Point","coordinates":[2.5206,48.8173]},"surface":1130.32,"population":78072,"departement":{"code":"94","nom":"Val-de-Marne"},"region":{"code":"11","nom":"Île-de-France"}},{"nom":"Charenton-le-Pont","code":"94018","codesPostaux":["94220"],"centre":{"type":"Point","coordinates":[2.405,48.8229]},"surface":184.99,"population":28830,"departement":{"code":"94","nom":"Val-de-Marne"},"region":{"code":"11","nom":"Île-de-France"}},{"nom":"Chennevières-sur-Marne","code":"94019","codesPostaux":["94430"],"centre":{"type":"Point","coordinates":[2.5443,48.7951]},"surface":521.68,"population":18710,"departement":{"code":"94","nom":"Val-de-Marne"},"region":{"code":"11","nom":"Île-de-France"}},{"nom":"Chevilly-Larue","code":"94021","codesPostaux":["94550"],"centre":{"type":"Point","coordinates":[2.3507,48.7679]},"surface":422.39,"population":19826,"departement":{"code":"94","nom":"Val-de-Marne"},"region":{"code":"11","nom":"Île-de-France"}},{"nom":"Choisy-le-Roi","code":"94022","codesPostaux":["94600"],"centre":{"type":"Point","coordinates":[2.4202,48.7635]},"surface":542.14,"population":45946,"departement":{"code":"94","nom":"Val-de-Marne"},"region":{"code":"11","nom":"Île-de-France"}},{"nom":"Créteil","code":"94028","codesPostaux":["94000"],"centre":{"type":"Point","coordinates":[2.4523,48.7845]},"surface":1141.93,"population":93397,"departement":{"code":"94","nom":"Val-de-Marne"},"region":{"code":"11","nom":"Île-de-France"}},{"nom":"Fontenay-sous-Bois","code":"94033","codesPostaux":["94120"],"centre":{"type":"Point","coordinates":[2.4736,48.8503]},"surface":555.99,"population":53757,"departement":{"code":"94","nom":"Val-de-Marne"},"region":{"code":"11","nom":"Île-de-France"}},{"nom":"Fresnes","code":"94034","codesPostaux":["94260"],"centre":{"type":"Point","coordinates":[2.3263,48.7572]},"surface":355.15,"population":29528,"departement":{"code":"94","nom":"Val-de-Marne"},"region":{"code":"11","nom":"Île-de-France"}},{"nom":"Gentilly","code":"94037","codesPostaux":["94250"],"centre":{"type":"Point","coordinates":[2.3426,48.812]},"surface":118.08,"population":19963,"departement":{"code":"94","nom":"Val-de-Marne"},"region":{"code":"11","nom":"Île-de-France"}},{"nom":"L'Haÿ-les-Roses","code":"94038","codesPostaux":["94240"],"centre":{"type":"Point","coordinates":[2.3416,48.7777]},"surface":389.56,"population":31188,"departement":{"code":"94","nom":"Val-de-Marne"},"region":{"code":"11","nom":"Île-de-France"}},{"nom":"Ivry-sur-Seine","code":"94041","codesPostaux":["94200"],"centre":{"type":"Point","coordinates":[2.3872,48.8125]},"surface":611.46,"population":65064,"departement":{"code":"94","nom":"Val-de-Marne"},"region":{"code":"11","nom":"Île-de-France"}},{"nom":"Joinville-le-Pont","code":"94042","codesPostaux":["94340"],"centre":{"type":"Point","coordinates":[2.4685,48.8199]},"surface":228.52,"population":20525,"departement":{"code":"94","nom":"Val-de-Marne"},"region":{"code":"11","nom":"Île-de-France"}},{"nom":"Le Kremlin-Bicêtre","code":"94043","codesPostaux":["94270"],"centre":{"type":"Point","coordinates":[2.356,48.8087]},"surface":154.09,"population":24110,"departement":{"code":"94","nom":"Val-de-Marne"},"region":{"code":"11","nom":"Île-de-France"}},{"nom":"Limeil-Brévannes","code":"94044","codesPostaux":["94450"],"centre":{"type":"Point","coordinates":[2.4924,48.7463]},"surface":694.86,"population":27406,"departement":{"code":"94","nom":"Val-de-Marne"},"region":{"code":"11","nom":"Île-de-France"}},{"nom":"Maisons-Alfort","code":"94046","codesPostaux":["94700"],"centre":{"type":"Point","coordinates":[2.44,48.8017]},"surface":534.8,"population":56799,"departement":{"code":"94","nom":"Val-de-Marne"},"region":{"code":"11","nom":"Île-de-France"}},{"nom":"Mandres-les-Roses","code":"94047","codesPostaux":["94520"],"centre":{"type":"Point","coordinates":[2.5477,48.7068]},"surface":336.5,"population":4922,"departement":{"code":"94","nom":"Val-de-Marne"},"region":{"code":"11","nom":"Île-de-France"}},{"nom":"Marolles-en-Brie","code":"94048","codesPostaux":["94440"],"centre":{"type":"Point","coordinates":[2.5539,48.7385]},"surface":459.55,"population":4781,"departement":{"code":"94","nom":"Val-de-Marne"},"region":{"code":"11","nom":"Île-de-France"}},{"nom":"Nogent-sur-Marne","code":"94052","codesPostaux":["94130"],"centre":{"type":"Point","coordinates":[2.4811,48.837]},"surface":279.86,"population":32455,"departement":{"code":"94","nom":"Val-de-Marne"},"region":{"code":"11","nom":"Île-de-France"}},{"nom":"Noiseau","code":"94053","codesPostaux":["94880"],"centre":{"type":"Point","coordinates":[2.556,48.7757]},"surface":458.76,"population":4628,"departement":{"code":"94","nom":"Val-de-Marne"},"region":{"code":"11","nom":"Île-de-France"}},{"nom":"Orly","code":"94054","codesPostaux":["94310"],"centre":{"type":"Point","coordinates":[2.403,48.7402]},"surface":669.04,"population":24658,"departement":{"code":"94","nom":"Val-de-Marne"},"region":{"code":"11","nom":"Île-de-France"}},{"nom":"Ormesson-sur-Marne","code":"94055","codesPostaux":["94490"],"centre":{"type":"Point","coordinates":[2.5371,48.7873]},"surface":343.31,"population":10977,"departement":{"code":"94","nom":"Val-de-Marne"},"region":{"code":"11","nom":"Île-de-France"}},{"nom":"Périgny","code":"94056","codesPostaux":["94520"],"centre":{"type":"Point","coordinates":[2.562,48.6974]},"surface":276.09,"population":2724,"departement":{"code":"94","nom":"Val-de-Marne"},"region":{"code":"11","nom":"Île-de-France"}},{"nom":"Le Perreux-sur-Marne","code":"94058","codesPostaux":["94170"],"centre":{"type":"Point","coordinates":[2.5045,48.8433]},"surface":396.02,"population":35260,"departement":{"code":"94","nom":"Val-de-Marne"},"region":{"code":"11","nom":"Île-de-France"}},{"nom":"Le Plessis-Trévise","code":"94059","codesPostaux":["94420"],"centre":{"type":"Point","coordinates":[2.5763,48.808]},"surface":431.92,"population":21112,"departement":{"code":"94","nom":"Val-de-Marne"},"region":{"code":"11","nom":"Île-de-France"}},{"nom":"La Queue-en-Brie","code":"94060","codesPostaux":["94510"],"centre":{"type":"Point","coordinates":[2.5855,48.7769]},"surface":938.55,"population":12241,"departement":{"code":"94","nom":"Val-de-Marne"},"region":{"code":"11","nom":"Île-de-France"}},{"nom":"Rungis","code":"94065","codesPostaux":["94150"],"centre":{"type":"Point","coordinates":[2.3499,48.7493]},"surface":419.72,"population":5611,"departement":{"code":"94","nom":"Val-de-Marne"},"region":{"code":"11","nom":"Île-de-France"}},{"nom":"Saint-Mandé","code":"94067","codesPostaux":["94160"],"centre":{"type":"Point","coordinates":[2.4195,48.8414]},"surface":90.5,"population":21071,"departement":{"code":"94","nom":"Val-de-Marne"},"region":{"code":"11","nom":"Île-de-France"}},{"nom":"Saint-Maur-des-Fossés","code":"94068","codesPostaux":["94100","94210"],"centre":{"type":"Point","coordinates":[2.4921,48.7999]},"surface":1125.56,"population":76572,"departement":{"code":"94","nom":"Val-de-Marne"},"region":{"code":"11","nom":"Île-de-France"}},{"nom":"Saint-Maurice","code":"94069","codesPostaux":["94410"],"centre":{"type":"Point","coordinates":[2.4423,48.8179]},"surface":144.79,"population":14506,"departement":{"code":"94","nom":"Val-de-Marne"},"region":{"code":"11","nom":"Île-de-France"}},{"nom":"Santeny","code":"94070","codesPostaux":["94440"],"centre":{"type":"Point","coordinates":[2.5771,48.7362]},"surface":1002.58,"population":3913,"departement":{"code":"94","nom":"Val-de-Marne"},"region":{"code":"11","nom":"Île-de-France"}},{"nom":"Sucy-en-Brie","code":"94071","codesPostaux":["94370"],"centre":{"type":"Point","coordinates":[2.5374,48.7688]},"surface":1038.89,"population":27764,"departement":{"code":"94","nom":"Val-de-Marne"},"region":{"code":"11","nom":"Île-de-France"}},{"nom":"Thiais","code":"94073","codesPostaux":["94320"],"centre":{"type":"Point","coordinates":[2.3869,48.7605]},"surface":642.45,"population":32918,"departement":{"code":"94","nom":"Val-de-Marne"},"region":{"code":"11","nom":"Île-de-France"}},{"nom":"Valenton","code":"94074","codesPostaux":["94460"],"centre":{"type":"Point","coordinates":[2.46,48.7497]},"surface":531.13,"population":14406,"departement":{"code":"94","nom":"Val-de-Marne"},"region":{"code":"11","nom":"Île-de-France"}},{"nom":"Villecresnes","code":"94075","codesPostaux":["94440"],"centre":{"type":"Point","coordinates":[2.5328,48.7221]},"surface":562.01,"population":11647,"departement":{"code":"94","nom":"Val-de-Marne"},"region":{"code":"11","nom":"Île-de-France"}},{"nom":"Villejuif","code":"94076","codesPostaux":["94800"],"centre":{"type":"Point","coordinates":[2.3603,48.7934]},"surface":527.95,"population":60183,"departement":{"code":"94","nom":"Val-de-Marne"},"region":{"code":"11","nom":"Île-de-France"}},{"nom":"Villeneuve-le-Roi","code":"94077","codesPostaux":["94290"],"centre":{"type":"Point","coordinates":[2.4076,48.732]},"surface":843.84,"population":21000,"departement":{"code":"94","nom":"Val-de-Marne"},"region":{"code":"11","nom":"Île-de-France"}},{"nom":"Villeneuve-Saint-Georges","code":"94078","codesPostaux":["94190"],"centre":{"type":"Point","coordinates":[2.4493,48.7389]},"surface":807.3,"population":36221,"departement":{"code":"94","nom":"Val-de-Marne"},"region":{"code":"11","nom":"Île-de-France"}},{"nom":"Villiers-sur-Marne","code":"94079","codesPostaux":["94350"],"centre":{"type":"Point","coordinates":[2.5482,48.8278]},"surface":431.66,"population":33162,"departement":{"code":"94","nom":"Val-de-Marne"},"region":{"code":"11","nom":"Île-de-France"}},{"nom":"Vincennes","code":"94080","codesPostaux":["94300"],"centre":{"type":"Point","coordinates":[2.4383,48.8471]},"surface":190.34,"population":48193,"departement":{"code":"94","nom":"Val-de-Marne"},"region":{"code":"11","nom":"Île-de-France"}},{"nom":"Vitry-sur-Seine","code":"94081","codesPostaux":["94400"],"centre":{"type":"Point","coordinates":[2.3951,48.7893]},"surface":1165.9,"population":93963,"departement":{"code":"94","nom":"Val-de-Marne"},"region":{"code":"11","nom":"Île-de-France"}}]