[{"nom":"Aboën","code":"42001","codesPostaux":["42380"],"centre":{"type":"Point","coordinates":[4.127,45.4097]},"surface":897,"population":481,"departement":{"code":"42","nom":"Loire"},"region":{"code":"84","nom":"Auvergne-Rhône-Alpes"}},{"nom":"Ailleux","code":"42002","codesPostaux":["42130"],"centre":{"type":"Point","coordinates":[3.9363,45.7981]},"surface":932.59,"population":175,"departement":{"code":"42","nom":"Loire"},"region":{"code":"84","nom":"Auvergne-Rhône-Alpes"}},{"nom":"Ambierle","code":"42003","codesPostaux":["42820"],"centre":{"type":"Point","coordinates":[3.8953,46.1068]},"surface":3081.45,"population":1865,"departement":{"code":"42","nom":"Loire"},"region":{"code":"84","nom":"Auvergne-Rhône-Alpes"}},{"nom":"Andrézieux-Bouthéon","code":"42005","codesPostaux":["42160"],"centre":{"type":"Point","coordinates":[4.2773,45.5353]},"surface":1587.02,"population":10425,"departement":{"code":"42","nom":"Loire"},"region":{"code":"84","nom":"Auvergne-Rhône-Alpes"}},{"nom":"Apinac","code":"42006","codesPostaux":["42550"],"centre":{"type":"Point","coordinates":[3.9939,45.3935]},"surface":1553.21,"population":437,"departement":{"code":"42","nom":"Loire"},"region":{"code":"84","nom":"Auvergne-Rhône-Alpes"}},{"nom":"Arcinges","code":"42007","codesPostaux":["42460"],"centre":{"type":"Point","coordinates":[4.2877,46.1351]},"surface":343.66,"population":216,"departement":{"code":"42","nom":"Loire"},"region":{"code":"84","nom":"Auvergne-Rhône-Alpes"}},{"nom":"Arcon","code":"42008","codesPostaux":["42370"],"centre":{"type":"Point","coordinates":[3.8669,46.0091]},"surface":1918.63,"population":106,"departement":{"code":"42","nom":"Loire"},"region":{"code":"84","nom":"Auvergne-Rhône-Alpes"}},{"nom":"Arthun","code":"42009","codesPostaux":["42130"],"centre":{"type":"Point","coordinates":[4.0369,45.7653]},"surface":1393.84,"population":532,"departement":{"code":"42","nom":"Loire"},"region":{"code":"84","nom":"Auvergne-Rhône-Alpes"}},{"nom":"Aveizieux","code":"42010","codesPostaux":["42330"],"centre":{"type":"Point","coordinates":[4.3762,45.5708]},"surface":915.94,"population":1701,"departement":{"code":"42","nom":"Loire"},"region":{"code":"84","nom":"Auvergne-Rhône-Alpes"}},{"nom":"Balbigny","code":"42011","codesPostaux":["42510"],"centre":{"type":"Point","coordinates":[4.1813,45.8299]},"surface":1700.32,"population":2911,"departement":{"code":"42","nom":"Loire"},"region":{"code":"84","nom":"Auvergne-Rhône-Alpes"}},{"nom":"Bard","code":"42012","codesPostaux":["42600"],"centre":{"type":"Point","coordinates":[3.989,45.5903]},"surface":1343.13,"population":700,"departement":{"code":"42","nom":"Loire"},"region":{"code":"84","nom":"Auvergne-Rhône-Alpes"}},{"nom":"Bellegarde-en-Forez","code":"42013","codesPostaux":["42210"],"centre":{"type":"Point","coordinates":[4.3089,45.6409]},"surface":1909.06,"population":2019,"departement":{"code":"42","nom":"Loire"},"region":{"code":"84","nom":"Auvergne-Rhône-Alpes"}},{"nom":"Belleroche","code":"42014","codesPostaux":["42670"],"centre":{"type":"Point","coordinates":[4.4103,46.1591]},"surface":1400.68,"population":313,"departement":{"code":"42","nom":"Loire"},"region":{"code":"84","nom":"Auvergne-Rhône-Alpes"}},{"nom":"Belmont-de-la-Loire","code":"42015","codesPostaux":["42670"],"centre":{"type":"Point","coordinates":[4.3493,46.1612]},"surface":2383.64,"population":1410,"departement":{"code":"42","nom":"Loire"},"region":{"code":"84","nom":"Auvergne-Rhône-Alpes"}},{"nom":"La Bénisson-Dieu","code":"42016","codesPostaux":["42720"],"centre":{"type":"Point","coordinates":[4.0469,46.1577]},"surface":1119.32,"population":429,"departement":{"code":"42","nom":"Loire"},"region":{"code":"84","nom":"Auvergne-Rhône-Alpes"}},{"nom":"Le Bessat","code":"42017","codesPostaux":["42660"],"centre":{"type":"Point","coordinates":[4.5159,45.3723]},"surface":1018.96,"population":530,"departement":{"code":"42","nom":"Loire"},"region":{"code":"84","nom":"Auvergne-Rhône-Alpes"}},{"nom":"Bessey","code":"42018","codesPostaux":["42520"],"centre":{"type":"Point","coordinates":[4.7046,45.3899]},"surface":629.79,"population":465,"departement":{"code":"42","nom":"Loire"},"region":{"code":"84","nom":"Auvergne-Rhône-Alpes"}},{"nom":"Boën-sur-Lignon","code":"42019","codesPostaux":["42130"],"centre":{"type":"Point","coordinates":[4.0074,45.7496]},"surface":596.87,"population":3001,"departement":{"code":"42","nom":"Loire"},"region":{"code":"84","nom":"Auvergne-Rhône-Alpes"}},{"nom":"Boisset-lès-Montrond","code":"42020","codesPostaux":["42210"],"centre":{"type":"Point","coordinates":[4.2043,45.6271]},"surface":825.94,"population":1212,"departement":{"code":"42","nom":"Loire"},"region":{"code":"84","nom":"Auvergne-Rhône-Alpes"}},{"nom":"Boisset-Saint-Priest","code":"42021","codesPostaux":["42560"],"centre":{"type":"Point","coordinates":[4.1192,45.5124]},"surface":1827.32,"population":1298,"departement":{"code":"42","nom":"Loire"},"region":{"code":"84","nom":"Auvergne-Rhône-Alpes"}},{"nom":"Bonson","code":"42022","codesPostaux":["42160"],"centre":{"type":"Point","coordinates":[4.2245,45.5226]},"surface":521.47,"population":4557,"departement":{"code":"42","nom":"Loire"},"region":{"code":"84","nom":"Auvergne-Rhône-Alpes"}},{"nom":"Bourg-Argental","code":"42023","codesPostaux":["42220"],"centre":{"type":"Point","coordinates":[4.5622,45.3038]},"surface":2026.09,"population":2886,"departement":{"code":"42","nom":"Loire"},"region":{"code":"84","nom":"Auvergne-Rhône-Alpes"}},{"nom":"Boyer","code":"42025","codesPostaux":["42460"],"centre":{"type":"Point","coordinates":[4.2154,46.0979]},"surface":523.35,"population":195,"departement":{"code":"42","nom":"Loire"},"region":{"code":"84","nom":"Auvergne-Rhône-Alpes"}},{"nom":"Briennon","code":"42026","codesPostaux":["42720"],"centre":{"type":"Point","coordinates":[4.0779,46.151]},"surface":2230.68,"population":1710,"departement":{"code":"42","nom":"Loire"},"region":{"code":"84","nom":"Auvergne-Rhône-Alpes"}},{"nom":"Bully","code":"42027","codesPostaux":["42260"],"centre":{"type":"Point","coordinates":[3.9955,45.9297]},"surface":1912.92,"population":451,"departement":{"code":"42","nom":"Loire"},"region":{"code":"84","nom":"Auvergne-Rhône-Alpes"}},{"nom":"Burdignes","code":"42028","codesPostaux":["42220"],"centre":{"type":"Point","coordinates":[4.5432,45.2651]},"surface":3069.27,"population":422,"departement":{"code":"42","nom":"Loire"},"region":{"code":"84","nom":"Auvergne-Rhône-Alpes"}},{"nom":"Bussières","code":"42029","codesPostaux":["42510"],"centre":{"type":"Point","coordinates":[4.2636,45.8397]},"surface":1671.13,"population":1540,"departement":{"code":"42","nom":"Loire"},"region":{"code":"84","nom":"Auvergne-Rhône-Alpes"}},{"nom":"Bussy-Albieux","code":"42030","codesPostaux":["42260"],"centre":{"type":"Point","coordinates":[4.0341,45.7955]},"surface":1961.32,"population":547,"departement":{"code":"42","nom":"Loire"},"region":{"code":"84","nom":"Auvergne-Rhône-Alpes"}},{"nom":"Caloire","code":"42031","codesPostaux":["42240"],"centre":{"type":"Point","coordinates":[4.2347,45.4139]},"surface":471.27,"population":330,"departement":{"code":"42","nom":"Loire"},"region":{"code":"84","nom":"Auvergne-Rhône-Alpes"}},{"nom":"Cellieu","code":"42032","codesPostaux":["42320"],"centre":{"type":"Point","coordinates":[4.5307,45.5218]},"surface":1208.2,"population":1731,"departement":{"code":"42","nom":"Loire"},"region":{"code":"84","nom":"Auvergne-Rhône-Alpes"}},{"nom":"Le Cergne","code":"42033","codesPostaux":["42460"],"centre":{"type":"Point","coordinates":[4.3015,46.12]},"surface":591.43,"population":622,"departement":{"code":"42","nom":"Loire"},"region":{"code":"84","nom":"Auvergne-Rhône-Alpes"}},{"nom":"Cervières","code":"42034","codesPostaux":["42440"],"centre":{"type":"Point","coordinates":[3.7518,45.8498]},"surface":763.25,"population":103,"departement":{"code":"42","nom":"Loire"},"region":{"code":"84","nom":"Auvergne-Rhône-Alpes"}},{"nom":"Cezay","code":"42035","codesPostaux":["42130"],"centre":{"type":"Point","coordinates":[3.9667,45.8048]},"surface":1050.53,"population":211,"departement":{"code":"42","nom":"Loire"},"region":{"code":"84","nom":"Auvergne-Rhône-Alpes"}},{"nom":"Chagnon","code":"42036","codesPostaux":["42800"],"centre":{"type":"Point","coordinates":[4.5525,45.5337]},"surface":249.25,"population":527,"departement":{"code":"42","nom":"Loire"},"region":{"code":"84","nom":"Auvergne-Rhône-Alpes"}},{"nom":"Chalain-d'Uzore","code":"42037","codesPostaux":["42600"],"centre":{"type":"Point","coordinates":[4.0599,45.6734]},"surface":806.9,"population":696,"departement":{"code":"42","nom":"Loire"},"region":{"code":"84","nom":"Auvergne-Rhône-Alpes"}},{"nom":"Chalain-le-Comtal","code":"42038","codesPostaux":["42600"],"centre":{"type":"Point","coordinates":[4.1747,45.64]},"surface":1879.99,"population":743,"departement":{"code":"42","nom":"Loire"},"region":{"code":"84","nom":"Auvergne-Rhône-Alpes"}},{"nom":"Chalmazel-Jeansagnière","code":"42039","codesPostaux":["42920"],"centre":{"type":"Point","coordinates":[3.8337,45.7032]},"surface":5313.57,"population":457,"departement":{"code":"42","nom":"Loire"},"region":{"code":"84","nom":"Auvergne-Rhône-Alpes"}},{"nom":"La Chamba","code":"42040","codesPostaux":["42440"],"centre":{"type":"Point","coordinates":[3.7568,45.7545]},"surface":518.27,"population":42,"departement":{"code":"42","nom":"Loire"},"region":{"code":"84","nom":"Auvergne-Rhône-Alpes"}},{"nom":"Chambéon","code":"42041","codesPostaux":["42110"],"centre":{"type":"Point","coordinates":[4.1682,45.6992]},"surface":1691.04,"population":665,"departement":{"code":"42","nom":"Loire"},"region":{"code":"84","nom":"Auvergne-Rhône-Alpes"}},{"nom":"Chambles","code":"42042","codesPostaux":["42170"],"centre":{"type":"Point","coordinates":[4.2229,45.4528]},"surface":1915.86,"population":1075,"departement":{"code":"42","nom":"Loire"},"region":{"code":"84","nom":"Auvergne-Rhône-Alpes"}},{"nom":"Chambœuf","code":"42043","codesPostaux":["42330"],"centre":{"type":"Point","coordinates":[4.3126,45.5737]},"surface":1126.06,"population":1767,"departement":{"code":"42","nom":"Loire"},"region":{"code":"84","nom":"Auvergne-Rhône-Alpes"}},{"nom":"Le Chambon-Feugerolles","code":"42044","codesPostaux":["42500"],"centre":{"type":"Point","coordinates":[4.3375,45.391]},"surface":1747,"population":12314,"departement":{"code":"42","nom":"Loire"},"region":{"code":"84","nom":"Auvergne-Rhône-Alpes"}},{"nom":"La Chambonie","code":"42045","codesPostaux":["42440"],"centre":{"type":"Point","coordinates":[3.7587,45.7442]},"surface":445.37,"population":39,"departement":{"code":"42","nom":"Loire"},"region":{"code":"84","nom":"Auvergne-Rhône-Alpes"}},{"nom":"Champdieu","code":"42046","codesPostaux":["42600"],"centre":{"type":"Point","coordinates":[4.0484,45.6394]},"surface":1807.41,"population":2064,"departement":{"code":"42","nom":"Loire"},"region":{"code":"84","nom":"Auvergne-Rhône-Alpes"}},{"nom":"Champoly","code":"42047","codesPostaux":["42430"],"centre":{"type":"Point","coordinates":[3.8433,45.8536]},"surface":1505.51,"population":311,"departement":{"code":"42","nom":"Loire"},"region":{"code":"84","nom":"Auvergne-Rhône-Alpes"}},{"nom":"Chandon","code":"42048","codesPostaux":["42190"],"centre":{"type":"Point","coordinates":[4.1998,46.1484]},"surface":1262.39,"population":1423,"departement":{"code":"42","nom":"Loire"},"region":{"code":"84","nom":"Auvergne-Rhône-Alpes"}},{"nom":"Changy","code":"42049","codesPostaux":["42310"],"centre":{"type":"Point","coordinates":[3.9036,46.148]},"surface":1375.48,"population":690,"departement":{"code":"42","nom":"Loire"},"region":{"code":"84","nom":"Auvergne-Rhône-Alpes"}},{"nom":"La Chapelle-en-Lafaye","code":"42050","codesPostaux":["42380"],"centre":{"type":"Point","coordinates":[3.9859,45.4609]},"surface":916.34,"population":138,"departement":{"code":"42","nom":"Loire"},"region":{"code":"84","nom":"Auvergne-Rhône-Alpes"}},{"nom":"La Chapelle-Villars","code":"42051","codesPostaux":["42410"],"centre":{"type":"Point","coordinates":[4.7118,45.4804]},"surface":829.17,"population":528,"departement":{"code":"42","nom":"Loire"},"region":{"code":"84","nom":"Auvergne-Rhône-Alpes"}},{"nom":"Charlieu","code":"42052","codesPostaux":["42190"],"centre":{"type":"Point","coordinates":[4.1718,46.1648]},"surface":662.54,"population":3766,"departement":{"code":"42","nom":"Loire"},"region":{"code":"84","nom":"Auvergne-Rhône-Alpes"}},{"nom":"Châteauneuf","code":"42053","codesPostaux":["42800"],"centre":{"type":"Point","coordinates":[4.635,45.5185]},"surface":1355.39,"population":1724,"departement":{"code":"42","nom":"Loire"},"region":{"code":"84","nom":"Auvergne-Rhône-Alpes"}},{"nom":"Châtelneuf","code":"42054","codesPostaux":["42940"],"centre":{"type":"Point","coordinates":[3.9777,45.6387]},"surface":845.66,"population":354,"departement":{"code":"42","nom":"Loire"},"region":{"code":"84","nom":"Auvergne-Rhône-Alpes"}},{"nom":"Châtelus","code":"42055","codesPostaux":["42140"],"centre":{"type":"Point","coordinates":[4.4629,45.5888]},"surface":250.81,"population":143,"departement":{"code":"42","nom":"Loire"},"region":{"code":"84","nom":"Auvergne-Rhône-Alpes"}},{"nom":"Chavanay","code":"42056","codesPostaux":["42410"],"centre":{"type":"Point","coordinates":[4.7266,45.4161]},"surface":1508.31,"population":2884,"departement":{"code":"42","nom":"Loire"},"region":{"code":"84","nom":"Auvergne-Rhône-Alpes"}},{"nom":"Chazelles-sur-Lavieu","code":"42058","codesPostaux":["42560"],"centre":{"type":"Point","coordinates":[3.9988,45.5405]},"surface":972.55,"population":261,"departement":{"code":"42","nom":"Loire"},"region":{"code":"84","nom":"Auvergne-Rhône-Alpes"}},{"nom":"Chazelles-sur-Lyon","code":"42059","codesPostaux":["42140"],"centre":{"type":"Point","coordinates":[4.3717,45.6293]},"surface":2107.76,"population":5543,"departement":{"code":"42","nom":"Loire"},"region":{"code":"84","nom":"Auvergne-Rhône-Alpes"}},{"nom":"Chenereilles","code":"42060","codesPostaux":["42560"],"centre":{"type":"Point","coordinates":[4.09,45.4857]},"surface":918.23,"population":560,"departement":{"code":"42","nom":"Loire"},"region":{"code":"84","nom":"Auvergne-Rhône-Alpes"}},{"nom":"Cherier","code":"42061","codesPostaux":["42430"],"centre":{"type":"Point","coordinates":[3.8858,45.9686]},"surface":2879.48,"population":523,"departement":{"code":"42","nom":"Loire"},"region":{"code":"84","nom":"Auvergne-Rhône-Alpes"}},{"nom":"Chevrières","code":"42062","codesPostaux":["42140"],"centre":{"type":"Point","coordinates":[4.4087,45.5911]},"surface":1460.07,"population":1150,"departement":{"code":"42","nom":"Loire"},"region":{"code":"84","nom":"Auvergne-Rhône-Alpes"}},{"nom":"Chirassimont","code":"42063","codesPostaux":["42114"],"centre":{"type":"Point","coordinates":[4.2864,45.9155]},"surface":1067.89,"population":387,"departement":{"code":"42","nom":"Loire"},"region":{"code":"84","nom":"Auvergne-Rhône-Alpes"}},{"nom":"Chuyer","code":"42064","codesPostaux":["42410"],"centre":{"type":"Point","coordinates":[4.7017,45.4531]},"surface":1164.49,"population":759,"departement":{"code":"42","nom":"Loire"},"region":{"code":"84","nom":"Auvergne-Rhône-Alpes"}},{"nom":"Civens","code":"42065","codesPostaux":["42110"],"centre":{"type":"Point","coordinates":[4.2333,45.7682]},"surface":1328.33,"population":1468,"departement":{"code":"42","nom":"Loire"},"region":{"code":"84","nom":"Auvergne-Rhône-Alpes"}},{"nom":"Cleppé","code":"42066","codesPostaux":["42110"],"centre":{"type":"Point","coordinates":[4.1765,45.7546]},"surface":1541.79,"population":572,"departement":{"code":"42","nom":"Loire"},"region":{"code":"84","nom":"Auvergne-Rhône-Alpes"}},{"nom":"Colombier","code":"42067","codesPostaux":["42220"],"centre":{"type":"Point","coordinates":[4.5965,45.353]},"surface":1788.1,"population":294,"departement":{"code":"42","nom":"Loire"},"region":{"code":"84","nom":"Auvergne-Rhône-Alpes"}},{"nom":"Combre","code":"42068","codesPostaux":["42840"],"centre":{"type":"Point","coordinates":[4.2609,46.0182]},"surface":400.83,"population":411,"departement":{"code":"42","nom":"Loire"},"region":{"code":"84","nom":"Auvergne-Rhône-Alpes"}},{"nom":"Commelle-Vernay","code":"42069","codesPostaux":["42120"],"centre":{"type":"Point","coordinates":[4.0569,45.996]},"surface":1270.4,"population":3050,"departement":{"code":"42","nom":"Loire"},"region":{"code":"84","nom":"Auvergne-Rhône-Alpes"}},{"nom":"Cordelle","code":"42070","codesPostaux":["42123"],"centre":{"type":"Point","coordinates":[4.059,45.9404]},"surface":2666.87,"population":941,"departement":{"code":"42","nom":"Loire"},"region":{"code":"84","nom":"Auvergne-Rhône-Alpes"}},{"nom":"Le Coteau","code":"42071","codesPostaux":["42120"],"centre":{"type":"Point","coordinates":[4.0925,46.0217]},"surface":490.5,"population":6845,"departement":{"code":"42","nom":"Loire"},"region":{"code":"84","nom":"Auvergne-Rhône-Alpes"}},{"nom":"Cottance","code":"42073","codesPostaux":["42360"],"centre":{"type":"Point","coordinates":[4.2927,45.7998]},"surface":1390.97,"population":755,"departement":{"code":"42","nom":"Loire"},"region":{"code":"84","nom":"Auvergne-Rhône-Alpes"}},{"nom":"Coutouvre","code":"42074","codesPostaux":["42460"],"centre":{"type":"Point","coordinates":[4.2049,46.0736]},"surface":2198.82,"population":1085,"departement":{"code":"42","nom":"Loire"},"region":{"code":"84","nom":"Auvergne-Rhône-Alpes"}},{"nom":"Craintilleux","code":"42075","codesPostaux":["42210"],"centre":{"type":"Point","coordinates":[4.2306,45.576]},"surface":834.37,"population":1342,"departement":{"code":"42","nom":"Loire"},"region":{"code":"84","nom":"Auvergne-Rhône-Alpes"}},{"nom":"Cremeaux","code":"42076","codesPostaux":["42260"],"centre":{"type":"Point","coordinates":[3.9234,45.9144]},"surface":3336.69,"population":914,"departement":{"code":"42","nom":"Loire"},"region":{"code":"84","nom":"Auvergne-Rhône-Alpes"}},{"nom":"Croizet-sur-Gand","code":"42077","codesPostaux":["42540"],"centre":{"type":"Point","coordinates":[4.2188,45.9104]},"surface":599.96,"population":320,"departement":{"code":"42","nom":"Loire"},"region":{"code":"84","nom":"Auvergne-Rhône-Alpes"}},{"nom":"Le Crozet","code":"42078","codesPostaux":["42310"],"centre":{"type":"Point","coordinates":[3.8381,46.1737]},"surface":1338.29,"population":252,"departement":{"code":"42","nom":"Loire"},"region":{"code":"84","nom":"Auvergne-Rhône-Alpes"}},{"nom":"Cuinzier","code":"42079","codesPostaux":["42460"],"centre":{"type":"Point","coordinates":[4.2649,46.124]},"surface":562.11,"population":707,"departement":{"code":"42","nom":"Loire"},"region":{"code":"84","nom":"Auvergne-Rhône-Alpes"}},{"nom":"Cuzieu","code":"42081","codesPostaux":["42330"],"centre":{"type":"Point","coordinates":[4.2599,45.605]},"surface":1164.48,"population":1469,"departement":{"code":"42","nom":"Loire"},"region":{"code":"84","nom":"Auvergne-Rhône-Alpes"}},{"nom":"Dargoire","code":"42083","codesPostaux":["42800"],"centre":{"type":"Point","coordinates":[4.6735,45.5627]},"surface":195.21,"population":524,"departement":{"code":"42","nom":"Loire"},"region":{"code":"84","nom":"Auvergne-Rhône-Alpes"}},{"nom":"Solore-en-Forez","code":"42084","codesPostaux":["42130"],"centre":{"type":"Point","coordinates":[3.9186,45.7775]},"surface":2023.03,"population":507,"departement":{"code":"42","nom":"Loire"},"region":{"code":"84","nom":"Auvergne-Rhône-Alpes"}},{"nom":"Doizieux","code":"42085","codesPostaux":["42740"],"centre":{"type":"Point","coordinates":[4.5853,45.4148]},"surface":2794.48,"population":856,"departement":{"code":"42","nom":"Loire"},"region":{"code":"84","nom":"Auvergne-Rhône-Alpes"}},{"nom":"Écoche","code":"42086","codesPostaux":["42670"],"centre":{"type":"Point","coordinates":[4.3077,46.1524]},"surface":1111.83,"population":525,"departement":{"code":"42","nom":"Loire"},"region":{"code":"84","nom":"Auvergne-Rhône-Alpes"}},{"nom":"Écotay-l'Olme","code":"42087","codesPostaux":["42600"],"centre":{"type":"Point","coordinates":[4.0452,45.5878]},"surface":642.82,"population":1334,"departement":{"code":"42","nom":"Loire"},"region":{"code":"84","nom":"Auvergne-Rhône-Alpes"}},{"nom":"Épercieux-Saint-Paul","code":"42088","codesPostaux":["42110"],"centre":{"type":"Point","coordinates":[4.2015,45.7929]},"surface":817.47,"population":732,"departement":{"code":"42","nom":"Loire"},"region":{"code":"84","nom":"Auvergne-Rhône-Alpes"}},{"nom":"Essertines-en-Châtelneuf","code":"42089","codesPostaux":["42600"],"centre":{"type":"Point","coordinates":[3.9969,45.6205]},"surface":1513.72,"population":667,"departement":{"code":"42","nom":"Loire"},"region":{"code":"84","nom":"Auvergne-Rhône-Alpes"}},{"nom":"Essertines-en-Donzy","code":"42090","codesPostaux":["42360"],"centre":{"type":"Point","coordinates":[4.3374,45.7577]},"surface":708.97,"population":477,"departement":{"code":"42","nom":"Loire"},"region":{"code":"84","nom":"Auvergne-Rhône-Alpes"}},{"nom":"Estivareilles","code":"42091","codesPostaux":["42380"],"centre":{"type":"Point","coordinates":[4.0068,45.4345]},"surface":2274.04,"population":721,"departement":{"code":"42","nom":"Loire"},"region":{"code":"84","nom":"Auvergne-Rhône-Alpes"}},{"nom":"L'Étrat","code":"42092","codesPostaux":["42580"],"centre":{"type":"Point","coordinates":[4.3716,45.4942]},"surface":868.28,"population":2879,"departement":{"code":"42","nom":"Loire"},"region":{"code":"84","nom":"Auvergne-Rhône-Alpes"}},{"nom":"Farnay","code":"42093","codesPostaux":["42320"],"centre":{"type":"Point","coordinates":[4.6004,45.484]},"surface":740.93,"population":1355,"departement":{"code":"42","nom":"Loire"},"region":{"code":"84","nom":"Auvergne-Rhône-Alpes"}},{"nom":"Feurs","code":"42094","codesPostaux":["42110"],"centre":{"type":"Point","coordinates":[4.2313,45.732]},"surface":2390.45,"population":8367,"departement":{"code":"42","nom":"Loire"},"region":{"code":"84","nom":"Auvergne-Rhône-Alpes"}},{"nom":"Firminy","code":"42095","codesPostaux":["42700"],"centre":{"type":"Point","coordinates":[4.2895,45.3827]},"surface":1048.68,"population":17060,"departement":{"code":"42","nom":"Loire"},"region":{"code":"84","nom":"Auvergne-Rhône-Alpes"}},{"nom":"Fontanès","code":"42096","codesPostaux":["42140"],"centre":{"type":"Point","coordinates":[4.4316,45.5435]},"surface":689.94,"population":690,"departement":{"code":"42","nom":"Loire"},"region":{"code":"84","nom":"Auvergne-Rhône-Alpes"}},{"nom":"La Fouillouse","code":"42097","codesPostaux":["42480"],"centre":{"type":"Point","coordinates":[4.3198,45.4995]},"surface":2109.62,"population":4630,"departement":{"code":"42","nom":"Loire"},"region":{"code":"84","nom":"Auvergne-Rhône-Alpes"}},{"nom":"Fourneaux","code":"42098","codesPostaux":["42470"],"centre":{"type":"Point","coordinates":[4.2698,45.9438]},"surface":1259.6,"population":563,"departement":{"code":"42","nom":"Loire"},"region":{"code":"84","nom":"Auvergne-Rhône-Alpes"}},{"nom":"Fraisses","code":"42099","codesPostaux":["42490"],"centre":{"type":"Point","coordinates":[4.2598,45.3837]},"surface":467.18,"population":3872,"departement":{"code":"42","nom":"Loire"},"region":{"code":"84","nom":"Auvergne-Rhône-Alpes"}},{"nom":"La Gimond","code":"42100","codesPostaux":["42140"],"centre":{"type":"Point","coordinates":[4.4144,45.5551]},"surface":339.44,"population":279,"departement":{"code":"42","nom":"Loire"},"region":{"code":"84","nom":"Auvergne-Rhône-Alpes"}},{"nom":"Graix","code":"42101","codesPostaux":["42220"],"centre":{"type":"Point","coordinates":[4.5544,45.3606]},"surface":859.69,"population":128,"departement":{"code":"42","nom":"Loire"},"region":{"code":"84","nom":"Auvergne-Rhône-Alpes"}},{"nom":"Grammond","code":"42102","codesPostaux":["42140"],"centre":{"type":"Point","coordinates":[4.4438,45.573]},"surface":820.34,"population":887,"departement":{"code":"42","nom":"Loire"},"region":{"code":"84","nom":"Auvergne-Rhône-Alpes"}},{"nom":"La Grand-Croix","code":"42103","codesPostaux":["42320"],"centre":{"type":"Point","coordinates":[4.5569,45.5042]},"surface":403.82,"population":4947,"departement":{"code":"42","nom":"Loire"},"region":{"code":"84","nom":"Auvergne-Rhône-Alpes"}},{"nom":"La Gresle","code":"42104","codesPostaux":["42460"],"centre":{"type":"Point","coordinates":[4.2727,46.0752]},"surface":1479.49,"population":857,"departement":{"code":"42","nom":"Loire"},"region":{"code":"84","nom":"Auvergne-Rhône-Alpes"}},{"nom":"Grézieux-le-Fromental","code":"42105","codesPostaux":["42600"],"centre":{"type":"Point","coordinates":[4.1517,45.6144]},"surface":1035.51,"population":254,"departement":{"code":"42","nom":"Loire"},"region":{"code":"84","nom":"Auvergne-Rhône-Alpes"}},{"nom":"Grézolles","code":"42106","codesPostaux":["42260"],"centre":{"type":"Point","coordinates":[3.9477,45.8632]},"surface":558.96,"population":235,"departement":{"code":"42","nom":"Loire"},"region":{"code":"84","nom":"Auvergne-Rhône-Alpes"}},{"nom":"Gumières","code":"42107","codesPostaux":["42560"],"centre":{"type":"Point","coordinates":[3.9831,45.5294]},"surface":1610.95,"population":325,"departement":{"code":"42","nom":"Loire"},"region":{"code":"84","nom":"Auvergne-Rhône-Alpes"}},{"nom":"L'Hôpital-le-Grand","code":"42108","codesPostaux":["42210"],"centre":{"type":"Point","coordinates":[4.1957,45.5875]},"surface":1297.74,"population":1053,"departement":{"code":"42","nom":"Loire"},"region":{"code":"84","nom":"Auvergne-Rhône-Alpes"}},{"nom":"L'Horme","code":"42110","codesPostaux":["42152"],"centre":{"type":"Point","coordinates":[4.5433,45.4935]},"surface":448.78,"population":4806,"departement":{"code":"42","nom":"Loire"},"region":{"code":"84","nom":"Auvergne-Rhône-Alpes"}},{"nom":"Jarnosse","code":"42112","codesPostaux":["42460"],"centre":{"type":"Point","coordinates":[4.2418,46.0984]},"surface":1203.38,"population":410,"departement":{"code":"42","nom":"Loire"},"region":{"code":"84","nom":"Auvergne-Rhône-Alpes"}},{"nom":"Jas","code":"42113","codesPostaux":["42110"],"centre":{"type":"Point","coordinates":[4.3193,45.7448]},"surface":632.63,"population":243,"departement":{"code":"42","nom":"Loire"},"region":{"code":"84","nom":"Auvergne-Rhône-Alpes"}},{"nom":"Jonzieux","code":"42115","codesPostaux":["42660"],"centre":{"type":"Point","coordinates":[4.3591,45.3193]},"surface":1035.97,"population":1227,"departement":{"code":"42","nom":"Loire"},"region":{"code":"84","nom":"Auvergne-Rhône-Alpes"}},{"nom":"Juré","code":"42116","codesPostaux":["42430"],"centre":{"type":"Point","coordinates":[3.8988,45.8912]},"surface":1214.43,"population":242,"departement":{"code":"42","nom":"Loire"},"region":{"code":"84","nom":"Auvergne-Rhône-Alpes"}},{"nom":"Lavieu","code":"42117","codesPostaux":["42560"],"centre":{"type":"Point","coordinates":[4.0413,45.5396]},"surface":450.24,"population":117,"departement":{"code":"42","nom":"Loire"},"region":{"code":"84","nom":"Auvergne-Rhône-Alpes"}},{"nom":"Lay","code":"42118","codesPostaux":["42470"],"centre":{"type":"Point","coordinates":[4.2432,45.9669]},"surface":1261.18,"population":777,"departement":{"code":"42","nom":"Loire"},"region":{"code":"84","nom":"Auvergne-Rhône-Alpes"}},{"nom":"Leigneux","code":"42119","codesPostaux":["42130"],"centre":{"type":"Point","coordinates":[3.9868,45.7444]},"surface":447.68,"population":359,"departement":{"code":"42","nom":"Loire"},"region":{"code":"84","nom":"Auvergne-Rhône-Alpes"}},{"nom":"Lentigny","code":"42120","codesPostaux":["42155"],"centre":{"type":"Point","coordinates":[3.9756,45.993]},"surface":1150.24,"population":1794,"departement":{"code":"42","nom":"Loire"},"region":{"code":"84","nom":"Auvergne-Rhône-Alpes"}},{"nom":"Lérigneux","code":"42121","codesPostaux":["42600"],"centre":{"type":"Point","coordinates":[3.9458,45.5947]},"surface":976.35,"population":173,"departement":{"code":"42","nom":"Loire"},"region":{"code":"84","nom":"Auvergne-Rhône-Alpes"}},{"nom":"Lézigneux","code":"42122","codesPostaux":["42600"],"centre":{"type":"Point","coordinates":[4.0555,45.5601]},"surface":1482.08,"population":1739,"departement":{"code":"42","nom":"Loire"},"region":{"code":"84","nom":"Auvergne-Rhône-Alpes"}},{"nom":"Lorette","code":"42123","codesPostaux":["42420"],"centre":{"type":"Point","coordinates":[4.5819,45.5088]},"surface":337.86,"population":4983,"departement":{"code":"42","nom":"Loire"},"region":{"code":"84","nom":"Auvergne-Rhône-Alpes"}},{"nom":"Lupé","code":"42124","codesPostaux":["42520"],"centre":{"type":"Point","coordinates":[4.7019,45.3721]},"surface":148.1,"population":314,"departement":{"code":"42","nom":"Loire"},"region":{"code":"84","nom":"Auvergne-Rhône-Alpes"}},{"nom":"Luré","code":"42125","codesPostaux":["42260"],"centre":{"type":"Point","coordinates":[3.9314,45.8846]},"surface":622.83,"population":136,"departement":{"code":"42","nom":"Loire"},"region":{"code":"84","nom":"Auvergne-Rhône-Alpes"}},{"nom":"Luriecq","code":"42126","codesPostaux":["42380"],"centre":{"type":"Point","coordinates":[4.0724,45.4546]},"surface":2035.62,"population":1238,"departement":{"code":"42","nom":"Loire"},"region":{"code":"84","nom":"Auvergne-Rhône-Alpes"}},{"nom":"Mably","code":"42127","codesPostaux":["42300"],"centre":{"type":"Point","coordinates":[4.0657,46.0916]},"surface":3332.66,"population":7233,"departement":{"code":"42","nom":"Loire"},"region":{"code":"84","nom":"Auvergne-Rhône-Alpes"}},{"nom":"Machézal","code":"42128","codesPostaux":["42114"],"centre":{"type":"Point","coordinates":[4.3147,45.9285]},"surface":1407.5,"population":403,"departement":{"code":"42","nom":"Loire"},"region":{"code":"84","nom":"Auvergne-Rhône-Alpes"}},{"nom":"Maclas","code":"42129","codesPostaux":["42520"],"centre":{"type":"Point","coordinates":[4.6973,45.363]},"surface":1025.85,"population":1868,"departement":{"code":"42","nom":"Loire"},"region":{"code":"84","nom":"Auvergne-Rhône-Alpes"}},{"nom":"Magneux-Haute-Rive","code":"42130","codesPostaux":["42600"],"centre":{"type":"Point","coordinates":[4.1723,45.6691]},"surface":1257.4,"population":555,"departement":{"code":"42","nom":"Loire"},"region":{"code":"84","nom":"Auvergne-Rhône-Alpes"}},{"nom":"Maizilly","code":"42131","codesPostaux":["42750"],"centre":{"type":"Point","coordinates":[4.2428,46.177]},"surface":515.14,"population":317,"departement":{"code":"42","nom":"Loire"},"region":{"code":"84","nom":"Auvergne-Rhône-Alpes"}},{"nom":"Malleval","code":"42132","codesPostaux":["42520"],"centre":{"type":"Point","coordinates":[4.7264,45.3842]},"surface":516.3,"population":648,"departement":{"code":"42","nom":"Loire"},"region":{"code":"84","nom":"Auvergne-Rhône-Alpes"}},{"nom":"Marcenod","code":"42133","codesPostaux":["42140"],"centre":{"type":"Point","coordinates":[4.4802,45.5729]},"surface":906.59,"population":698,"departement":{"code":"42","nom":"Loire"},"region":{"code":"84","nom":"Auvergne-Rhône-Alpes"}},{"nom":"Marcilly-le-Châtel","code":"42134","codesPostaux":["42130"],"centre":{"type":"Point","coordinates":[4.0269,45.6888]},"surface":1648.02,"population":1401,"departement":{"code":"42","nom":"Loire"},"region":{"code":"84","nom":"Auvergne-Rhône-Alpes"}},{"nom":"Marclopt","code":"42135","codesPostaux":["42210"],"centre":{"type":"Point","coordinates":[4.2227,45.6632]},"surface":859.48,"population":552,"departement":{"code":"42","nom":"Loire"},"region":{"code":"84","nom":"Auvergne-Rhône-Alpes"}},{"nom":"Marcoux","code":"42136","codesPostaux":["42130"],"centre":{"type":"Point","coordinates":[3.9959,45.7037]},"surface":1546.55,"population":781,"departement":{"code":"42","nom":"Loire"},"region":{"code":"84","nom":"Auvergne-Rhône-Alpes"}},{"nom":"Margerie-Chantagret","code":"42137","codesPostaux":["42560"],"centre":{"type":"Point","coordinates":[4.0488,45.5265]},"surface":784,"population":860,"departement":{"code":"42","nom":"Loire"},"region":{"code":"84","nom":"Auvergne-Rhône-Alpes"}},{"nom":"Maringes","code":"42138","codesPostaux":["42140"],"centre":{"type":"Point","coordinates":[4.3564,45.6611]},"surface":915.82,"population":677,"departement":{"code":"42","nom":"Loire"},"region":{"code":"84","nom":"Auvergne-Rhône-Alpes"}},{"nom":"Marlhes","code":"42139","codesPostaux":["42660"],"centre":{"type":"Point","coordinates":[4.3936,45.2915]},"surface":3263.27,"population":1312,"departement":{"code":"42","nom":"Loire"},"region":{"code":"84","nom":"Auvergne-Rhône-Alpes"}},{"nom":"Marols","code":"42140","codesPostaux":["42560"],"centre":{"type":"Point","coordinates":[4.0372,45.4726]},"surface":1494,"population":462,"departement":{"code":"42","nom":"Loire"},"region":{"code":"84","nom":"Auvergne-Rhône-Alpes"}},{"nom":"Mars","code":"42141","codesPostaux":["42750"],"centre":{"type":"Point","coordinates":[4.2526,46.1498]},"surface":1216.17,"population":555,"departement":{"code":"42","nom":"Loire"},"region":{"code":"84","nom":"Auvergne-Rhône-Alpes"}},{"nom":"Merle-Leignec","code":"42142","codesPostaux":["42380"],"centre":{"type":"Point","coordinates":[4.028,45.3678]},"surface":1646.72,"population":324,"departement":{"code":"42","nom":"Loire"},"region":{"code":"84","nom":"Auvergne-Rhône-Alpes"}},{"nom":"Mizérieux","code":"42143","codesPostaux":["42110"],"centre":{"type":"Point","coordinates":[4.1646,45.7905]},"surface":706.31,"population":538,"departement":{"code":"42","nom":"Loire"},"region":{"code":"84","nom":"Auvergne-Rhône-Alpes"}},{"nom":"Montagny","code":"42145","codesPostaux":["42840"],"centre":{"type":"Point","coordinates":[4.2227,46.0292]},"surface":2560.77,"population":1110,"departement":{"code":"42","nom":"Loire"},"region":{"code":"84","nom":"Auvergne-Rhône-Alpes"}},{"nom":"Montarcher","code":"42146","codesPostaux":["42380"],"centre":{"type":"Point","coordinates":[3.9901,45.4593]},"surface":587.38,"population":63,"departement":{"code":"42","nom":"Loire"},"region":{"code":"84","nom":"Auvergne-Rhône-Alpes"}},{"nom":"Montbrison","code":"42147","codesPostaux":["42600"],"centre":{"type":"Point","coordinates":[4.0719,45.6016]},"surface":1627.45,"population":16123,"departement":{"code":"42","nom":"Loire"},"region":{"code":"84","nom":"Auvergne-Rhône-Alpes"}},{"nom":"Montchal","code":"42148","codesPostaux":["42360"],"centre":{"type":"Point","coordinates":[4.3328,45.8263]},"surface":887.94,"population":512,"departement":{"code":"42","nom":"Loire"},"region":{"code":"84","nom":"Auvergne-Rhône-Alpes"}},{"nom":"Montrond-les-Bains","code":"42149","codesPostaux":["42210"],"centre":{"type":"Point","coordinates":[4.2429,45.638]},"surface":1013.95,"population":5652,"departement":{"code":"42","nom":"Loire"},"region":{"code":"84","nom":"Auvergne-Rhône-Alpes"}},{"nom":"Montverdun","code":"42150","codesPostaux":["42130"],"centre":{"type":"Point","coordinates":[4.0785,45.7088]},"surface":1662.7,"population":1283,"departement":{"code":"42","nom":"Loire"},"region":{"code":"84","nom":"Auvergne-Rhône-Alpes"}},{"nom":"Mornand-en-Forez","code":"42151","codesPostaux":["42600"],"centre":{"type":"Point","coordinates":[4.1191,45.6732]},"surface":2155.92,"population":427,"departement":{"code":"42","nom":"Loire"},"region":{"code":"84","nom":"Auvergne-Rhône-Alpes"}},{"nom":"Nandax","code":"42152","codesPostaux":["42720"],"centre":{"type":"Point","coordinates":[4.1732,46.0996]},"surface":816.41,"population":564,"departement":{"code":"42","nom":"Loire"},"region":{"code":"84","nom":"Auvergne-Rhône-Alpes"}},{"nom":"Neaux","code":"42153","codesPostaux":["42470"],"centre":{"type":"Point","coordinates":[4.1636,45.9583]},"surface":1749.65,"population":485,"departement":{"code":"42","nom":"Loire"},"region":{"code":"84","nom":"Auvergne-Rhône-Alpes"}},{"nom":"Néronde","code":"42154","codesPostaux":["42510"],"centre":{"type":"Point","coordinates":[4.233,45.8392]},"surface":858.85,"population":484,"departement":{"code":"42","nom":"Loire"},"region":{"code":"84","nom":"Auvergne-Rhône-Alpes"}},{"nom":"Nervieux","code":"42155","codesPostaux":["42510"],"centre":{"type":"Point","coordinates":[4.1475,45.8121]},"surface":1966.45,"population":1040,"departement":{"code":"42","nom":"Loire"},"region":{"code":"84","nom":"Auvergne-Rhône-Alpes"}},{"nom":"Neulise","code":"42156","codesPostaux":["42590"],"centre":{"type":"Point","coordinates":[4.1681,45.9037]},"surface":2305.18,"population":1344,"departement":{"code":"42","nom":"Loire"},"region":{"code":"84","nom":"Auvergne-Rhône-Alpes"}},{"nom":"Noailly","code":"42157","codesPostaux":["42640"],"centre":{"type":"Point","coordinates":[4.0052,46.1382]},"surface":3197.64,"population":824,"departement":{"code":"42","nom":"Loire"},"region":{"code":"84","nom":"Auvergne-Rhône-Alpes"}},{"nom":"Les Noës","code":"42158","codesPostaux":["42370"],"centre":{"type":"Point","coordinates":[3.8368,46.0304]},"surface":1564.63,"population":209,"departement":{"code":"42","nom":"Loire"},"region":{"code":"84","nom":"Auvergne-Rhône-Alpes"}},{"nom":"Noirétable","code":"42159","codesPostaux":["42440"],"centre":{"type":"Point","coordinates":[3.7384,45.8073]},"surface":4074.4,"population":1585,"departement":{"code":"42","nom":"Loire"},"region":{"code":"84","nom":"Auvergne-Rhône-Alpes"}},{"nom":"Nollieux","code":"42160","codesPostaux":["42260"],"centre":{"type":"Point","coordinates":[3.9899,45.8187]},"surface":702.51,"population":184,"departement":{"code":"42","nom":"Loire"},"region":{"code":"84","nom":"Auvergne-Rhône-Alpes"}},{"nom":"Notre-Dame-de-Boisset","code":"42161","codesPostaux":["42120"],"centre":{"type":"Point","coordinates":[4.1325,45.9896]},"surface":908.37,"population":571,"departement":{"code":"42","nom":"Loire"},"region":{"code":"84","nom":"Auvergne-Rhône-Alpes"}},{"nom":"Ouches","code":"42162","codesPostaux":["42155"],"centre":{"type":"Point","coordinates":[3.9921,46.011]},"surface":1009.99,"population":1138,"departement":{"code":"42","nom":"Loire"},"region":{"code":"84","nom":"Auvergne-Rhône-Alpes"}},{"nom":"La Pacaudière","code":"42163","codesPostaux":["42310"],"centre":{"type":"Point","coordinates":[3.8776,46.1828]},"surface":2082.63,"population":1088,"departement":{"code":"42","nom":"Loire"},"region":{"code":"84","nom":"Auvergne-Rhône-Alpes"}},{"nom":"Palogneux","code":"42164","codesPostaux":["42990"],"centre":{"type":"Point","coordinates":[3.9257,45.7442]},"surface":710.36,"population":69,"departement":{"code":"42","nom":"Loire"},"region":{"code":"84","nom":"Auvergne-Rhône-Alpes"}},{"nom":"Panissières","code":"42165","codesPostaux":["42360"],"centre":{"type":"Point","coordinates":[4.3428,45.7926]},"surface":2652.1,"population":2911,"departement":{"code":"42","nom":"Loire"},"region":{"code":"84","nom":"Auvergne-Rhône-Alpes"}},{"nom":"Parigny","code":"42166","codesPostaux":["42120"],"centre":{"type":"Point","coordinates":[4.093,45.9892]},"surface":920.34,"population":629,"departement":{"code":"42","nom":"Loire"},"region":{"code":"84","nom":"Auvergne-Rhône-Alpes"}},{"nom":"Pavezin","code":"42167","codesPostaux":["42410"],"centre":{"type":"Point","coordinates":[4.6605,45.467]},"surface":882.21,"population":400,"departement":{"code":"42","nom":"Loire"},"region":{"code":"84","nom":"Auvergne-Rhône-Alpes"}},{"nom":"Pélussin","code":"42168","codesPostaux":["42410"],"centre":{"type":"Point","coordinates":[4.6611,45.4236]},"surface":3244.72,"population":3727,"departement":{"code":"42","nom":"Loire"},"region":{"code":"84","nom":"Auvergne-Rhône-Alpes"}},{"nom":"Périgneux","code":"42169","codesPostaux":["42380"],"centre":{"type":"Point","coordinates":[4.1489,45.4496]},"surface":3188.93,"population":1621,"departement":{"code":"42","nom":"Loire"},"region":{"code":"84","nom":"Auvergne-Rhône-Alpes"}},{"nom":"Perreux","code":"42170","codesPostaux":["42120"],"centre":{"type":"Point","coordinates":[4.1427,46.0397]},"surface":4146.28,"population":2111,"departement":{"code":"42","nom":"Loire"},"region":{"code":"84","nom":"Auvergne-Rhône-Alpes"}},{"nom":"Pinay","code":"42171","codesPostaux":["42590"],"centre":{"type":"Point","coordinates":[4.1307,45.8707]},"surface":666.23,"population":286,"departement":{"code":"42","nom":"Loire"},"region":{"code":"84","nom":"Auvergne-Rhône-Alpes"}},{"nom":"Planfoy","code":"42172","codesPostaux":["42660"],"centre":{"type":"Point","coordinates":[4.4265,45.3848]},"surface":1248.69,"population":1075,"departement":{"code":"42","nom":"Loire"},"region":{"code":"84","nom":"Auvergne-Rhône-Alpes"}},{"nom":"Pommiers-en-Forez","code":"42173","codesPostaux":["42260"],"centre":{"type":"Point","coordinates":[4.0785,45.8327]},"surface":2420.84,"population":378,"departement":{"code":"42","nom":"Loire"},"region":{"code":"84","nom":"Auvergne-Rhône-Alpes"}},{"nom":"Poncins","code":"42174","codesPostaux":["42110"],"centre":{"type":"Point","coordinates":[4.1551,45.7297]},"surface":2060.05,"population":1318,"departement":{"code":"42","nom":"Loire"},"region":{"code":"84","nom":"Auvergne-Rhône-Alpes"}},{"nom":"Pouilly-lès-Feurs","code":"42175","codesPostaux":["42110"],"centre":{"type":"Point","coordinates":[4.2328,45.7981]},"surface":1317.1,"population":1231,"departement":{"code":"42","nom":"Loire"},"region":{"code":"84","nom":"Auvergne-Rhône-Alpes"}},{"nom":"Pouilly-les-Nonains","code":"42176","codesPostaux":["42155"],"centre":{"type":"Point","coordinates":[3.9794,46.0435]},"surface":1042.59,"population":2120,"departement":{"code":"42","nom":"Loire"},"region":{"code":"84","nom":"Auvergne-Rhône-Alpes"}},{"nom":"Pouilly-sous-Charlieu","code":"42177","codesPostaux":["42720"],"centre":{"type":"Point","coordinates":[4.1315,46.1344]},"surface":1653.54,"population":2588,"departement":{"code":"42","nom":"Loire"},"region":{"code":"84","nom":"Auvergne-Rhône-Alpes"}},{"nom":"Pradines","code":"42178","codesPostaux":["42630"],"centre":{"type":"Point","coordinates":[4.1736,45.9976]},"surface":1150.87,"population":918,"departement":{"code":"42","nom":"Loire"},"region":{"code":"84","nom":"Auvergne-Rhône-Alpes"}},{"nom":"Pralong","code":"42179","codesPostaux":["42600"],"centre":{"type":"Point","coordinates":[4.0169,45.661]},"surface":808.14,"population":842,"departement":{"code":"42","nom":"Loire"},"region":{"code":"84","nom":"Auvergne-Rhône-Alpes"}},{"nom":"Précieux","code":"42180","codesPostaux":["42600"],"centre":{"type":"Point","coordinates":[4.1503,45.589]},"surface":1646.61,"population":1042,"departement":{"code":"42","nom":"Loire"},"region":{"code":"84","nom":"Auvergne-Rhône-Alpes"}},{"nom":"Régny","code":"42181","codesPostaux":["42630"],"centre":{"type":"Point","coordinates":[4.216,45.9998]},"surface":1380.27,"population":1447,"departement":{"code":"42","nom":"Loire"},"region":{"code":"84","nom":"Auvergne-Rhône-Alpes"}},{"nom":"Renaison","code":"42182","codesPostaux":["42370"],"centre":{"type":"Point","coordinates":[3.911,46.0454]},"surface":2337.46,"population":3231,"departement":{"code":"42","nom":"Loire"},"region":{"code":"84","nom":"Auvergne-Rhône-Alpes"}},{"nom":"La Ricamarie","code":"42183","codesPostaux":["42150"],"centre":{"type":"Point","coordinates":[4.3723,45.4045]},"surface":694.32,"population":8039,"departement":{"code":"42","nom":"Loire"},"region":{"code":"84","nom":"Auvergne-Rhône-Alpes"}},{"nom":"Riorges","code":"42184","codesPostaux":["42153"],"centre":{"type":"Point","coordinates":[4.0377,46.0421]},"surface":1565.13,"population":11139,"departement":{"code":"42","nom":"Loire"},"region":{"code":"84","nom":"Auvergne-Rhône-Alpes"}},{"nom":"Rivas","code":"42185","codesPostaux":["42340"],"centre":{"type":"Point","coordinates":[4.2505,45.5871]},"surface":464.59,"population":747,"departement":{"code":"42","nom":"Loire"},"region":{"code":"84","nom":"Auvergne-Rhône-Alpes"}},{"nom":"Rive-de-Gier","code":"42186","codesPostaux":["42800"],"centre":{"type":"Point","coordinates":[4.6175,45.5211]},"surface":738.51,"population":15242,"departement":{"code":"42","nom":"Loire"},"region":{"code":"84","nom":"Auvergne-Rhône-Alpes"}},{"nom":"Roanne","code":"42187","codesPostaux":["42300"],"centre":{"type":"Point","coordinates":[4.0797,46.0443]},"surface":1612.53,"population":35409,"departement":{"code":"42","nom":"Loire"},"region":{"code":"84","nom":"Auvergne-Rhône-Alpes"}},{"nom":"Roche-en-Forez","code":"42188","codesPostaux":["42600"],"centre":{"type":"Point","coordinates":[3.9205,45.6176]},"surface":2304.85,"population":251,"departement":{"code":"42","nom":"Loire"},"region":{"code":"84","nom":"Auvergne-Rhône-Alpes"}},{"nom":"Roche-la-Molière","code":"42189","codesPostaux":["42230"],"centre":{"type":"Point","coordinates":[4.3282,45.4271]},"surface":1747.67,"population":9843,"departement":{"code":"42","nom":"Loire"},"region":{"code":"84","nom":"Auvergne-Rhône-Alpes"}},{"nom":"Roisey","code":"42191","codesPostaux":["42520"],"centre":{"type":"Point","coordinates":[4.6526,45.3914]},"surface":1308.24,"population":1014,"departement":{"code":"42","nom":"Loire"},"region":{"code":"84","nom":"Auvergne-Rhône-Alpes"}},{"nom":"Rozier-Côtes-d'Aurec","code":"42192","codesPostaux":["42380"],"centre":{"type":"Point","coordinates":[4.1164,45.3761]},"surface":1381.57,"population":437,"departement":{"code":"42","nom":"Loire"},"region":{"code":"84","nom":"Auvergne-Rhône-Alpes"}},{"nom":"Rozier-en-Donzy","code":"42193","codesPostaux":["42810"],"centre":{"type":"Point","coordinates":[4.2706,45.8086]},"surface":960.43,"population":1456,"departement":{"code":"42","nom":"Loire"},"region":{"code":"84","nom":"Auvergne-Rhône-Alpes"}},{"nom":"Sail-les-Bains","code":"42194","codesPostaux":["42310"],"centre":{"type":"Point","coordinates":[3.8414,46.2376]},"surface":2150.55,"population":209,"departement":{"code":"42","nom":"Loire"},"region":{"code":"84","nom":"Auvergne-Rhône-Alpes"}},{"nom":"Sail-sous-Couzan","code":"42195","codesPostaux":["42890"],"centre":{"type":"Point","coordinates":[3.9601,45.7367]},"surface":755.71,"population":997,"departement":{"code":"42","nom":"Loire"},"region":{"code":"84","nom":"Auvergne-Rhône-Alpes"}},{"nom":"Sainte-Agathe-en-Donzy","code":"42196","codesPostaux":["42510"],"centre":{"type":"Point","coordinates":[4.3061,45.8358]},"surface":339.75,"population":121,"departement":{"code":"42","nom":"Loire"},"region":{"code":"84","nom":"Auvergne-Rhône-Alpes"}},{"nom":"Sainte-Agathe-la-Bouteresse","code":"42197","codesPostaux":["42130"],"centre":{"type":"Point","coordinates":[4.0478,45.7456]},"surface":1165.44,"population":1065,"departement":{"code":"42","nom":"Loire"},"region":{"code":"84","nom":"Auvergne-Rhône-Alpes"}},{"nom":"Saint-Alban-les-Eaux","code":"42198","codesPostaux":["42370"],"centre":{"type":"Point","coordinates":[3.9309,46.0056]},"surface":786.74,"population":912,"departement":{"code":"42","nom":"Loire"},"region":{"code":"84","nom":"Auvergne-Rhône-Alpes"}},{"nom":"Saint-André-d'Apchon","code":"42199","codesPostaux":["42370"],"centre":{"type":"Point","coordinates":[3.9325,46.0275]},"surface":1355.72,"population":1966,"departement":{"code":"42","nom":"Loire"},"region":{"code":"84","nom":"Auvergne-Rhône-Alpes"}},{"nom":"Saint-André-le-Puy","code":"42200","codesPostaux":["42210"],"centre":{"type":"Point","coordinates":[4.2607,45.6448]},"surface":870.09,"population":1530,"departement":{"code":"42","nom":"Loire"},"region":{"code":"84","nom":"Auvergne-Rhône-Alpes"}},{"nom":"Saint-Appolinard","code":"42201","codesPostaux":["42520"],"centre":{"type":"Point","coordinates":[4.649,45.3435]},"surface":985.35,"population":704,"departement":{"code":"42","nom":"Loire"},"region":{"code":"84","nom":"Auvergne-Rhône-Alpes"}},{"nom":"Saint-Barthélemy-Lestra","code":"42202","codesPostaux":["42110"],"centre":{"type":"Point","coordinates":[4.3316,45.7193]},"surface":1119.35,"population":679,"departement":{"code":"42","nom":"Loire"},"region":{"code":"84","nom":"Auvergne-Rhône-Alpes"}},{"nom":"Saint-Bonnet-des-Quarts","code":"42203","codesPostaux":["42310"],"centre":{"type":"Point","coordinates":[3.8304,46.1272]},"surface":3290.67,"population":340,"departement":{"code":"42","nom":"Loire"},"region":{"code":"84","nom":"Auvergne-Rhône-Alpes"}},{"nom":"Saint-Bonnet-le-Château","code":"42204","codesPostaux":["42380"],"centre":{"type":"Point","coordinates":[4.0646,45.4252]},"surface":187.61,"population":1459,"departement":{"code":"42","nom":"Loire"},"region":{"code":"84","nom":"Auvergne-Rhône-Alpes"}},{"nom":"Saint-Bonnet-le-Courreau","code":"42205","codesPostaux":["42940"],"centre":{"type":"Point","coordinates":[3.9131,45.6542]},"surface":5043.02,"population":677,"departement":{"code":"42","nom":"Loire"},"region":{"code":"84","nom":"Auvergne-Rhône-Alpes"}},{"nom":"Saint-Bonnet-les-Oules","code":"42206","codesPostaux":["42330"],"centre":{"type":"Point","coordinates":[4.3341,45.5393]},"surface":1249.88,"population":1821,"departement":{"code":"42","nom":"Loire"},"region":{"code":"84","nom":"Auvergne-Rhône-Alpes"}},{"nom":"Saint-Chamond","code":"42207","codesPostaux":["42400"],"centre":{"type":"Point","coordinates":[4.5082,45.4687]},"surface":5519.92,"population":35646,"departement":{"code":"42","nom":"Loire"},"region":{"code":"84","nom":"Auvergne-Rhône-Alpes"}},{"nom":"Saint-Christo-en-Jarez","code":"42208","codesPostaux":["42320"],"centre":{"type":"Point","coordinates":[4.4697,45.5345]},"surface":2211.64,"population":1885,"departement":{"code":"42","nom":"Loire"},"region":{"code":"84","nom":"Auvergne-Rhône-Alpes"}},{"nom":"Sainte-Colombe-sur-Gand","code":"42209","codesPostaux":["42540"],"centre":{"type":"Point","coordinates":[4.2774,45.8667]},"surface":1358.4,"population":384,"departement":{"code":"42","nom":"Loire"},"region":{"code":"84","nom":"Auvergne-Rhône-Alpes"}},{"nom":"Sainte-Croix-en-Jarez","code":"42210","codesPostaux":["42800"],"centre":{"type":"Point","coordinates":[4.6375,45.4736]},"surface":1206.9,"population":480,"departement":{"code":"42","nom":"Loire"},"region":{"code":"84","nom":"Auvergne-Rhône-Alpes"}},{"nom":"Saint-Cyprien","code":"42211","codesPostaux":["42160"],"centre":{"type":"Point","coordinates":[4.2327,45.5414]},"surface":714.88,"population":2415,"departement":{"code":"42","nom":"Loire"},"region":{"code":"84","nom":"Auvergne-Rhône-Alpes"}},{"nom":"Saint-Cyr-de-Favières","code":"42212","codesPostaux":["42123"],"centre":{"type":"Point","coordinates":[4.1018,45.959]},"surface":1424.68,"population":1037,"departement":{"code":"42","nom":"Loire"},"region":{"code":"84","nom":"Auvergne-Rhône-Alpes"}},{"nom":"Saint-Cyr-de-Valorges","code":"42213","codesPostaux":["42114"],"centre":{"type":"Point","coordinates":[4.3134,45.8901]},"surface":995.77,"population":304,"departement":{"code":"42","nom":"Loire"},"region":{"code":"84","nom":"Auvergne-Rhône-Alpes"}},{"nom":"Saint-Cyr-les-Vignes","code":"42214","codesPostaux":["42210"],"centre":{"type":"Point","coordinates":[4.2909,45.678]},"surface":1950.69,"population":1096,"departement":{"code":"42","nom":"Loire"},"region":{"code":"84","nom":"Auvergne-Rhône-Alpes"}},{"nom":"Saint-Denis-de-Cabanne","code":"42215","codesPostaux":["42750"],"centre":{"type":"Point","coordinates":[4.2047,46.1773]},"surface":780.15,"population":1246,"departement":{"code":"42","nom":"Loire"},"region":{"code":"84","nom":"Auvergne-Rhône-Alpes"}},{"nom":"Saint-Denis-sur-Coise","code":"42216","codesPostaux":["42140"],"centre":{"type":"Point","coordinates":[4.4303,45.6111]},"surface":1073.79,"population":692,"departement":{"code":"42","nom":"Loire"},"region":{"code":"84","nom":"Auvergne-Rhône-Alpes"}},{"nom":"La Côte-Saint-Didier","code":"42217","codesPostaux":["42111"],"centre":{"type":"Point","coordinates":[3.8481,45.7873]},"surface":3184.27,"population":520,"departement":{"code":"42","nom":"Loire"},"region":{"code":"84","nom":"Auvergne-Rhône-Alpes"}},{"nom":"Saint-Étienne","code":"42218","codesPostaux":["42000","42100","42230"],"centre":{"type":"Point","coordinates":[4.3665,45.4241]},"surface":8003.07,"population":173136,"departement":{"code":"42","nom":"Loire"},"region":{"code":"84","nom":"Auvergne-Rhône-Alpes"}},{"nom":"Saint-Étienne-le-Molard","code":"42219","codesPostaux":["42130"],"centre":{"type":"Point","coordinates":[4.0997,45.743]},"surface":1660.9,"population":1033,"departement":{"code":"42","nom":"Loire"},"region":{"code":"84","nom":"Auvergne-Rhône-Alpes"}},{"nom":"Saint-Forgeux-Lespinasse","code":"42220","codesPostaux":["42640"],"centre":{"type":"Point","coordinates":[3.9427,46.1419]},"surface":1651.27,"population":590,"departement":{"code":"42","nom":"Loire"},"region":{"code":"84","nom":"Auvergne-Rhône-Alpes"}},{"nom":"Sainte-Foy-Saint-Sulpice","code":"42221","codesPostaux":["42110"],"centre":{"type":"Point","coordinates":[4.1086,45.7759]},"surface":2936.2,"population":568,"departement":{"code":"42","nom":"Loire"},"region":{"code":"84","nom":"Auvergne-Rhône-Alpes"}},{"nom":"Saint-Galmier","code":"42222","codesPostaux":["42330"],"centre":{"type":"Point","coordinates":[4.314,45.6038]},"surface":1963.32,"population":5829,"departement":{"code":"42","nom":"Loire"},"region":{"code":"84","nom":"Auvergne-Rhône-Alpes"}},{"nom":"Saint-Genest-Lerpt","code":"42223","codesPostaux":["42530"],"centre":{"type":"Point","coordinates":[4.3307,45.4529]},"surface":1275.76,"population":6181,"departement":{"code":"42","nom":"Loire"},"region":{"code":"84","nom":"Auvergne-Rhône-Alpes"}},{"nom":"Saint-Genest-Malifaux","code":"42224","codesPostaux":["42660"],"centre":{"type":"Point","coordinates":[4.4351,45.3523]},"surface":4702.92,"population":2921,"departement":{"code":"42","nom":"Loire"},"region":{"code":"84","nom":"Auvergne-Rhône-Alpes"}},{"nom":"Genilac","code":"42225","codesPostaux":["42800"],"centre":{"type":"Point","coordinates":[4.575,45.5395]},"surface":867.21,"population":3839,"departement":{"code":"42","nom":"Loire"},"region":{"code":"84","nom":"Auvergne-Rhône-Alpes"}},{"nom":"Saint-Georges-de-Baroille","code":"42226","codesPostaux":["42510"],"centre":{"type":"Point","coordinates":[4.1027,45.8513]},"surface":1539.7,"population":460,"departement":{"code":"42","nom":"Loire"},"region":{"code":"84","nom":"Auvergne-Rhône-Alpes"}},{"nom":"Saint-Georges-en-Couzan","code":"42227","codesPostaux":["42990"],"centre":{"type":"Point","coordinates":[3.929,45.7083]},"surface":2366.17,"population":430,"departement":{"code":"42","nom":"Loire"},"region":{"code":"84","nom":"Auvergne-Rhône-Alpes"}},{"nom":"Saint-Georges-Haute-Ville","code":"42228","codesPostaux":["42610"],"centre":{"type":"Point","coordinates":[4.093,45.5426]},"surface":965.36,"population":1453,"departement":{"code":"42","nom":"Loire"},"region":{"code":"84","nom":"Auvergne-Rhône-Alpes"}},{"nom":"Saint-Germain-la-Montagne","code":"42229","codesPostaux":["42670"],"centre":{"type":"Point","coordinates":[4.3925,46.1965]},"surface":1257.41,"population":211,"departement":{"code":"42","nom":"Loire"},"region":{"code":"84","nom":"Auvergne-Rhône-Alpes"}},{"nom":"Saint-Germain-Laval","code":"42230","codesPostaux":["42260"],"centre":{"type":"Point","coordinates":[4.0089,45.833]},"surface":1709.07,"population":1608,"departement":{"code":"42","nom":"Loire"},"region":{"code":"84","nom":"Auvergne-Rhône-Alpes"}},{"nom":"Saint-Germain-Lespinasse","code":"42231","codesPostaux":["42640"],"centre":{"type":"Point","coordinates":[3.9636,46.1112]},"surface":1478.7,"population":1225,"departement":{"code":"42","nom":"Loire"},"region":{"code":"84","nom":"Auvergne-Rhône-Alpes"}},{"nom":"Saint-Haon-le-Châtel","code":"42232","codesPostaux":["42370"],"centre":{"type":"Point","coordinates":[3.9172,46.0662]},"surface":87.53,"population":625,"departement":{"code":"42","nom":"Loire"},"region":{"code":"84","nom":"Auvergne-Rhône-Alpes"}},{"nom":"Saint-Haon-le-Vieux","code":"42233","codesPostaux":["42370"],"centre":{"type":"Point","coordinates":[3.9019,46.0733]},"surface":1646.81,"population":953,"departement":{"code":"42","nom":"Loire"},"region":{"code":"84","nom":"Auvergne-Rhône-Alpes"}},{"nom":"Saint-Héand","code":"42234","codesPostaux":["42570"],"centre":{"type":"Point","coordinates":[4.3841,45.5317]},"surface":3095.34,"population":3665,"departement":{"code":"42","nom":"Loire"},"region":{"code":"84","nom":"Auvergne-Rhône-Alpes"}},{"nom":"Saint-Hilaire-Cusson-la-Valmitte","code":"42235","codesPostaux":["42380"],"centre":{"type":"Point","coordinates":[4.0628,45.3684]},"surface":1864.29,"population":340,"departement":{"code":"42","nom":"Loire"},"region":{"code":"84","nom":"Auvergne-Rhône-Alpes"}},{"nom":"Saint-Hilaire-sous-Charlieu","code":"42236","codesPostaux":["42190"],"centre":{"type":"Point","coordinates":[4.1829,46.1205]},"surface":1377.31,"population":548,"departement":{"code":"42","nom":"Loire"},"region":{"code":"84","nom":"Auvergne-Rhône-Alpes"}},{"nom":"Saint-Jean-Bonnefonds","code":"42237","codesPostaux":["42650"],"centre":{"type":"Point","coordinates":[4.4467,45.4585]},"surface":1165.94,"population":6563,"departement":{"code":"42","nom":"Loire"},"region":{"code":"84","nom":"Auvergne-Rhône-Alpes"}},{"nom":"Saint-Jean-la-Vêtre","code":"42238","codesPostaux":["42440"],"centre":{"type":"Point","coordinates":[3.7899,45.7758]},"surface":1623.1,"population":303,"departement":{"code":"42","nom":"Loire"},"region":{"code":"84","nom":"Auvergne-Rhône-Alpes"}},{"nom":"Saint-Jean-Saint-Maurice-sur-Loire","code":"42239","codesPostaux":["42155"],"centre":{"type":"Point","coordinates":[3.9801,45.9591]},"surface":2440.58,"population":1147,"departement":{"code":"42","nom":"Loire"},"region":{"code":"84","nom":"Auvergne-Rhône-Alpes"}},{"nom":"Saint-Jean-Soleymieux","code":"42240","codesPostaux":["42560"],"centre":{"type":"Point","coordinates":[4.0098,45.5061]},"surface":1656.86,"population":840,"departement":{"code":"42","nom":"Loire"},"region":{"code":"84","nom":"Auvergne-Rhône-Alpes"}},{"nom":"Saint-Jodard","code":"42241","codesPostaux":["42590"],"centre":{"type":"Point","coordinates":[4.1294,45.8887]},"surface":671.27,"population":393,"departement":{"code":"42","nom":"Loire"},"region":{"code":"84","nom":"Auvergne-Rhône-Alpes"}},{"nom":"Saint-Joseph","code":"42242","codesPostaux":["42800"],"centre":{"type":"Point","coordinates":[4.6208,45.5555]},"surface":827.3,"population":1996,"departement":{"code":"42","nom":"Loire"},"region":{"code":"84","nom":"Auvergne-Rhône-Alpes"}},{"nom":"Saint-Julien-d'Oddes","code":"42243","codesPostaux":["42260"],"centre":{"type":"Point","coordinates":[3.9922,45.851]},"surface":1032.8,"population":300,"departement":{"code":"42","nom":"Loire"},"region":{"code":"84","nom":"Auvergne-Rhône-Alpes"}},{"nom":"Vêtre-sur-Anzon","code":"42245","codesPostaux":["42111","42440"],"centre":{"type":"Point","coordinates":[3.8448,45.8187]},"surface":2036.7,"population":564,"departement":{"code":"42","nom":"Loire"},"region":{"code":"84","nom":"Auvergne-Rhône-Alpes"}},{"nom":"Saint-Julien-Molin-Molette","code":"42246","codesPostaux":["42220"],"centre":{"type":"Point","coordinates":[4.6189,45.3177]},"surface":951.69,"population":1140,"departement":{"code":"42","nom":"Loire"},"region":{"code":"84","nom":"Auvergne-Rhône-Alpes"}},{"nom":"Saint-Just-en-Bas","code":"42247","codesPostaux":["42990"],"centre":{"type":"Point","coordinates":[3.8743,45.729]},"surface":2079.39,"population":281,"departement":{"code":"42","nom":"Loire"},"region":{"code":"84","nom":"Auvergne-Rhône-Alpes"}},{"nom":"Saint-Just-en-Chevalet","code":"42248","codesPostaux":["42430"],"centre":{"type":"Point","coordinates":[3.834,45.9255]},"surface":2920.05,"population":1169,"departement":{"code":"42","nom":"Loire"},"region":{"code":"84","nom":"Auvergne-Rhône-Alpes"}},{"nom":"Saint-Just-la-Pendue","code":"42249","codesPostaux":["42540"],"centre":{"type":"Point","coordinates":[4.2449,45.8827]},"surface":1990.94,"population":1635,"departement":{"code":"42","nom":"Loire"},"region":{"code":"84","nom":"Auvergne-Rhône-Alpes"}},{"nom":"Saint-Laurent-la-Conche","code":"42251","codesPostaux":["42210"],"centre":{"type":"Point","coordinates":[4.2376,45.6924]},"surface":1568.02,"population":573,"departement":{"code":"42","nom":"Loire"},"region":{"code":"84","nom":"Auvergne-Rhône-Alpes"}},{"nom":"Saint-Léger-sur-Roanne","code":"42253","codesPostaux":["42155"],"centre":{"type":"Point","coordinates":[4.003,46.0429]},"surface":452.34,"population":1170,"departement":{"code":"42","nom":"Loire"},"region":{"code":"84","nom":"Auvergne-Rhône-Alpes"}},{"nom":"Saint-Marcel-de-Félines","code":"42254","codesPostaux":["42122"],"centre":{"type":"Point","coordinates":[4.1824,45.8635]},"surface":2249.81,"population":827,"departement":{"code":"42","nom":"Loire"},"region":{"code":"84","nom":"Auvergne-Rhône-Alpes"}},{"nom":"Saint-Marcel-d'Urfé","code":"42255","codesPostaux":["42430"],"centre":{"type":"Point","coordinates":[3.8813,45.8713]},"surface":1403.59,"population":268,"departement":{"code":"42","nom":"Loire"},"region":{"code":"84","nom":"Auvergne-Rhône-Alpes"}},{"nom":"Saint-Marcellin-en-Forez","code":"42256","codesPostaux":["42680"],"centre":{"type":"Point","coordinates":[4.1672,45.4883]},"surface":3139.54,"population":5116,"departement":{"code":"42","nom":"Loire"},"region":{"code":"84","nom":"Auvergne-Rhône-Alpes"}},{"nom":"Saint-Martin-d'Estréaux","code":"42257","codesPostaux":["42620"],"centre":{"type":"Point","coordinates":[3.829,46.2029]},"surface":3007.49,"population":845,"departement":{"code":"42","nom":"Loire"},"region":{"code":"84","nom":"Auvergne-Rhône-Alpes"}},{"nom":"Saint-Martin-la-Plaine","code":"42259","codesPostaux":["42800"],"centre":{"type":"Point","coordinates":[4.5925,45.5518]},"surface":964.06,"population":3764,"departement":{"code":"42","nom":"Loire"},"region":{"code":"84","nom":"Auvergne-Rhône-Alpes"}},{"nom":"Saint-Martin-la-Sauveté","code":"42260","codesPostaux":["42260"],"centre":{"type":"Point","coordinates":[3.918,45.8352]},"surface":2971.93,"population":889,"departement":{"code":"42","nom":"Loire"},"region":{"code":"84","nom":"Auvergne-Rhône-Alpes"}},{"nom":"Saint-Martin-Lestra","code":"42261","codesPostaux":["42110"],"centre":{"type":"Point","coordinates":[4.3714,45.7268]},"surface":1633.72,"population":947,"departement":{"code":"42","nom":"Loire"},"region":{"code":"84","nom":"Auvergne-Rhône-Alpes"}},{"nom":"Saint-Maurice-en-Gourgois","code":"42262","codesPostaux":["42240"],"centre":{"type":"Point","coordinates":[4.1736,45.4114]},"surface":3162.46,"population":1827,"departement":{"code":"42","nom":"Loire"},"region":{"code":"84","nom":"Auvergne-Rhône-Alpes"}},{"nom":"Saint-Médard-en-Forez","code":"42264","codesPostaux":["42330"],"centre":{"type":"Point","coordinates":[4.3605,45.593]},"surface":1041.37,"population":962,"departement":{"code":"42","nom":"Loire"},"region":{"code":"84","nom":"Auvergne-Rhône-Alpes"}},{"nom":"Saint-Michel-sur-Rhône","code":"42265","codesPostaux":["42410"],"centre":{"type":"Point","coordinates":[4.7339,45.4436]},"surface":586.11,"population":888,"departement":{"code":"42","nom":"Loire"},"region":{"code":"84","nom":"Auvergne-Rhône-Alpes"}},{"nom":"Saint-Nizier-de-Fornas","code":"42266","codesPostaux":["42380"],"centre":{"type":"Point","coordinates":[4.081,45.4066]},"surface":1596.66,"population":655,"departement":{"code":"42","nom":"Loire"},"region":{"code":"84","nom":"Auvergne-Rhône-Alpes"}},{"nom":"Saint-Nizier-sous-Charlieu","code":"42267","codesPostaux":["42190"],"centre":{"type":"Point","coordinates":[4.1262,46.1624]},"surface":1310.69,"population":1686,"departement":{"code":"42","nom":"Loire"},"region":{"code":"84","nom":"Auvergne-Rhône-Alpes"}},{"nom":"Vézelin-sur-Loire","code":"42268","codesPostaux":["42260","42590"],"centre":{"type":"Point","coordinates":[4.0578,45.8858]},"surface":3966.32,"population":811,"departement":{"code":"42","nom":"Loire"},"region":{"code":"84","nom":"Auvergne-Rhône-Alpes"}},{"nom":"Saint-Paul-d'Uzore","code":"42269","codesPostaux":["42600"],"centre":{"type":"Point","coordinates":[4.0924,45.6747]},"surface":966.06,"population":203,"departement":{"code":"42","nom":"Loire"},"region":{"code":"84","nom":"Auvergne-Rhône-Alpes"}},{"nom":"Saint-Paul-en-Cornillon","code":"42270","codesPostaux":["42240"],"centre":{"type":"Point","coordinates":[4.239,45.3967]},"surface":368.72,"population":1352,"departement":{"code":"42","nom":"Loire"},"region":{"code":"84","nom":"Auvergne-Rhône-Alpes"}},{"nom":"Saint-Paul-en-Jarez","code":"42271","codesPostaux":["42740"],"centre":{"type":"Point","coordinates":[4.588,45.4716]},"surface":1987.08,"population":4699,"departement":{"code":"42","nom":"Loire"},"region":{"code":"84","nom":"Auvergne-Rhône-Alpes"}},{"nom":"Saint-Pierre-de-Bœuf","code":"42272","codesPostaux":["42520"],"centre":{"type":"Point","coordinates":[4.742,45.3797]},"surface":599.36,"population":1712,"departement":{"code":"42","nom":"Loire"},"region":{"code":"84","nom":"Auvergne-Rhône-Alpes"}},{"nom":"Saint-Pierre-la-Noaille","code":"42273","codesPostaux":["42190"],"centre":{"type":"Point","coordinates":[4.1079,46.1828]},"surface":749.87,"population":378,"departement":{"code":"42","nom":"Loire"},"region":{"code":"84","nom":"Auvergne-Rhône-Alpes"}},{"nom":"Saint-Polgues","code":"42274","codesPostaux":["42260"],"centre":{"type":"Point","coordinates":[3.9804,45.9082]},"surface":582.43,"population":277,"departement":{"code":"42","nom":"Loire"},"region":{"code":"84","nom":"Auvergne-Rhône-Alpes"}},{"nom":"Saint-Priest-en-Jarez","code":"42275","codesPostaux":["42270"],"centre":{"type":"Point","coordinates":[4.3708,45.474]},"surface":309.03,"population":6471,"departement":{"code":"42","nom":"Loire"},"region":{"code":"84","nom":"Auvergne-Rhône-Alpes"}},{"nom":"Saint-Priest-la-Prugne","code":"42276","codesPostaux":["42830"],"centre":{"type":"Point","coordinates":[3.7505,45.9494]},"surface":3725.86,"population":402,"departement":{"code":"42","nom":"Loire"},"region":{"code":"84","nom":"Auvergne-Rhône-Alpes"}},{"nom":"Saint-Priest-la-Roche","code":"42277","codesPostaux":["42590"],"centre":{"type":"Point","coordinates":[4.1085,45.9204]},"surface":1358.86,"population":341,"departement":{"code":"42","nom":"Loire"},"region":{"code":"84","nom":"Auvergne-Rhône-Alpes"}},{"nom":"Saint-Priest-la-Vêtre","code":"42278","codesPostaux":["42440"],"centre":{"type":"Point","coordinates":[3.8086,45.8008]},"surface":521.25,"population":141,"departement":{"code":"42","nom":"Loire"},"region":{"code":"84","nom":"Auvergne-Rhône-Alpes"}},{"nom":"Saint-Just-Saint-Rambert","code":"42279","codesPostaux":["42170"],"centre":{"type":"Point","coordinates":[4.2464,45.4919]},"surface":4134.61,"population":15764,"departement":{"code":"42","nom":"Loire"},"region":{"code":"84","nom":"Auvergne-Rhône-Alpes"}},{"nom":"Saint-Régis-du-Coin","code":"42280","codesPostaux":["42660"],"centre":{"type":"Point","coordinates":[4.4528,45.2869]},"surface":2047.82,"population":408,"departement":{"code":"42","nom":"Loire"},"region":{"code":"84","nom":"Auvergne-Rhône-Alpes"}},{"nom":"Saint-Rirand","code":"42281","codesPostaux":["42370"],"centre":{"type":"Point","coordinates":[3.8372,46.0737]},"surface":1655.32,"population":132,"departement":{"code":"42","nom":"Loire"},"region":{"code":"84","nom":"Auvergne-Rhône-Alpes"}},{"nom":"Saint-Romain-d'Urfé","code":"42282","codesPostaux":["42430"],"centre":{"type":"Point","coordinates":[3.8157,45.8859]},"surface":1517.18,"population":243,"departement":{"code":"42","nom":"Loire"},"region":{"code":"84","nom":"Auvergne-Rhône-Alpes"}},{"nom":"Saint-Romain-en-Jarez","code":"42283","codesPostaux":["42800"],"centre":{"type":"Point","coordinates":[4.5417,45.5612]},"surface":1688.37,"population":1206,"departement":{"code":"42","nom":"Loire"},"region":{"code":"84","nom":"Auvergne-Rhône-Alpes"}},{"nom":"Saint-Romain-la-Motte","code":"42284","codesPostaux":["42640"],"centre":{"type":"Point","coordinates":[3.9907,46.0836]},"surface":2799.65,"population":1436,"departement":{"code":"42","nom":"Loire"},"region":{"code":"84","nom":"Auvergne-Rhône-Alpes"}},{"nom":"Saint-Romain-le-Puy","code":"42285","codesPostaux":["42610"],"centre":{"type":"Point","coordinates":[4.1317,45.5564]},"surface":2137.72,"population":4142,"departement":{"code":"42","nom":"Loire"},"region":{"code":"84","nom":"Auvergne-Rhône-Alpes"}},{"nom":"Saint-Romain-les-Atheux","code":"42286","codesPostaux":["42660"],"centre":{"type":"Point","coordinates":[4.3688,45.3639]},"surface":1480.14,"population":956,"departement":{"code":"42","nom":"Loire"},"region":{"code":"84","nom":"Auvergne-Rhône-Alpes"}},{"nom":"Saint-Sauveur-en-Rue","code":"42287","codesPostaux":["42220"],"centre":{"type":"Point","coordinates":[4.5025,45.2744]},"surface":3062.95,"population":1081,"departement":{"code":"42","nom":"Loire"},"region":{"code":"84","nom":"Auvergne-Rhône-Alpes"}},{"nom":"Saint-Sixte","code":"42288","codesPostaux":["42130"],"centre":{"type":"Point","coordinates":[3.9695,45.7728]},"surface":1548.44,"population":669,"departement":{"code":"42","nom":"Loire"},"region":{"code":"84","nom":"Auvergne-Rhône-Alpes"}},{"nom":"Saint-Symphorien-de-Lay","code":"42289","codesPostaux":["42470"],"centre":{"type":"Point","coordinates":[4.223,45.9474]},"surface":3274.38,"population":1979,"departement":{"code":"42","nom":"Loire"},"region":{"code":"84","nom":"Auvergne-Rhône-Alpes"}},{"nom":"Saint-Thomas-la-Garde","code":"42290","codesPostaux":["42600"],"centre":{"type":"Point","coordinates":[4.0847,45.5728]},"surface":348.26,"population":592,"departement":{"code":"42","nom":"Loire"},"region":{"code":"84","nom":"Auvergne-Rhône-Alpes"}},{"nom":"Saint-Victor-sur-Rhins","code":"42293","codesPostaux":["42630"],"centre":{"type":"Point","coordinates":[4.277,46.005]},"surface":1144.36,"population":1141,"departement":{"code":"42","nom":"Loire"},"region":{"code":"84","nom":"Auvergne-Rhône-Alpes"}},{"nom":"Saint-Vincent-de-Boisset","code":"42294","codesPostaux":["42120"],"centre":{"type":"Point","coordinates":[4.1161,46.0101]},"surface":414.55,"population":968,"departement":{"code":"42","nom":"Loire"},"region":{"code":"84","nom":"Auvergne-Rhône-Alpes"}},{"nom":"Les Salles","code":"42295","codesPostaux":["42440"],"centre":{"type":"Point","coordinates":[3.774,45.853]},"surface":2559.17,"population":558,"departement":{"code":"42","nom":"Loire"},"region":{"code":"84","nom":"Auvergne-Rhône-Alpes"}},{"nom":"Salt-en-Donzy","code":"42296","codesPostaux":["42110"],"centre":{"type":"Point","coordinates":[4.2848,45.7351]},"surface":925.74,"population":535,"departement":{"code":"42","nom":"Loire"},"region":{"code":"84","nom":"Auvergne-Rhône-Alpes"}},{"nom":"Salvizinet","code":"42297","codesPostaux":["42110"],"centre":{"type":"Point","coordinates":[4.2776,45.76]},"surface":1093.05,"population":623,"departement":{"code":"42","nom":"Loire"},"region":{"code":"84","nom":"Auvergne-Rhône-Alpes"}},{"nom":"Sauvain","code":"42298","codesPostaux":["42990"],"centre":{"type":"Point","coordinates":[3.8604,45.6642]},"surface":3076.39,"population":371,"departement":{"code":"42","nom":"Loire"},"region":{"code":"84","nom":"Auvergne-Rhône-Alpes"}},{"nom":"Savigneux","code":"42299","codesPostaux":["42600"],"centre":{"type":"Point","coordinates":[4.1013,45.622]},"surface":1904.88,"population":3509,"departement":{"code":"42","nom":"Loire"},"region":{"code":"84","nom":"Auvergne-Rhône-Alpes"}},{"nom":"Sevelinges","code":"42300","codesPostaux":["42460"],"centre":{"type":"Point","coordinates":[4.2839,46.0979]},"surface":817.01,"population":646,"departement":{"code":"42","nom":"Loire"},"region":{"code":"84","nom":"Auvergne-Rhône-Alpes"}},{"nom":"Soleymieux","code":"42301","codesPostaux":["42560"],"centre":{"type":"Point","coordinates":[4.0609,45.5052]},"surface":907.54,"population":716,"departement":{"code":"42","nom":"Loire"},"region":{"code":"84","nom":"Auvergne-Rhône-Alpes"}},{"nom":"Sorbiers","code":"42302","codesPostaux":["42290"],"centre":{"type":"Point","coordinates":[4.4357,45.4995]},"surface":1211.8,"population":8116,"departement":{"code":"42","nom":"Loire"},"region":{"code":"84","nom":"Auvergne-Rhône-Alpes"}},{"nom":"Souternon","code":"42303","codesPostaux":["42260"],"centre":{"type":"Point","coordinates":[3.9887,45.8831]},"surface":1712.52,"population":293,"departement":{"code":"42","nom":"Loire"},"region":{"code":"84","nom":"Auvergne-Rhône-Alpes"}},{"nom":"Sury-le-Comtal","code":"42304","codesPostaux":["42450"],"centre":{"type":"Point","coordinates":[4.1784,45.5426]},"surface":2419.9,"population":6621,"departement":{"code":"42","nom":"Loire"},"region":{"code":"84","nom":"Auvergne-Rhône-Alpes"}},{"nom":"La Talaudière","code":"42305","codesPostaux":["42350"],"centre":{"type":"Point","coordinates":[4.4257,45.4775]},"surface":769.22,"population":7133,"departement":{"code":"42","nom":"Loire"},"region":{"code":"84","nom":"Auvergne-Rhône-Alpes"}},{"nom":"Tarentaise","code":"42306","codesPostaux":["42660"],"centre":{"type":"Point","coordinates":[4.4917,45.3615]},"surface":1254.78,"population":506,"departement":{"code":"42","nom":"Loire"},"region":{"code":"84","nom":"Auvergne-Rhône-Alpes"}},{"nom":"Tartaras","code":"42307","codesPostaux":["42800"],"centre":{"type":"Point","coordinates":[4.6658,45.5536]},"surface":397.54,"population":958,"departement":{"code":"42","nom":"Loire"},"region":{"code":"84","nom":"Auvergne-Rhône-Alpes"}},{"nom":"La Terrasse-sur-Dorlay","code":"42308","codesPostaux":["42740"],"centre":{"type":"Point","coordinates":[4.5896,45.4479]},"surface":868.51,"population":778,"departement":{"code":"42","nom":"Loire"},"region":{"code":"84","nom":"Auvergne-Rhône-Alpes"}},{"nom":"Thélis-la-Combe","code":"42310","codesPostaux":["42220"],"centre":{"type":"Point","coordinates":[4.5496,45.3369]},"surface":1452.87,"population":143,"departement":{"code":"42","nom":"Loire"},"region":{"code":"84","nom":"Auvergne-Rhône-Alpes"}},{"nom":"La Tour-en-Jarez","code":"42311","codesPostaux":["42580"],"centre":{"type":"Point","coordinates":[4.3973,45.4899]},"surface":514.55,"population":1495,"departement":{"code":"42","nom":"Loire"},"region":{"code":"84","nom":"Auvergne-Rhône-Alpes"}},{"nom":"La Tourette","code":"42312","codesPostaux":["42380"],"centre":{"type":"Point","coordinates":[4.0846,45.4225]},"surface":569.42,"population":642,"departement":{"code":"42","nom":"Loire"},"region":{"code":"84","nom":"Auvergne-Rhône-Alpes"}},{"nom":"Trelins","code":"42313","codesPostaux":["42130"],"centre":{"type":"Point","coordinates":[4.004,45.7243]},"surface":825.91,"population":682,"departement":{"code":"42","nom":"Loire"},"region":{"code":"84","nom":"Auvergne-Rhône-Alpes"}},{"nom":"La Tuilière","code":"42314","codesPostaux":["42830"],"centre":{"type":"Point","coordinates":[3.8129,45.9589]},"surface":3161.68,"population":273,"departement":{"code":"42","nom":"Loire"},"region":{"code":"84","nom":"Auvergne-Rhône-Alpes"}},{"nom":"Unias","code":"42315","codesPostaux":["42210"],"centre":{"type":"Point","coordinates":[4.2273,45.6057]},"surface":543.89,"population":469,"departement":{"code":"42","nom":"Loire"},"region":{"code":"84","nom":"Auvergne-Rhône-Alpes"}},{"nom":"Unieux","code":"42316","codesPostaux":["42240"],"centre":{"type":"Point","coordinates":[4.2691,45.4054]},"surface":855.05,"population":8514,"departement":{"code":"42","nom":"Loire"},"region":{"code":"84","nom":"Auvergne-Rhône-Alpes"}},{"nom":"Urbise","code":"42317","codesPostaux":["42310"],"centre":{"type":"Point","coordinates":[3.88,46.2454]},"surface":1574,"population":117,"departement":{"code":"42","nom":"Loire"},"region":{"code":"84","nom":"Auvergne-Rhône-Alpes"}},{"nom":"Usson-en-Forez","code":"42318","codesPostaux":["42550"],"centre":{"type":"Point","coordinates":[3.937,45.3847]},"surface":4731.68,"population":1455,"departement":{"code":"42","nom":"Loire"},"region":{"code":"84","nom":"Auvergne-Rhône-Alpes"}},{"nom":"Valeille","code":"42319","codesPostaux":["42110"],"centre":{"type":"Point","coordinates":[4.2809,45.708]},"surface":1646.11,"population":675,"departement":{"code":"42","nom":"Loire"},"region":{"code":"84","nom":"Auvergne-Rhône-Alpes"}},{"nom":"Valfleury","code":"42320","codesPostaux":["42320"],"centre":{"type":"Point","coordinates":[4.5158,45.5376]},"surface":885.16,"population":739,"departement":{"code":"42","nom":"Loire"},"region":{"code":"84","nom":"Auvergne-Rhône-Alpes"}},{"nom":"La Valla-sur-Rochefort","code":"42321","codesPostaux":["42111"],"centre":{"type":"Point","coordinates":[3.8447,45.7575]},"surface":894.77,"population":105,"departement":{"code":"42","nom":"Loire"},"region":{"code":"84","nom":"Auvergne-Rhône-Alpes"}},{"nom":"La Valla-en-Gier","code":"42322","codesPostaux":["42131"],"centre":{"type":"Point","coordinates":[4.5256,45.4062]},"surface":3480.13,"population":1140,"departement":{"code":"42","nom":"Loire"},"region":{"code":"84","nom":"Auvergne-Rhône-Alpes"}},{"nom":"Veauche","code":"42323","codesPostaux":["42340"],"centre":{"type":"Point","coordinates":[4.29,45.5616]},"surface":1085.42,"population":8975,"departement":{"code":"42","nom":"Loire"},"region":{"code":"84","nom":"Auvergne-Rhône-Alpes"}},{"nom":"Veauchette","code":"42324","codesPostaux":["42340"],"centre":{"type":"Point","coordinates":[4.2536,45.5633]},"surface":758.61,"population":1235,"departement":{"code":"42","nom":"Loire"},"region":{"code":"84","nom":"Auvergne-Rhône-Alpes"}},{"nom":"Vendranges","code":"42325","codesPostaux":["42590"],"centre":{"type":"Point","coordinates":[4.1329,45.9344]},"surface":1113.07,"population":390,"departement":{"code":"42","nom":"Loire"},"region":{"code":"84","nom":"Auvergne-Rhône-Alpes"}},{"nom":"Véranne","code":"42326","codesPostaux":["42520"],"centre":{"type":"Point","coordinates":[4.634,45.3724]},"surface":1619.99,"population":951,"departement":{"code":"42","nom":"Loire"},"region":{"code":"84","nom":"Auvergne-Rhône-Alpes"}},{"nom":"Vérin","code":"42327","codesPostaux":["42410"],"centre":{"type":"Point","coordinates":[4.743,45.46]},"surface":322.57,"population":666,"departement":{"code":"42","nom":"Loire"},"region":{"code":"84","nom":"Auvergne-Rhône-Alpes"}},{"nom":"Verrières-en-Forez","code":"42328","codesPostaux":["42600"],"centre":{"type":"Point","coordinates":[3.9903,45.5672]},"surface":2115.47,"population":731,"departement":{"code":"42","nom":"Loire"},"region":{"code":"84","nom":"Auvergne-Rhône-Alpes"}},{"nom":"La Versanne","code":"42329","codesPostaux":["42220"],"centre":{"type":"Point","coordinates":[4.5084,45.3202]},"surface":1520.47,"population":394,"departement":{"code":"42","nom":"Loire"},"region":{"code":"84","nom":"Auvergne-Rhône-Alpes"}},{"nom":"Villars","code":"42330","codesPostaux":["42390"],"centre":{"type":"Point","coordinates":[4.3517,45.4679]},"surface":569.92,"population":7664,"departement":{"code":"42","nom":"Loire"},"region":{"code":"84","nom":"Auvergne-Rhône-Alpes"}},{"nom":"Villemontais","code":"42331","codesPostaux":["42155"],"centre":{"type":"Point","coordinates":[3.932,45.9812]},"surface":1320.24,"population":1042,"departement":{"code":"42","nom":"Loire"},"region":{"code":"84","nom":"Auvergne-Rhône-Alpes"}},{"nom":"Villerest","code":"42332","codesPostaux":["42300"],"centre":{"type":"Point","coordinates":[4.0264,45.9981]},"surface":1412.04,"population":5172,"departement":{"code":"42","nom":"Loire"},"region":{"code":"84","nom":"Auvergne-Rhône-Alpes"}},{"nom":"Villers","code":"42333","codesPostaux":["42460"],"centre":{"type":"Point","coordinates":[4.2254,46.1247]},"surface":583.15,"population":602,"departement":{"code":"42","nom":"Loire"},"region":{"code":"84","nom":"Auvergne-Rhône-Alpes"}},{"nom":"Violay","code":"42334","codesPostaux":["42780"],"centre":{"type":"Point","coordinates":[4.3458,45.8517]},"surface":2711.57,"population":1218,"departement":{"code":"42","nom":"Loire"},"region":{"code":"84","nom":"Auvergne-Rhône-Alpes"}},{"nom":"Viricelles","code":"42335","codesPostaux":["42140"],"centre":{"type":"Point","coordinates":[4.3828,45.6545]},"surface":201.28,"population":449,"departement":{"code":"42","nom":"Loire"},"region":{"code":"84","nom":"Auvergne-Rhône-Alpes"}},{"nom":"Virigneux","code":"42336","codesPostaux":["42140"],"centre":{"type":"Point","coordinates":[4.3463,45.6873]},"surface":1190.9,"population":618,"departement":{"code":"42","nom":"Loire"},"region":{"code":"84","nom":"Auvergne-Rhône-Alpes"}},{"nom":"Vivans","code":"42337","codesPostaux":["42310"],"centre":{"type":"Point","coordinates":[3.9385,46.1814]},"surface":2557.39,"population":242,"departement":{"code":"42","nom":"Loire"},"region":{"code":"84","nom":"Auvergne-Rhône-Alpes"}},{"nom":"Vougy","code":"42338","codesPostaux":["42720"],"centre":{"type":"Point","coordinates":[4.1265,46.0966]},"surface":2105.56,"population":1546,"departement":{"code":"42","nom":"Loire"},"region":{"code":"84","nom":"Auvergne-Rhône-Alpes"}},{"nom":"Chausseterre","code":"42339","codesPostaux":["42430"],"centre":{"type":"Point","coordinates":[3.7692,45.8998]},"surface":1671.58,"population":212,"departement":{"code":"42","nom":"Loire"},"region":{"code":"84","nom":"Auvergne-Rhône-Alpes"}}]