[{"nom":"Accons","code":"07001","codesPostaux":["07160"],"centre":{"type":"Point","coordinates":[4.3944,44.8916]},"surface":998.95,"population":361,"departement":{"code":"07","nom":"Ardèche"},"region":{"code":"84","nom":"Auvergne-Rhône-Alpes"}},{"nom":"Ailhon","code":"07002","codesPostaux":["07200"],"centre":{"type":"Point","coordinates":[4.3364,44.5992]},"surface":791.29,"population":553,"departement":{"code":"07","nom":"Ardèche"},"region":{"code":"84","nom":"Auvergne-Rhône-Alpes"}},{"nom":"Aizac","code":"07003","codesPostaux":["07530"],"centre":{"type":"Point","coordinates":[4.3335,44.719]},"surface":642.82,"population":169,"departement":{"code":"07","nom":"Ardèche"},"region":{"code":"84","nom":"Auvergne-Rhône-Alpes"}},{"nom":"Ajoux","code":"07004","codesPostaux":["07000"],"centre":{"type":"Point","coordinates":[4.4872,44.7541]},"surface":1239.47,"population":81,"departement":{"code":"07","nom":"Ardèche"},"region":{"code":"84","nom":"Auvergne-Rhône-Alpes"}},{"nom":"Alba-la-Romaine","code":"07005","codesPostaux":["07400"],"centre":{"type":"Point","coordinates":[4.5958,44.5593]},"surface":3093.59,"population":1533,"departement":{"code":"07","nom":"Ardèche"},"region":{"code":"84","nom":"Auvergne-Rhône-Alpes"}},{"nom":"Albon-d'Ardèche","code":"07006","codesPostaux":["07190"],"centre":{"type":"Point","coordinates":[4.4183,44.8168]},"surface":915.21,"population":159,"departement":{"code":"07","nom":"Ardèche"},"region":{"code":"84","nom":"Auvergne-Rhône-Alpes"}},{"nom":"Alboussière","code":"07007","codesPostaux":["07440"],"centre":{"type":"Point","coordinates":[4.7449,44.9395]},"surface":1831.02,"population":1048,"departement":{"code":"07","nom":"Ardèche"},"region":{"code":"84","nom":"Auvergne-Rhône-Alpes"}},{"nom":"Alissas","code":"07008","codesPostaux":["07210"],"centre":{"type":"Point","coordinates":[4.6139,44.7089]},"surface":1246.25,"population":1519,"departement":{"code":"07","nom":"Ardèche"},"region":{"code":"84","nom":"Auvergne-Rhône-Alpes"}},{"nom":"Andance","code":"07009","codesPostaux":["07340"],"centre":{"type":"Point","coordinates":[4.7972,45.2316]},"surface":663.03,"population":1192,"departement":{"code":"07","nom":"Ardèche"},"region":{"code":"84","nom":"Auvergne-Rhône-Alpes"}},{"nom":"Annonay","code":"07010","codesPostaux":["07100"],"centre":{"type":"Point","coordinates":[4.6419,45.2449]},"surface":2114.31,"population":17274,"departement":{"code":"07","nom":"Ardèche"},"region":{"code":"84","nom":"Auvergne-Rhône-Alpes"}},{"nom":"Vallées-d'Antraigues-Asperjoc","code":"07011","codesPostaux":["07530","07600"],"centre":{"type":"Point","coordinates":[4.3463,44.7302]},"surface":2224.16,"population":845,"departement":{"code":"07","nom":"Ardèche"},"region":{"code":"84","nom":"Auvergne-Rhône-Alpes"}},{"nom":"Arcens","code":"07012","codesPostaux":["07310"],"centre":{"type":"Point","coordinates":[4.3184,44.8963]},"surface":1854.68,"population":346,"departement":{"code":"07","nom":"Ardèche"},"region":{"code":"84","nom":"Auvergne-Rhône-Alpes"}},{"nom":"Ardoix","code":"07013","codesPostaux":["07290"],"centre":{"type":"Point","coordinates":[4.7472,45.1893]},"surface":1231.82,"population":1308,"departement":{"code":"07","nom":"Ardèche"},"region":{"code":"84","nom":"Auvergne-Rhône-Alpes"}},{"nom":"Arlebosc","code":"07014","codesPostaux":["07410"],"centre":{"type":"Point","coordinates":[4.628,45.0381]},"surface":1249.34,"population":380,"departement":{"code":"07","nom":"Ardèche"},"region":{"code":"84","nom":"Auvergne-Rhône-Alpes"}},{"nom":"Arras-sur-Rhône","code":"07015","codesPostaux":["07370"],"centre":{"type":"Point","coordinates":[4.8069,45.143]},"surface":555.85,"population":529,"departement":{"code":"07","nom":"Ardèche"},"region":{"code":"84","nom":"Auvergne-Rhône-Alpes"}},{"nom":"Les Assions","code":"07017","codesPostaux":["07140"],"centre":{"type":"Point","coordinates":[4.1882,44.4243]},"surface":1399.9,"population":767,"departement":{"code":"07","nom":"Ardèche"},"region":{"code":"84","nom":"Auvergne-Rhône-Alpes"}},{"nom":"Astet","code":"07018","codesPostaux":["07330"],"centre":{"type":"Point","coordinates":[4.0211,44.6841]},"surface":3481.89,"population":59,"departement":{"code":"07","nom":"Ardèche"},"region":{"code":"84","nom":"Auvergne-Rhône-Alpes"}},{"nom":"Aubenas","code":"07019","codesPostaux":["07200"],"centre":{"type":"Point","coordinates":[4.3942,44.6107]},"surface":1465.78,"population":12416,"departement":{"code":"07","nom":"Ardèche"},"region":{"code":"84","nom":"Auvergne-Rhône-Alpes"}},{"nom":"Aubignas","code":"07020","codesPostaux":["07400"],"centre":{"type":"Point","coordinates":[4.6309,44.5854]},"surface":1574.47,"population":476,"departement":{"code":"07","nom":"Ardèche"},"region":{"code":"84","nom":"Auvergne-Rhône-Alpes"}},{"nom":"Baix","code":"07022","codesPostaux":["07210"],"centre":{"type":"Point","coordinates":[4.7474,44.7046]},"surface":1755.45,"population":1296,"departement":{"code":"07","nom":"Ardèche"},"region":{"code":"84","nom":"Auvergne-Rhône-Alpes"}},{"nom":"Balazuc","code":"07023","codesPostaux":["07120"],"centre":{"type":"Point","coordinates":[4.3737,44.5123]},"surface":1877.42,"population":389,"departement":{"code":"07","nom":"Ardèche"},"region":{"code":"84","nom":"Auvergne-Rhône-Alpes"}},{"nom":"Banne","code":"07024","codesPostaux":["07460"],"centre":{"type":"Point","coordinates":[4.1463,44.3598]},"surface":3288.26,"population":648,"departement":{"code":"07","nom":"Ardèche"},"region":{"code":"84","nom":"Auvergne-Rhône-Alpes"}},{"nom":"Barnas","code":"07025","codesPostaux":["07330"],"centre":{"type":"Point","coordinates":[4.1589,44.6698]},"surface":2480.06,"population":209,"departement":{"code":"07","nom":"Ardèche"},"region":{"code":"84","nom":"Auvergne-Rhône-Alpes"}},{"nom":"Le Béage","code":"07026","codesPostaux":["07630"],"centre":{"type":"Point","coordinates":[4.1346,44.8542]},"surface":3317.72,"population":254,"departement":{"code":"07","nom":"Ardèche"},"region":{"code":"84","nom":"Auvergne-Rhône-Alpes"}},{"nom":"Beauchastel","code":"07027","codesPostaux":["07800"],"centre":{"type":"Point","coordinates":[4.7938,44.8324]},"surface":848.53,"population":1800,"departement":{"code":"07","nom":"Ardèche"},"region":{"code":"84","nom":"Auvergne-Rhône-Alpes"}},{"nom":"Beaulieu","code":"07028","codesPostaux":["07460"],"centre":{"type":"Point","coordinates":[4.2553,44.3575]},"surface":2540.59,"population":544,"departement":{"code":"07","nom":"Ardèche"},"region":{"code":"84","nom":"Auvergne-Rhône-Alpes"}},{"nom":"Beaumont","code":"07029","codesPostaux":["07110"],"centre":{"type":"Point","coordinates":[4.1709,44.5437]},"surface":1925.68,"population":262,"departement":{"code":"07","nom":"Ardèche"},"region":{"code":"84","nom":"Auvergne-Rhône-Alpes"}},{"nom":"Beauvène","code":"07030","codesPostaux":["07190"],"centre":{"type":"Point","coordinates":[4.5156,44.8669]},"surface":1217.18,"population":204,"departement":{"code":"07","nom":"Ardèche"},"region":{"code":"84","nom":"Auvergne-Rhône-Alpes"}},{"nom":"Berrias-et-Casteljau","code":"07031","codesPostaux":["07460"],"centre":{"type":"Point","coordinates":[4.2056,44.3791]},"surface":2666.66,"population":793,"departement":{"code":"07","nom":"Ardèche"},"region":{"code":"84","nom":"Auvergne-Rhône-Alpes"}},{"nom":"Berzème","code":"07032","codesPostaux":["07580"],"centre":{"type":"Point","coordinates":[4.5717,44.6514]},"surface":1823.98,"population":159,"departement":{"code":"07","nom":"Ardèche"},"region":{"code":"84","nom":"Auvergne-Rhône-Alpes"}},{"nom":"Bessas","code":"07033","codesPostaux":["07150"],"centre":{"type":"Point","coordinates":[4.2987,44.3423]},"surface":1731.94,"population":234,"departement":{"code":"07","nom":"Ardèche"},"region":{"code":"84","nom":"Auvergne-Rhône-Alpes"}},{"nom":"Bidon","code":"07034","codesPostaux":["07700"],"centre":{"type":"Point","coordinates":[4.5423,44.3583]},"surface":2948.69,"population":254,"departement":{"code":"07","nom":"Ardèche"},"region":{"code":"84","nom":"Auvergne-Rhône-Alpes"}},{"nom":"Boffres","code":"07035","codesPostaux":["07440"],"centre":{"type":"Point","coordinates":[4.6891,44.9196]},"surface":3085.75,"population":633,"departement":{"code":"07","nom":"Ardèche"},"region":{"code":"84","nom":"Auvergne-Rhône-Alpes"}},{"nom":"Bogy","code":"07036","codesPostaux":["07340"],"centre":{"type":"Point","coordinates":[4.7682,45.2827]},"surface":711.01,"population":488,"departement":{"code":"07","nom":"Ardèche"},"region":{"code":"84","nom":"Auvergne-Rhône-Alpes"}},{"nom":"Borée","code":"07037","codesPostaux":["07310"],"centre":{"type":"Point","coordinates":[4.2341,44.894]},"surface":2841.01,"population":135,"departement":{"code":"07","nom":"Ardèche"},"region":{"code":"84","nom":"Auvergne-Rhône-Alpes"}},{"nom":"Borne","code":"07038","codesPostaux":["07590"],"centre":{"type":"Point","coordinates":[4.0444,44.6115]},"surface":3219.29,"population":42,"departement":{"code":"07","nom":"Ardèche"},"region":{"code":"84","nom":"Auvergne-Rhône-Alpes"}},{"nom":"Bozas","code":"07039","codesPostaux":["07410"],"centre":{"type":"Point","coordinates":[4.6439,45.0547]},"surface":1261.48,"population":255,"departement":{"code":"07","nom":"Ardèche"},"region":{"code":"84","nom":"Auvergne-Rhône-Alpes"}},{"nom":"Boucieu-le-Roi","code":"07040","codesPostaux":["07270"],"centre":{"type":"Point","coordinates":[4.6877,45.0287]},"surface":886.01,"population":243,"departement":{"code":"07","nom":"Ardèche"},"region":{"code":"84","nom":"Auvergne-Rhône-Alpes"}},{"nom":"Boulieu-lès-Annonay","code":"07041","codesPostaux":["07100"],"centre":{"type":"Point","coordinates":[4.6433,45.268]},"surface":955.69,"population":2248,"departement":{"code":"07","nom":"Ardèche"},"region":{"code":"84","nom":"Auvergne-Rhône-Alpes"}},{"nom":"Bourg-Saint-Andéol","code":"07042","codesPostaux":["07700"],"centre":{"type":"Point","coordinates":[4.6117,44.3742]},"surface":4288.83,"population":7661,"departement":{"code":"07","nom":"Ardèche"},"region":{"code":"84","nom":"Auvergne-Rhône-Alpes"}},{"nom":"Brossainc","code":"07044","codesPostaux":["07340"],"centre":{"type":"Point","coordinates":[4.677,45.3286]},"surface":443.57,"population":262,"departement":{"code":"07","nom":"Ardèche"},"region":{"code":"84","nom":"Auvergne-Rhône-Alpes"}},{"nom":"Burzet","code":"07045","codesPostaux":["07450"],"centre":{"type":"Point","coordinates":[4.2346,44.7473]},"surface":3813.84,"population":536,"departement":{"code":"07","nom":"Ardèche"},"region":{"code":"84","nom":"Auvergne-Rhône-Alpes"}},{"nom":"Cellier-du-Luc","code":"07047","codesPostaux":["07590"],"centre":{"type":"Point","coordinates":[3.9028,44.6733]},"surface":1475.65,"population":91,"departement":{"code":"07","nom":"Ardèche"},"region":{"code":"84","nom":"Auvergne-Rhône-Alpes"}},{"nom":"Chalencon","code":"07048","codesPostaux":["07240"],"centre":{"type":"Point","coordinates":[4.5582,44.8804]},"surface":958.38,"population":328,"departement":{"code":"07","nom":"Ardèche"},"region":{"code":"84","nom":"Auvergne-Rhône-Alpes"}},{"nom":"Le Chambon","code":"07049","codesPostaux":["07160"],"centre":{"type":"Point","coordinates":[4.2996,44.8306]},"surface":1060.54,"population":58,"departement":{"code":"07","nom":"Ardèche"},"region":{"code":"84","nom":"Auvergne-Rhône-Alpes"}},{"nom":"Chambonas","code":"07050","codesPostaux":["07140"],"centre":{"type":"Point","coordinates":[4.1301,44.4253]},"surface":1219.75,"population":992,"departement":{"code":"07","nom":"Ardèche"},"region":{"code":"84","nom":"Auvergne-Rhône-Alpes"}},{"nom":"Champagne","code":"07051","codesPostaux":["07340"],"centre":{"type":"Point","coordinates":[4.7979,45.277]},"surface":413.48,"population":652,"departement":{"code":"07","nom":"Ardèche"},"region":{"code":"84","nom":"Auvergne-Rhône-Alpes"}},{"nom":"Champis","code":"07052","codesPostaux":["07440"],"centre":{"type":"Point","coordinates":[4.7549,44.9566]},"surface":1668.89,"population":680,"departement":{"code":"07","nom":"Ardèche"},"region":{"code":"84","nom":"Auvergne-Rhône-Alpes"}},{"nom":"Chandolas","code":"07053","codesPostaux":["07230"],"centre":{"type":"Point","coordinates":[4.245,44.4151]},"surface":1190.69,"population":547,"departement":{"code":"07","nom":"Ardèche"},"region":{"code":"84","nom":"Auvergne-Rhône-Alpes"}},{"nom":"Chanéac","code":"07054","codesPostaux":["07310"],"centre":{"type":"Point","coordinates":[4.3127,44.9313]},"surface":1586.19,"population":254,"departement":{"code":"07","nom":"Ardèche"},"region":{"code":"84","nom":"Auvergne-Rhône-Alpes"}},{"nom":"Charmes-sur-Rhône","code":"07055","codesPostaux":["07800"],"centre":{"type":"Point","coordinates":[4.8312,44.8632]},"surface":589.79,"population":3143,"departement":{"code":"07","nom":"Ardèche"},"region":{"code":"84","nom":"Auvergne-Rhône-Alpes"}},{"nom":"Charnas","code":"07056","codesPostaux":["07340"],"centre":{"type":"Point","coordinates":[4.7309,45.3429]},"surface":549.92,"population":925,"departement":{"code":"07","nom":"Ardèche"},"region":{"code":"84","nom":"Auvergne-Rhône-Alpes"}},{"nom":"Chassiers","code":"07058","codesPostaux":["07110"],"centre":{"type":"Point","coordinates":[4.2936,44.5656]},"surface":1241.22,"population":989,"departement":{"code":"07","nom":"Ardèche"},"region":{"code":"84","nom":"Auvergne-Rhône-Alpes"}},{"nom":"Châteaubourg","code":"07059","codesPostaux":["07130"],"centre":{"type":"Point","coordinates":[4.8346,44.9881]},"surface":431.49,"population":227,"departement":{"code":"07","nom":"Ardèche"},"region":{"code":"84","nom":"Auvergne-Rhône-Alpes"}},{"nom":"Châteauneuf-de-Vernoux","code":"07060","codesPostaux":["07240"],"centre":{"type":"Point","coordinates":[4.6483,44.9258]},"surface":609.34,"population":288,"departement":{"code":"07","nom":"Ardèche"},"region":{"code":"84","nom":"Auvergne-Rhône-Alpes"}},{"nom":"Chauzon","code":"07061","codesPostaux":["07120"],"centre":{"type":"Point","coordinates":[4.3467,44.4937]},"surface":1081.74,"population":422,"departement":{"code":"07","nom":"Ardèche"},"region":{"code":"84","nom":"Auvergne-Rhône-Alpes"}},{"nom":"Chazeaux","code":"07062","codesPostaux":["07110"],"centre":{"type":"Point","coordinates":[4.2974,44.5949]},"surface":467.99,"population":134,"departement":{"code":"07","nom":"Ardèche"},"region":{"code":"84","nom":"Auvergne-Rhône-Alpes"}},{"nom":"Cheminas","code":"07063","codesPostaux":["07300"],"centre":{"type":"Point","coordinates":[4.7414,45.1316]},"surface":944.21,"population":423,"departement":{"code":"07","nom":"Ardèche"},"region":{"code":"84","nom":"Auvergne-Rhône-Alpes"}},{"nom":"Le Cheylard","code":"07064","codesPostaux":["07160"],"centre":{"type":"Point","coordinates":[4.422,44.9061]},"surface":1353.67,"population":2803,"departement":{"code":"07","nom":"Ardèche"},"region":{"code":"84","nom":"Auvergne-Rhône-Alpes"}},{"nom":"Chirols","code":"07065","codesPostaux":["07380"],"centre":{"type":"Point","coordinates":[4.2917,44.6879]},"surface":692.11,"population":289,"departement":{"code":"07","nom":"Ardèche"},"region":{"code":"84","nom":"Auvergne-Rhône-Alpes"}},{"nom":"Chomérac","code":"07066","codesPostaux":["07210"],"centre":{"type":"Point","coordinates":[4.668,44.7113]},"surface":1946.93,"population":3183,"departement":{"code":"07","nom":"Ardèche"},"region":{"code":"84","nom":"Auvergne-Rhône-Alpes"}},{"nom":"Colombier-le-Cardinal","code":"07067","codesPostaux":["07430"],"centre":{"type":"Point","coordinates":[4.7427,45.2645]},"surface":253.79,"population":327,"departement":{"code":"07","nom":"Ardèche"},"region":{"code":"84","nom":"Auvergne-Rhône-Alpes"}},{"nom":"Colombier-le-Jeune","code":"07068","codesPostaux":["07270"],"centre":{"type":"Point","coordinates":[4.7142,45.0103]},"surface":1523.59,"population":563,"departement":{"code":"07","nom":"Ardèche"},"region":{"code":"84","nom":"Auvergne-Rhône-Alpes"}},{"nom":"Colombier-le-Vieux","code":"07069","codesPostaux":["07410"],"centre":{"type":"Point","coordinates":[4.7069,45.0559]},"surface":1571.56,"population":690,"departement":{"code":"07","nom":"Ardèche"},"region":{"code":"84","nom":"Auvergne-Rhône-Alpes"}},{"nom":"Cornas","code":"07070","codesPostaux":["07130"],"centre":{"type":"Point","coordinates":[4.8441,44.9668]},"surface":854.06,"population":2410,"departement":{"code":"07","nom":"Ardèche"},"region":{"code":"84","nom":"Auvergne-Rhône-Alpes"}},{"nom":"Coucouron","code":"07071","codesPostaux":["07470"],"centre":{"type":"Point","coordinates":[3.9571,44.7978]},"surface":2440.27,"population":777,"departement":{"code":"07","nom":"Ardèche"},"region":{"code":"84","nom":"Auvergne-Rhône-Alpes"}},{"nom":"Coux","code":"07072","codesPostaux":["07000"],"centre":{"type":"Point","coordinates":[4.6195,44.7434]},"surface":1202.63,"population":1635,"departement":{"code":"07","nom":"Ardèche"},"region":{"code":"84","nom":"Auvergne-Rhône-Alpes"}},{"nom":"Le Crestet","code":"07073","codesPostaux":["07270"],"centre":{"type":"Point","coordinates":[4.6322,45.0115]},"surface":1003.93,"population":518,"departement":{"code":"07","nom":"Ardèche"},"region":{"code":"84","nom":"Auvergne-Rhône-Alpes"}},{"nom":"Creysseilles","code":"07074","codesPostaux":["07000"],"centre":{"type":"Point","coordinates":[4.5329,44.7645]},"surface":1026.02,"population":158,"departement":{"code":"07","nom":"Ardèche"},"region":{"code":"84","nom":"Auvergne-Rhône-Alpes"}},{"nom":"Cros-de-Géorand","code":"07075","codesPostaux":["07510","07630"],"centre":{"type":"Point","coordinates":[4.1226,44.8008]},"surface":4392.44,"population":156,"departement":{"code":"07","nom":"Ardèche"},"region":{"code":"84","nom":"Auvergne-Rhône-Alpes"}},{"nom":"Cruas","code":"07076","codesPostaux":["07350"],"centre":{"type":"Point","coordinates":[4.7554,44.6552]},"surface":1549.26,"population":2898,"departement":{"code":"07","nom":"Ardèche"},"region":{"code":"84","nom":"Auvergne-Rhône-Alpes"}},{"nom":"Darbres","code":"07077","codesPostaux":["07170"],"centre":{"type":"Point","coordinates":[4.5216,44.6597]},"surface":1634.9,"population":272,"departement":{"code":"07","nom":"Ardèche"},"region":{"code":"84","nom":"Auvergne-Rhône-Alpes"}},{"nom":"Davézieux","code":"07078","codesPostaux":["07430"],"centre":{"type":"Point","coordinates":[4.6989,45.2533]},"surface":574.82,"population":3205,"departement":{"code":"07","nom":"Ardèche"},"region":{"code":"84","nom":"Auvergne-Rhône-Alpes"}},{"nom":"Désaignes","code":"07079","codesPostaux":["07570"],"centre":{"type":"Point","coordinates":[4.4972,44.9946]},"surface":5157.17,"population":1151,"departement":{"code":"07","nom":"Ardèche"},"region":{"code":"84","nom":"Auvergne-Rhône-Alpes"}},{"nom":"Devesset","code":"07080","codesPostaux":["07320"],"centre":{"type":"Point","coordinates":[4.3987,45.0707]},"surface":2969.33,"population":310,"departement":{"code":"07","nom":"Ardèche"},"region":{"code":"84","nom":"Auvergne-Rhône-Alpes"}},{"nom":"Dompnac","code":"07081","codesPostaux":["07260"],"centre":{"type":"Point","coordinates":[4.1132,44.5607]},"surface":1629.15,"population":78,"departement":{"code":"07","nom":"Ardèche"},"region":{"code":"84","nom":"Auvergne-Rhône-Alpes"}},{"nom":"Dornas","code":"07082","codesPostaux":["07160"],"centre":{"type":"Point","coordinates":[4.3602,44.8494]},"surface":1774.26,"population":195,"departement":{"code":"07","nom":"Ardèche"},"region":{"code":"84","nom":"Auvergne-Rhône-Alpes"}},{"nom":"Dunière-sur-Eyrieux","code":"07083","codesPostaux":["07360"],"centre":{"type":"Point","coordinates":[4.6479,44.8351]},"surface":780.17,"population":437,"departement":{"code":"07","nom":"Ardèche"},"region":{"code":"84","nom":"Auvergne-Rhône-Alpes"}},{"nom":"Eclassan","code":"07084","codesPostaux":["07370"],"centre":{"type":"Point","coordinates":[4.7442,45.1618]},"surface":1648.41,"population":1054,"departement":{"code":"07","nom":"Ardèche"},"region":{"code":"84","nom":"Auvergne-Rhône-Alpes"}},{"nom":"Empurany","code":"07085","codesPostaux":["07270"],"centre":{"type":"Point","coordinates":[4.5968,45.0254]},"surface":1935.08,"population":571,"departement":{"code":"07","nom":"Ardèche"},"region":{"code":"84","nom":"Auvergne-Rhône-Alpes"}},{"nom":"Étables","code":"07086","codesPostaux":["07300"],"centre":{"type":"Point","coordinates":[4.7381,45.094]},"surface":1578.56,"population":1000,"departement":{"code":"07","nom":"Ardèche"},"region":{"code":"84","nom":"Auvergne-Rhône-Alpes"}},{"nom":"Fabras","code":"07087","codesPostaux":["07380"],"centre":{"type":"Point","coordinates":[4.2807,44.6501]},"surface":758.46,"population":467,"departement":{"code":"07","nom":"Ardèche"},"region":{"code":"84","nom":"Auvergne-Rhône-Alpes"}},{"nom":"Faugères","code":"07088","codesPostaux":["07230"],"centre":{"type":"Point","coordinates":[4.1436,44.4828]},"surface":581.73,"population":123,"departement":{"code":"07","nom":"Ardèche"},"region":{"code":"84","nom":"Auvergne-Rhône-Alpes"}},{"nom":"Félines","code":"07089","codesPostaux":["07340"],"centre":{"type":"Point","coordinates":[4.7205,45.3155]},"surface":1417.59,"population":1934,"departement":{"code":"07","nom":"Ardèche"},"region":{"code":"84","nom":"Auvergne-Rhône-Alpes"}},{"nom":"Flaviac","code":"07090","codesPostaux":["07000"],"centre":{"type":"Point","coordinates":[4.6622,44.7522]},"surface":1301.91,"population":1235,"departement":{"code":"07","nom":"Ardèche"},"region":{"code":"84","nom":"Auvergne-Rhône-Alpes"}},{"nom":"Fons","code":"07091","codesPostaux":["07200"],"centre":{"type":"Point","coordinates":[4.3492,44.5826]},"surface":408.19,"population":316,"departement":{"code":"07","nom":"Ardèche"},"region":{"code":"84","nom":"Auvergne-Rhône-Alpes"}},{"nom":"Freyssenet","code":"07092","codesPostaux":["07000"],"centre":{"type":"Point","coordinates":[4.5466,44.6881]},"surface":970.61,"population":48,"departement":{"code":"07","nom":"Ardèche"},"region":{"code":"84","nom":"Auvergne-Rhône-Alpes"}},{"nom":"Genestelle","code":"07093","codesPostaux":["07530"],"centre":{"type":"Point","coordinates":[4.3915,44.7401]},"surface":2151.52,"population":266,"departement":{"code":"07","nom":"Ardèche"},"region":{"code":"84","nom":"Auvergne-Rhône-Alpes"}},{"nom":"Gilhac-et-Bruzac","code":"07094","codesPostaux":["07800"],"centre":{"type":"Point","coordinates":[4.7474,44.8624]},"surface":3094.28,"population":172,"departement":{"code":"07","nom":"Ardèche"},"region":{"code":"84","nom":"Auvergne-Rhône-Alpes"}},{"nom":"Gilhoc-sur-Ormèze","code":"07095","codesPostaux":["07270"],"centre":{"type":"Point","coordinates":[4.6757,44.9882]},"surface":2108.61,"population":470,"departement":{"code":"07","nom":"Ardèche"},"region":{"code":"84","nom":"Auvergne-Rhône-Alpes"}},{"nom":"Gluiras","code":"07096","codesPostaux":["07190"],"centre":{"type":"Point","coordinates":[4.522,44.8456]},"surface":2465.99,"population":366,"departement":{"code":"07","nom":"Ardèche"},"region":{"code":"84","nom":"Auvergne-Rhône-Alpes"}},{"nom":"Glun","code":"07097","codesPostaux":["07300"],"centre":{"type":"Point","coordinates":[4.823,45.008]},"surface":752.02,"population":677,"departement":{"code":"07","nom":"Ardèche"},"region":{"code":"84","nom":"Auvergne-Rhône-Alpes"}},{"nom":"Gourdon","code":"07098","codesPostaux":["07000"],"centre":{"type":"Point","coordinates":[4.4646,44.7328]},"surface":1278.6,"population":85,"departement":{"code":"07","nom":"Ardèche"},"region":{"code":"84","nom":"Auvergne-Rhône-Alpes"}},{"nom":"Gras","code":"07099","codesPostaux":["07700"],"centre":{"type":"Point","coordinates":[4.536,44.4403]},"surface":5763.65,"population":591,"departement":{"code":"07","nom":"Ardèche"},"region":{"code":"84","nom":"Auvergne-Rhône-Alpes"}},{"nom":"Gravières","code":"07100","codesPostaux":["07140"],"centre":{"type":"Point","coordinates":[4.0715,44.4199]},"surface":1880.42,"population":508,"departement":{"code":"07","nom":"Ardèche"},"region":{"code":"84","nom":"Auvergne-Rhône-Alpes"}},{"nom":"Grospierres","code":"07101","codesPostaux":["07120"],"centre":{"type":"Point","coordinates":[4.2868,44.3941]},"surface":2720.01,"population":941,"departement":{"code":"07","nom":"Ardèche"},"region":{"code":"84","nom":"Auvergne-Rhône-Alpes"}},{"nom":"Guilherand-Granges","code":"07102","codesPostaux":["07500"],"centre":{"type":"Point","coordinates":[4.8655,44.9301]},"surface":650.82,"population":11235,"departement":{"code":"07","nom":"Ardèche"},"region":{"code":"84","nom":"Auvergne-Rhône-Alpes"}},{"nom":"Saint-Julien-d'Intres","code":"07103","codesPostaux":["07310","07320"],"centre":{"type":"Point","coordinates":[4.3415,44.9792]},"surface":2128.22,"population":303,"departement":{"code":"07","nom":"Ardèche"},"region":{"code":"84","nom":"Auvergne-Rhône-Alpes"}},{"nom":"Issamoulenc","code":"07104","codesPostaux":["07190"],"centre":{"type":"Point","coordinates":[4.4519,44.7887]},"surface":1566.64,"population":107,"departement":{"code":"07","nom":"Ardèche"},"region":{"code":"84","nom":"Auvergne-Rhône-Alpes"}},{"nom":"Issanlas","code":"07105","codesPostaux":["07510","07660"],"centre":{"type":"Point","coordinates":[4.0046,44.7644]},"surface":2863.68,"population":104,"departement":{"code":"07","nom":"Ardèche"},"region":{"code":"84","nom":"Auvergne-Rhône-Alpes"}},{"nom":"Issarlès","code":"07106","codesPostaux":["07470"],"centre":{"type":"Point","coordinates":[4.0597,44.8488]},"surface":1884.65,"population":125,"departement":{"code":"07","nom":"Ardèche"},"region":{"code":"84","nom":"Auvergne-Rhône-Alpes"}},{"nom":"Jaujac","code":"07107","codesPostaux":["07380"],"centre":{"type":"Point","coordinates":[4.2409,44.6278]},"surface":2447.39,"population":1199,"departement":{"code":"07","nom":"Ardèche"},"region":{"code":"84","nom":"Auvergne-Rhône-Alpes"}},{"nom":"Jaunac","code":"07108","codesPostaux":["07160"],"centre":{"type":"Point","coordinates":[4.3937,44.9199]},"surface":392.6,"population":125,"departement":{"code":"07","nom":"Ardèche"},"region":{"code":"84","nom":"Auvergne-Rhône-Alpes"}},{"nom":"Joannas","code":"07109","codesPostaux":["07110"],"centre":{"type":"Point","coordinates":[4.2498,44.5737]},"surface":1210.16,"population":328,"departement":{"code":"07","nom":"Ardèche"},"region":{"code":"84","nom":"Auvergne-Rhône-Alpes"}},{"nom":"Joyeuse","code":"07110","codesPostaux":["07260"],"centre":{"type":"Point","coordinates":[4.2499,44.4713]},"surface":1292.2,"population":1811,"departement":{"code":"07","nom":"Ardèche"},"region":{"code":"84","nom":"Auvergne-Rhône-Alpes"}},{"nom":"Juvinas","code":"07111","codesPostaux":["07600"],"centre":{"type":"Point","coordinates":[4.307,44.7048]},"surface":849.14,"population":187,"departement":{"code":"07","nom":"Ardèche"},"region":{"code":"84","nom":"Auvergne-Rhône-Alpes"}},{"nom":"Labastide-sur-Bésorgues","code":"07112","codesPostaux":["07600"],"centre":{"type":"Point","coordinates":[4.2994,44.7514]},"surface":1735.03,"population":285,"departement":{"code":"07","nom":"Ardèche"},"region":{"code":"84","nom":"Auvergne-Rhône-Alpes"}},{"nom":"Labastide-de-Virac","code":"07113","codesPostaux":["07150"],"centre":{"type":"Point","coordinates":[4.4236,44.3551]},"surface":2314.97,"population":328,"departement":{"code":"07","nom":"Ardèche"},"region":{"code":"84","nom":"Auvergne-Rhône-Alpes"}},{"nom":"Labatie-d'Andaure","code":"07114","codesPostaux":["07570"],"centre":{"type":"Point","coordinates":[4.493,45.0344]},"surface":1006.82,"population":228,"departement":{"code":"07","nom":"Ardèche"},"region":{"code":"84","nom":"Auvergne-Rhône-Alpes"}},{"nom":"Labeaume","code":"07115","codesPostaux":["07120"],"centre":{"type":"Point","coordinates":[4.3074,44.4682]},"surface":1785.74,"population":698,"departement":{"code":"07","nom":"Ardèche"},"region":{"code":"84","nom":"Auvergne-Rhône-Alpes"}},{"nom":"Labégude","code":"07116","codesPostaux":["07200"],"centre":{"type":"Point","coordinates":[4.3571,44.6412]},"surface":319.1,"population":1397,"departement":{"code":"07","nom":"Ardèche"},"region":{"code":"84","nom":"Auvergne-Rhône-Alpes"}},{"nom":"Lablachère","code":"07117","codesPostaux":["07230"],"centre":{"type":"Point","coordinates":[4.2159,44.4611]},"surface":2674.28,"population":2193,"departement":{"code":"07","nom":"Ardèche"},"region":{"code":"84","nom":"Auvergne-Rhône-Alpes"}},{"nom":"Laboule","code":"07118","codesPostaux":["07110"],"centre":{"type":"Point","coordinates":[4.1718,44.5928]},"surface":1753.54,"population":146,"departement":{"code":"07","nom":"Ardèche"},"region":{"code":"84","nom":"Auvergne-Rhône-Alpes"}},{"nom":"Le Lac-d'Issarlès","code":"07119","codesPostaux":["07470"],"centre":{"type":"Point","coordinates":[4.0749,44.8282]},"surface":1381.79,"population":247,"departement":{"code":"07","nom":"Ardèche"},"region":{"code":"84","nom":"Auvergne-Rhône-Alpes"}},{"nom":"Lachamp-Raphaël","code":"07120","codesPostaux":["07530"],"centre":{"type":"Point","coordinates":[4.286,44.7969]},"surface":1415.51,"population":70,"departement":{"code":"07","nom":"Ardèche"},"region":{"code":"84","nom":"Auvergne-Rhône-Alpes"}},{"nom":"Lachapelle-Graillouse","code":"07121","codesPostaux":["07470"],"centre":{"type":"Point","coordinates":[4.0241,44.8121]},"surface":2080.93,"population":182,"departement":{"code":"07","nom":"Ardèche"},"region":{"code":"84","nom":"Auvergne-Rhône-Alpes"}},{"nom":"Lachapelle-sous-Aubenas","code":"07122","codesPostaux":["07200"],"centre":{"type":"Point","coordinates":[4.3552,44.5601]},"surface":1023.37,"population":1911,"departement":{"code":"07","nom":"Ardèche"},"region":{"code":"84","nom":"Auvergne-Rhône-Alpes"}},{"nom":"Lachapelle-sous-Chanéac","code":"07123","codesPostaux":["07310"],"centre":{"type":"Point","coordinates":[4.3203,44.9535]},"surface":897.8,"population":158,"departement":{"code":"07","nom":"Ardèche"},"region":{"code":"84","nom":"Auvergne-Rhône-Alpes"}},{"nom":"Lafarre","code":"07124","codesPostaux":["07520"],"centre":{"type":"Point","coordinates":[4.5169,45.0769]},"surface":1119.16,"population":45,"departement":{"code":"07","nom":"Ardèche"},"region":{"code":"84","nom":"Auvergne-Rhône-Alpes"}},{"nom":"Lagorce","code":"07126","codesPostaux":["07150"],"centre":{"type":"Point","coordinates":[4.4293,44.4469]},"surface":6928.72,"population":1257,"departement":{"code":"07","nom":"Ardèche"},"region":{"code":"84","nom":"Auvergne-Rhône-Alpes"}},{"nom":"Lalevade-d'Ardèche","code":"07127","codesPostaux":["07380"],"centre":{"type":"Point","coordinates":[4.3161,44.6527]},"surface":227.93,"population":1120,"departement":{"code":"07","nom":"Ardèche"},"region":{"code":"84","nom":"Auvergne-Rhône-Alpes"}},{"nom":"Lalouvesc","code":"07128","codesPostaux":["07520"],"centre":{"type":"Point","coordinates":[4.5216,45.1169]},"surface":1070.23,"population":388,"departement":{"code":"07","nom":"Ardèche"},"region":{"code":"84","nom":"Auvergne-Rhône-Alpes"}},{"nom":"Lamastre","code":"07129","codesPostaux":["07270"],"centre":{"type":"Point","coordinates":[4.5911,44.9767]},"surface":2579.67,"population":2327,"departement":{"code":"07","nom":"Ardèche"},"region":{"code":"84","nom":"Auvergne-Rhône-Alpes"}},{"nom":"Lanarce","code":"07130","codesPostaux":["07660"],"centre":{"type":"Point","coordinates":[4.0027,44.731]},"surface":2266.68,"population":212,"departement":{"code":"07","nom":"Ardèche"},"region":{"code":"84","nom":"Auvergne-Rhône-Alpes"}},{"nom":"Lanas","code":"07131","codesPostaux":["07200"],"centre":{"type":"Point","coordinates":[4.3812,44.5339]},"surface":1017.67,"population":429,"departement":{"code":"07","nom":"Ardèche"},"region":{"code":"84","nom":"Auvergne-Rhône-Alpes"}},{"nom":"Largentière","code":"07132","codesPostaux":["07110"],"centre":{"type":"Point","coordinates":[4.2984,44.5307]},"surface":736.3,"population":1450,"departement":{"code":"07","nom":"Ardèche"},"region":{"code":"84","nom":"Auvergne-Rhône-Alpes"}},{"nom":"Larnas","code":"07133","codesPostaux":["07220"],"centre":{"type":"Point","coordinates":[4.5959,44.4553]},"surface":1391.28,"population":283,"departement":{"code":"07","nom":"Ardèche"},"region":{"code":"84","nom":"Auvergne-Rhône-Alpes"}},{"nom":"Laurac-en-Vivarais","code":"07134","codesPostaux":["07110"],"centre":{"type":"Point","coordinates":[4.2875,44.5051]},"surface":906.4,"population":1045,"departement":{"code":"07","nom":"Ardèche"},"region":{"code":"84","nom":"Auvergne-Rhône-Alpes"}},{"nom":"Laveyrune","code":"07136","codesPostaux":["48250"],"centre":{"type":"Point","coordinates":[3.9255,44.6174]},"surface":1352.04,"population":111,"departement":{"code":"07","nom":"Ardèche"},"region":{"code":"84","nom":"Auvergne-Rhône-Alpes"}},{"nom":"Lavillatte","code":"07137","codesPostaux":["07660"],"centre":{"type":"Point","coordinates":[3.9524,44.7419]},"surface":1886.3,"population":44,"departement":{"code":"07","nom":"Ardèche"},"region":{"code":"84","nom":"Auvergne-Rhône-Alpes"}},{"nom":"Lavilledieu","code":"07138","codesPostaux":["07170"],"centre":{"type":"Point","coordinates":[4.4474,44.5818]},"surface":1489.6,"population":2264,"departement":{"code":"07","nom":"Ardèche"},"region":{"code":"84","nom":"Auvergne-Rhône-Alpes"}},{"nom":"Laviolle","code":"07139","codesPostaux":["07530"],"centre":{"type":"Point","coordinates":[4.3338,44.761]},"surface":1402.36,"population":98,"departement":{"code":"07","nom":"Ardèche"},"region":{"code":"84","nom":"Auvergne-Rhône-Alpes"}},{"nom":"Lemps","code":"07140","codesPostaux":["07610"],"centre":{"type":"Point","coordinates":[4.7876,45.0902]},"surface":1232.28,"population":798,"departement":{"code":"07","nom":"Ardèche"},"region":{"code":"84","nom":"Auvergne-Rhône-Alpes"}},{"nom":"Lentillères","code":"07141","codesPostaux":["07200"],"centre":{"type":"Point","coordinates":[4.2948,44.6071]},"surface":877.06,"population":236,"departement":{"code":"07","nom":"Ardèche"},"region":{"code":"84","nom":"Auvergne-Rhône-Alpes"}},{"nom":"Lespéron","code":"07142","codesPostaux":["07660"],"centre":{"type":"Point","coordinates":[3.9001,44.731]},"surface":2547.36,"population":330,"departement":{"code":"07","nom":"Ardèche"},"region":{"code":"84","nom":"Auvergne-Rhône-Alpes"}},{"nom":"Limony","code":"07143","codesPostaux":["07340"],"centre":{"type":"Point","coordinates":[4.749,45.351]},"surface":738.93,"population":833,"departement":{"code":"07","nom":"Ardèche"},"region":{"code":"84","nom":"Auvergne-Rhône-Alpes"}},{"nom":"Loubaresse","code":"07144","codesPostaux":["07110"],"centre":{"type":"Point","coordinates":[4.0555,44.5921]},"surface":912.73,"population":43,"departement":{"code":"07","nom":"Ardèche"},"region":{"code":"84","nom":"Auvergne-Rhône-Alpes"}},{"nom":"Lussas","code":"07145","codesPostaux":["07170"],"centre":{"type":"Point","coordinates":[4.4653,44.6208]},"surface":1652.21,"population":1145,"departement":{"code":"07","nom":"Ardèche"},"region":{"code":"84","nom":"Auvergne-Rhône-Alpes"}},{"nom":"Lyas","code":"07146","codesPostaux":["07000"],"centre":{"type":"Point","coordinates":[4.5976,44.7545]},"surface":814.77,"population":592,"departement":{"code":"07","nom":"Ardèche"},"region":{"code":"84","nom":"Auvergne-Rhône-Alpes"}},{"nom":"Malarce-sur-la-Thines","code":"07147","codesPostaux":["07140"],"centre":{"type":"Point","coordinates":[4.0512,44.4777]},"surface":3784.19,"population":268,"departement":{"code":"07","nom":"Ardèche"},"region":{"code":"84","nom":"Auvergne-Rhône-Alpes"}},{"nom":"Malbosc","code":"07148","codesPostaux":["07140"],"centre":{"type":"Point","coordinates":[4.0729,44.3484]},"surface":2169.44,"population":146,"departement":{"code":"07","nom":"Ardèche"},"region":{"code":"84","nom":"Auvergne-Rhône-Alpes"}},{"nom":"Marcols-les-Eaux","code":"07149","codesPostaux":["07190"],"centre":{"type":"Point","coordinates":[4.3881,44.806]},"surface":1606.46,"population":291,"departement":{"code":"07","nom":"Ardèche"},"region":{"code":"84","nom":"Auvergne-Rhône-Alpes"}},{"nom":"Mariac","code":"07150","codesPostaux":["07160"],"centre":{"type":"Point","coordinates":[4.351,44.8877]},"surface":1641.84,"population":541,"departement":{"code":"07","nom":"Ardèche"},"region":{"code":"84","nom":"Auvergne-Rhône-Alpes"}},{"nom":"Mars","code":"07151","codesPostaux":["07320"],"centre":{"type":"Point","coordinates":[4.3299,45.0087]},"surface":1943.2,"population":243,"departement":{"code":"07","nom":"Ardèche"},"region":{"code":"84","nom":"Auvergne-Rhône-Alpes"}},{"nom":"Mauves","code":"07152","codesPostaux":["07300"],"centre":{"type":"Point","coordinates":[4.8182,45.0294]},"surface":732.52,"population":1210,"departement":{"code":"07","nom":"Ardèche"},"region":{"code":"84","nom":"Auvergne-Rhône-Alpes"}},{"nom":"Mayres","code":"07153","codesPostaux":["07330"],"centre":{"type":"Point","coordinates":[4.1001,44.6646]},"surface":2957.95,"population":262,"departement":{"code":"07","nom":"Ardèche"},"region":{"code":"84","nom":"Auvergne-Rhône-Alpes"}},{"nom":"Mazan-l'Abbaye","code":"07154","codesPostaux":["07510"],"centre":{"type":"Point","coordinates":[4.084,44.7272]},"surface":4614.74,"population":120,"departement":{"code":"07","nom":"Ardèche"},"region":{"code":"84","nom":"Auvergne-Rhône-Alpes"}},{"nom":"Mercuer","code":"07155","codesPostaux":["07200"],"centre":{"type":"Point","coordinates":[4.3509,44.6242]},"surface":768.41,"population":1325,"departement":{"code":"07","nom":"Ardèche"},"region":{"code":"84","nom":"Auvergne-Rhône-Alpes"}},{"nom":"Meyras","code":"07156","codesPostaux":["07380"],"centre":{"type":"Point","coordinates":[4.26,44.6786]},"surface":1243.88,"population":889,"departement":{"code":"07","nom":"Ardèche"},"region":{"code":"84","nom":"Auvergne-Rhône-Alpes"}},{"nom":"Meysse","code":"07157","codesPostaux":["07400"],"centre":{"type":"Point","coordinates":[4.704,44.6188]},"surface":1871.31,"population":1366,"departement":{"code":"07","nom":"Ardèche"},"region":{"code":"84","nom":"Auvergne-Rhône-Alpes"}},{"nom":"Mézilhac","code":"07158","codesPostaux":["07530"],"centre":{"type":"Point","coordinates":[4.342,44.8078]},"surface":2669.56,"population":107,"departement":{"code":"07","nom":"Ardèche"},"region":{"code":"84","nom":"Auvergne-Rhône-Alpes"}},{"nom":"Mirabel","code":"07159","codesPostaux":["07170"],"centre":{"type":"Point","coordinates":[4.4967,44.5986]},"surface":2006.14,"population":769,"departement":{"code":"07","nom":"Ardèche"},"region":{"code":"84","nom":"Auvergne-Rhône-Alpes"}},{"nom":"Monestier","code":"07160","codesPostaux":["07690"],"centre":{"type":"Point","coordinates":[4.5089,45.2032]},"surface":746.48,"population":58,"departement":{"code":"07","nom":"Ardèche"},"region":{"code":"84","nom":"Auvergne-Rhône-Alpes"}},{"nom":"Montpezat-sous-Bauzon","code":"07161","codesPostaux":["07560"],"centre":{"type":"Point","coordinates":[4.1977,44.7214]},"surface":2727.64,"population":770,"departement":{"code":"07","nom":"Ardèche"},"region":{"code":"84","nom":"Auvergne-Rhône-Alpes"}},{"nom":"Montréal","code":"07162","codesPostaux":["07110"],"centre":{"type":"Point","coordinates":[4.2937,44.5124]},"surface":614.57,"population":573,"departement":{"code":"07","nom":"Ardèche"},"region":{"code":"84","nom":"Auvergne-Rhône-Alpes"}},{"nom":"Montselgues","code":"07163","codesPostaux":["07140"],"centre":{"type":"Point","coordinates":[4.0037,44.5234]},"surface":3639.24,"population":86,"departement":{"code":"07","nom":"Ardèche"},"region":{"code":"84","nom":"Auvergne-Rhône-Alpes"}},{"nom":"Belsentes","code":"07165","codesPostaux":["07160"],"centre":{"type":"Point","coordinates":[4.4968,44.92]},"surface":2570.78,"population":538,"departement":{"code":"07","nom":"Ardèche"},"region":{"code":"84","nom":"Auvergne-Rhône-Alpes"}},{"nom":"Nozières","code":"07166","codesPostaux":["07270"],"centre":{"type":"Point","coordinates":[4.5405,45.032]},"surface":2189.22,"population":237,"departement":{"code":"07","nom":"Ardèche"},"region":{"code":"84","nom":"Auvergne-Rhône-Alpes"}},{"nom":"Les Ollières-sur-Eyrieux","code":"07167","codesPostaux":["07360"],"centre":{"type":"Point","coordinates":[4.6207,44.8068]},"surface":740.16,"population":1031,"departement":{"code":"07","nom":"Ardèche"},"region":{"code":"84","nom":"Auvergne-Rhône-Alpes"}},{"nom":"Orgnac-l'Aven","code":"07168","codesPostaux":["07150"],"centre":{"type":"Point","coordinates":[4.4214,44.3094]},"surface":2171.2,"population":575,"departement":{"code":"07","nom":"Ardèche"},"region":{"code":"84","nom":"Auvergne-Rhône-Alpes"}},{"nom":"Ozon","code":"07169","codesPostaux":["07370"],"centre":{"type":"Point","coordinates":[4.7985,45.1637]},"surface":838.62,"population":382,"departement":{"code":"07","nom":"Ardèche"},"region":{"code":"84","nom":"Auvergne-Rhône-Alpes"}},{"nom":"Pailharès","code":"07170","codesPostaux":["07410"],"centre":{"type":"Point","coordinates":[4.5574,45.0786]},"surface":1984.34,"population":310,"departement":{"code":"07","nom":"Ardèche"},"region":{"code":"84","nom":"Auvergne-Rhône-Alpes"}},{"nom":"Payzac","code":"07171","codesPostaux":["07230"],"centre":{"type":"Point","coordinates":[4.1474,44.4543]},"surface":1320.95,"population":539,"departement":{"code":"07","nom":"Ardèche"},"region":{"code":"84","nom":"Auvergne-Rhône-Alpes"}},{"nom":"Peaugres","code":"07172","codesPostaux":["07340"],"centre":{"type":"Point","coordinates":[4.7335,45.2827]},"surface":1445.19,"population":2385,"departement":{"code":"07","nom":"Ardèche"},"region":{"code":"84","nom":"Auvergne-Rhône-Alpes"}},{"nom":"Péreyres","code":"07173","codesPostaux":["07450"],"centre":{"type":"Point","coordinates":[4.259,44.7803]},"surface":1264.12,"population":49,"departement":{"code":"07","nom":"Ardèche"},"region":{"code":"84","nom":"Auvergne-Rhône-Alpes"}},{"nom":"Peyraud","code":"07174","codesPostaux":["07340"],"centre":{"type":"Point","coordinates":[4.7823,45.297]},"surface":602.73,"population":516,"departement":{"code":"07","nom":"Ardèche"},"region":{"code":"84","nom":"Auvergne-Rhône-Alpes"}},{"nom":"Le Plagnal","code":"07175","codesPostaux":["07590"],"centre":{"type":"Point","coordinates":[3.9553,44.697]},"surface":1564.21,"population":66,"departement":{"code":"07","nom":"Ardèche"},"region":{"code":"84","nom":"Auvergne-Rhône-Alpes"}},{"nom":"Planzolles","code":"07176","codesPostaux":["07230"],"centre":{"type":"Point","coordinates":[4.1576,44.4845]},"surface":534.95,"population":164,"departement":{"code":"07","nom":"Ardèche"},"region":{"code":"84","nom":"Auvergne-Rhône-Alpes"}},{"nom":"Plats","code":"07177","codesPostaux":["07300"],"centre":{"type":"Point","coordinates":[4.7815,45.0167]},"surface":1654.09,"population":828,"departement":{"code":"07","nom":"Ardèche"},"region":{"code":"84","nom":"Auvergne-Rhône-Alpes"}},{"nom":"Pont-de-Labeaume","code":"07178","codesPostaux":["07380"],"centre":{"type":"Point","coordinates":[4.2961,44.6662]},"surface":481.39,"population":567,"departement":{"code":"07","nom":"Ardèche"},"region":{"code":"84","nom":"Auvergne-Rhône-Alpes"}},{"nom":"Pourchères","code":"07179","codesPostaux":["07000"],"centre":{"type":"Point","coordinates":[4.5051,44.7423]},"surface":786.41,"population":136,"departement":{"code":"07","nom":"Ardèche"},"region":{"code":"84","nom":"Auvergne-Rhône-Alpes"}},{"nom":"Le Pouzin","code":"07181","codesPostaux":["07250"],"centre":{"type":"Point","coordinates":[4.7491,44.7537]},"surface":1110.97,"population":2886,"departement":{"code":"07","nom":"Ardèche"},"region":{"code":"84","nom":"Auvergne-Rhône-Alpes"}},{"nom":"Prades","code":"07182","codesPostaux":["07380"],"centre":{"type":"Point","coordinates":[4.3115,44.6334]},"surface":999.24,"population":1195,"departement":{"code":"07","nom":"Ardèche"},"region":{"code":"84","nom":"Auvergne-Rhône-Alpes"}},{"nom":"Pradons","code":"07183","codesPostaux":["07120"],"centre":{"type":"Point","coordinates":[4.3754,44.4725]},"surface":805.91,"population":545,"departement":{"code":"07","nom":"Ardèche"},"region":{"code":"84","nom":"Auvergne-Rhône-Alpes"}},{"nom":"Pranles","code":"07184","codesPostaux":["07000"],"centre":{"type":"Point","coordinates":[4.5818,44.781]},"surface":2913.32,"population":499,"departement":{"code":"07","nom":"Ardèche"},"region":{"code":"84","nom":"Auvergne-Rhône-Alpes"}},{"nom":"Préaux","code":"07185","codesPostaux":["07290"],"centre":{"type":"Point","coordinates":[4.6458,45.1376]},"surface":2273.49,"population":708,"departement":{"code":"07","nom":"Ardèche"},"region":{"code":"84","nom":"Auvergne-Rhône-Alpes"}},{"nom":"Privas","code":"07186","codesPostaux":["07000"],"centre":{"type":"Point","coordinates":[4.5949,44.7214]},"surface":1201.34,"population":8538,"departement":{"code":"07","nom":"Ardèche"},"region":{"code":"84","nom":"Auvergne-Rhône-Alpes"}},{"nom":"Prunet","code":"07187","codesPostaux":["07110"],"centre":{"type":"Point","coordinates":[4.255,44.5957]},"surface":890.3,"population":134,"departement":{"code":"07","nom":"Ardèche"},"region":{"code":"84","nom":"Auvergne-Rhône-Alpes"}},{"nom":"Quintenas","code":"07188","codesPostaux":["07290"],"centre":{"type":"Point","coordinates":[4.702,45.1916]},"surface":1422.68,"population":1770,"departement":{"code":"07","nom":"Ardèche"},"region":{"code":"84","nom":"Auvergne-Rhône-Alpes"}},{"nom":"Ribes","code":"07189","codesPostaux":["07260"],"centre":{"type":"Point","coordinates":[4.1969,44.5035]},"surface":692.37,"population":331,"departement":{"code":"07","nom":"Ardèche"},"region":{"code":"84","nom":"Auvergne-Rhône-Alpes"}},{"nom":"Rochecolombe","code":"07190","codesPostaux":["07200"],"centre":{"type":"Point","coordinates":[4.4519,44.518]},"surface":2155.95,"population":227,"departement":{"code":"07","nom":"Ardèche"},"region":{"code":"84","nom":"Auvergne-Rhône-Alpes"}},{"nom":"Rochemaure","code":"07191","codesPostaux":["07400"],"centre":{"type":"Point","coordinates":[4.6972,44.5863]},"surface":2501.59,"population":2239,"departement":{"code":"07","nom":"Ardèche"},"region":{"code":"84","nom":"Auvergne-Rhône-Alpes"}},{"nom":"Rochepaule","code":"07192","codesPostaux":["07320"],"centre":{"type":"Point","coordinates":[4.46,45.0852]},"surface":3352.49,"population":237,"departement":{"code":"07","nom":"Ardèche"},"region":{"code":"84","nom":"Auvergne-Rhône-Alpes"}},{"nom":"Rocher","code":"07193","codesPostaux":["07110"],"centre":{"type":"Point","coordinates":[4.2779,44.581]},"surface":314.32,"population":306,"departement":{"code":"07","nom":"Ardèche"},"region":{"code":"84","nom":"Auvergne-Rhône-Alpes"}},{"nom":"Rochessauve","code":"07194","codesPostaux":["07210"],"centre":{"type":"Point","coordinates":[4.6063,44.6779]},"surface":1744.13,"population":495,"departement":{"code":"07","nom":"Ardèche"},"region":{"code":"84","nom":"Auvergne-Rhône-Alpes"}},{"nom":"La Rochette","code":"07195","codesPostaux":["07310"],"centre":{"type":"Point","coordinates":[4.2296,44.9234]},"surface":1414.75,"population":63,"departement":{"code":"07","nom":"Ardèche"},"region":{"code":"84","nom":"Auvergne-Rhône-Alpes"}},{"nom":"Rocles","code":"07196","codesPostaux":["07110"],"centre":{"type":"Point","coordinates":[4.2085,44.5709]},"surface":1670.07,"population":261,"departement":{"code":"07","nom":"Ardèche"},"region":{"code":"84","nom":"Auvergne-Rhône-Alpes"}},{"nom":"Roiffieux","code":"07197","codesPostaux":["07100"],"centre":{"type":"Point","coordinates":[4.6528,45.2208]},"surface":1947.46,"population":2743,"departement":{"code":"07","nom":"Ardèche"},"region":{"code":"84","nom":"Auvergne-Rhône-Alpes"}},{"nom":"Rompon","code":"07198","codesPostaux":["07250","07800"],"centre":{"type":"Point","coordinates":[4.7285,44.768]},"surface":2236.18,"population":1139,"departement":{"code":"07","nom":"Ardèche"},"region":{"code":"84","nom":"Auvergne-Rhône-Alpes"}},{"nom":"Rosières","code":"07199","codesPostaux":["07260"],"centre":{"type":"Point","coordinates":[4.2607,44.4878]},"surface":1645.7,"population":1319,"departement":{"code":"07","nom":"Ardèche"},"region":{"code":"84","nom":"Auvergne-Rhône-Alpes"}},{"nom":"Le Roux","code":"07200","codesPostaux":["07560"],"centre":{"type":"Point","coordinates":[4.1409,44.7201]},"surface":1657.07,"population":67,"departement":{"code":"07","nom":"Ardèche"},"region":{"code":"84","nom":"Auvergne-Rhône-Alpes"}},{"nom":"Ruoms","code":"07201","codesPostaux":["07120"],"centre":{"type":"Point","coordinates":[4.347,44.4506]},"surface":1240.51,"population":2311,"departement":{"code":"07","nom":"Ardèche"},"region":{"code":"84","nom":"Auvergne-Rhône-Alpes"}},{"nom":"Sablières","code":"07202","codesPostaux":["07260"],"centre":{"type":"Point","coordinates":[4.0675,44.5451]},"surface":3836.95,"population":166,"departement":{"code":"07","nom":"Ardèche"},"region":{"code":"84","nom":"Auvergne-Rhône-Alpes"}},{"nom":"Sagnes-et-Goudoulet","code":"07203","codesPostaux":["07450"],"centre":{"type":"Point","coordinates":[4.2169,44.8027]},"surface":2499.88,"population":121,"departement":{"code":"07","nom":"Ardèche"},"region":{"code":"84","nom":"Auvergne-Rhône-Alpes"}},{"nom":"Saint-Agrève","code":"07204","codesPostaux":["07320"],"centre":{"type":"Point","coordinates":[4.4188,44.9963]},"surface":4851.96,"population":2277,"departement":{"code":"07","nom":"Ardèche"},"region":{"code":"84","nom":"Auvergne-Rhône-Alpes"}},{"nom":"Saint-Alban-d'Ay","code":"07205","codesPostaux":["07790"],"centre":{"type":"Point","coordinates":[4.6318,45.1862]},"surface":2375.51,"population":1384,"departement":{"code":"07","nom":"Ardèche"},"region":{"code":"84","nom":"Auvergne-Rhône-Alpes"}},{"nom":"Saint-Alban-en-Montagne","code":"07206","codesPostaux":["07590"],"centre":{"type":"Point","coordinates":[3.9172,44.7103]},"surface":1409.59,"population":63,"departement":{"code":"07","nom":"Ardèche"},"region":{"code":"84","nom":"Auvergne-Rhône-Alpes"}},{"nom":"Saint-Alban-Auriolles","code":"07207","codesPostaux":["07120"],"centre":{"type":"Point","coordinates":[4.2965,44.4324]},"surface":1740.29,"population":1138,"departement":{"code":"07","nom":"Ardèche"},"region":{"code":"84","nom":"Auvergne-Rhône-Alpes"}},{"nom":"Saint-Andéol-de-Berg","code":"07208","codesPostaux":["07170"],"centre":{"type":"Point","coordinates":[4.5336,44.53]},"surface":1580.15,"population":134,"departement":{"code":"07","nom":"Ardèche"},"region":{"code":"84","nom":"Auvergne-Rhône-Alpes"}},{"nom":"Saint-Andéol-de-Fourchades","code":"07209","codesPostaux":["07160"],"centre":{"type":"Point","coordinates":[4.2894,44.8434]},"surface":1643.59,"population":52,"departement":{"code":"07","nom":"Ardèche"},"region":{"code":"84","nom":"Auvergne-Rhône-Alpes"}},{"nom":"Saint-Andéol-de-Vals","code":"07210","codesPostaux":["07600"],"centre":{"type":"Point","coordinates":[4.4015,44.6976]},"surface":1663.62,"population":535,"departement":{"code":"07","nom":"Ardèche"},"region":{"code":"84","nom":"Auvergne-Rhône-Alpes"}},{"nom":"Saint-André-de-Cruzières","code":"07211","codesPostaux":["07460"],"centre":{"type":"Point","coordinates":[4.2147,44.3158]},"surface":2035.42,"population":467,"departement":{"code":"07","nom":"Ardèche"},"region":{"code":"84","nom":"Auvergne-Rhône-Alpes"}},{"nom":"Saint-André-en-Vivarais","code":"07212","codesPostaux":["07690"],"centre":{"type":"Point","coordinates":[4.4162,45.1131]},"surface":2068.7,"population":212,"departement":{"code":"07","nom":"Ardèche"},"region":{"code":"84","nom":"Auvergne-Rhône-Alpes"}},{"nom":"Saint-André-Lachamp","code":"07213","codesPostaux":["07230"],"centre":{"type":"Point","coordinates":[4.155,44.5057]},"surface":1668.3,"population":167,"departement":{"code":"07","nom":"Ardèche"},"region":{"code":"84","nom":"Auvergne-Rhône-Alpes"}},{"nom":"Saint-Apollinaire-de-Rias","code":"07214","codesPostaux":["07240"],"centre":{"type":"Point","coordinates":[4.5843,44.917]},"surface":854.45,"population":195,"departement":{"code":"07","nom":"Ardèche"},"region":{"code":"84","nom":"Auvergne-Rhône-Alpes"}},{"nom":"Saint-Barthélemy-le-Meil","code":"07215","codesPostaux":["07160"],"centre":{"type":"Point","coordinates":[4.4823,44.8823]},"surface":737.57,"population":201,"departement":{"code":"07","nom":"Ardèche"},"region":{"code":"84","nom":"Auvergne-Rhône-Alpes"}},{"nom":"Saint-Barthélemy-Grozon","code":"07216","codesPostaux":["07270"],"centre":{"type":"Point","coordinates":[4.6507,44.9618]},"surface":1977.95,"population":494,"departement":{"code":"07","nom":"Ardèche"},"region":{"code":"84","nom":"Auvergne-Rhône-Alpes"}},{"nom":"Saint-Barthélemy-le-Plain","code":"07217","codesPostaux":["07300"],"centre":{"type":"Point","coordinates":[4.7455,45.0493]},"surface":1908.2,"population":858,"departement":{"code":"07","nom":"Ardèche"},"region":{"code":"84","nom":"Auvergne-Rhône-Alpes"}},{"nom":"Saint-Basile","code":"07218","codesPostaux":["07270"],"centre":{"type":"Point","coordinates":[4.5618,44.9479]},"surface":1817.71,"population":356,"departement":{"code":"07","nom":"Ardèche"},"region":{"code":"84","nom":"Auvergne-Rhône-Alpes"}},{"nom":"Saint-Bauzile","code":"07219","codesPostaux":["07210"],"centre":{"type":"Point","coordinates":[4.6662,44.6708]},"surface":709.19,"population":311,"departement":{"code":"07","nom":"Ardèche"},"region":{"code":"84","nom":"Auvergne-Rhône-Alpes"}},{"nom":"Saint-Christol","code":"07220","codesPostaux":["07160"],"centre":{"type":"Point","coordinates":[4.4366,44.8702]},"surface":1477.05,"population":102,"departement":{"code":"07","nom":"Ardèche"},"region":{"code":"84","nom":"Auvergne-Rhône-Alpes"}},{"nom":"Saint-Cierge-la-Serre","code":"07221","codesPostaux":["07800"],"centre":{"type":"Point","coordinates":[4.6792,44.792]},"surface":1589,"population":243,"departement":{"code":"07","nom":"Ardèche"},"region":{"code":"84","nom":"Auvergne-Rhône-Alpes"}},{"nom":"Saint-Cierge-sous-le-Cheylard","code":"07222","codesPostaux":["07160"],"centre":{"type":"Point","coordinates":[4.451,44.9248]},"surface":601.01,"population":214,"departement":{"code":"07","nom":"Ardèche"},"region":{"code":"84","nom":"Auvergne-Rhône-Alpes"}},{"nom":"Saint-Cirgues-de-Prades","code":"07223","codesPostaux":["07380"],"centre":{"type":"Point","coordinates":[4.2729,44.6214]},"surface":347.25,"population":142,"departement":{"code":"07","nom":"Ardèche"},"region":{"code":"84","nom":"Auvergne-Rhône-Alpes"}},{"nom":"Saint-Cirgues-en-Montagne","code":"07224","codesPostaux":["07510"],"centre":{"type":"Point","coordinates":[4.1012,44.7709]},"surface":2197.78,"population":211,"departement":{"code":"07","nom":"Ardèche"},"region":{"code":"84","nom":"Auvergne-Rhône-Alpes"}},{"nom":"Saint-Clair","code":"07225","codesPostaux":["07430"],"centre":{"type":"Point","coordinates":[4.6855,45.2764]},"surface":598.18,"population":1348,"departement":{"code":"07","nom":"Ardèche"},"region":{"code":"84","nom":"Auvergne-Rhône-Alpes"}},{"nom":"Saint-Clément","code":"07226","codesPostaux":["07310"],"centre":{"type":"Point","coordinates":[4.2623,44.9502]},"surface":1983.71,"population":90,"departement":{"code":"07","nom":"Ardèche"},"region":{"code":"84","nom":"Auvergne-Rhône-Alpes"}},{"nom":"Saint-Cyr","code":"07227","codesPostaux":["07430"],"centre":{"type":"Point","coordinates":[4.7379,45.2505]},"surface":830.16,"population":1476,"departement":{"code":"07","nom":"Ardèche"},"region":{"code":"84","nom":"Auvergne-Rhône-Alpes"}},{"nom":"Saint-Désirat","code":"07228","codesPostaux":["07340"],"centre":{"type":"Point","coordinates":[4.7837,45.2568]},"surface":744.46,"population":891,"departement":{"code":"07","nom":"Ardèche"},"region":{"code":"84","nom":"Auvergne-Rhône-Alpes"}},{"nom":"Saint-Didier-sous-Aubenas","code":"07229","codesPostaux":["07200"],"centre":{"type":"Point","coordinates":[4.4202,44.6101]},"surface":275.78,"population":919,"departement":{"code":"07","nom":"Ardèche"},"region":{"code":"84","nom":"Auvergne-Rhône-Alpes"}},{"nom":"Saint-Étienne-de-Boulogne","code":"07230","codesPostaux":["07200"],"centre":{"type":"Point","coordinates":[4.4709,44.7015]},"surface":1513.93,"population":399,"departement":{"code":"07","nom":"Ardèche"},"region":{"code":"84","nom":"Auvergne-Rhône-Alpes"}},{"nom":"Saint-Étienne-de-Fontbellon","code":"07231","codesPostaux":["07200"],"centre":{"type":"Point","coordinates":[4.378,44.5962]},"surface":962.79,"population":2920,"departement":{"code":"07","nom":"Ardèche"},"region":{"code":"84","nom":"Auvergne-Rhône-Alpes"}},{"nom":"Saint-Étienne-de-Lugdarès","code":"07232","codesPostaux":["07590"],"centre":{"type":"Point","coordinates":[3.974,44.6468]},"surface":5083.54,"population":406,"departement":{"code":"07","nom":"Ardèche"},"region":{"code":"84","nom":"Auvergne-Rhône-Alpes"}},{"nom":"Saint-Étienne-de-Serre","code":"07233","codesPostaux":["07190"],"centre":{"type":"Point","coordinates":[4.5216,44.8026]},"surface":1661.64,"population":230,"departement":{"code":"07","nom":"Ardèche"},"region":{"code":"84","nom":"Auvergne-Rhône-Alpes"}},{"nom":"Saint-Étienne-de-Valoux","code":"07234","codesPostaux":["07340"],"centre":{"type":"Point","coordinates":[4.7754,45.2409]},"surface":239.69,"population":263,"departement":{"code":"07","nom":"Ardèche"},"region":{"code":"84","nom":"Auvergne-Rhône-Alpes"}},{"nom":"Sainte-Eulalie","code":"07235","codesPostaux":["07510"],"centre":{"type":"Point","coordinates":[4.1918,44.8297]},"surface":2235.43,"population":209,"departement":{"code":"07","nom":"Ardèche"},"region":{"code":"84","nom":"Auvergne-Rhône-Alpes"}},{"nom":"Saint-Félicien","code":"07236","codesPostaux":["07410"],"centre":{"type":"Point","coordinates":[4.6064,45.0798]},"surface":2149.14,"population":1119,"departement":{"code":"07","nom":"Ardèche"},"region":{"code":"84","nom":"Auvergne-Rhône-Alpes"}},{"nom":"Saint-Fortunat-sur-Eyrieux","code":"07237","codesPostaux":["07360"],"centre":{"type":"Point","coordinates":[4.684,44.8385]},"surface":2307.62,"population":817,"departement":{"code":"07","nom":"Ardèche"},"region":{"code":"84","nom":"Auvergne-Rhône-Alpes"}},{"nom":"Saint-Genest-de-Beauzon","code":"07238","codesPostaux":["07230"],"centre":{"type":"Point","coordinates":[4.1951,44.4459]},"surface":535.51,"population":332,"departement":{"code":"07","nom":"Ardèche"},"region":{"code":"84","nom":"Auvergne-Rhône-Alpes"}},{"nom":"Saint-Genest-Lachamp","code":"07239","codesPostaux":["07160","07190"],"centre":{"type":"Point","coordinates":[4.4249,44.8458]},"surface":2324.61,"population":112,"departement":{"code":"07","nom":"Ardèche"},"region":{"code":"84","nom":"Auvergne-Rhône-Alpes"}},{"nom":"Saint-Georges-les-Bains","code":"07240","codesPostaux":["07800"],"centre":{"type":"Point","coordinates":[4.8088,44.8569]},"surface":1400.11,"population":2416,"departement":{"code":"07","nom":"Ardèche"},"region":{"code":"84","nom":"Auvergne-Rhône-Alpes"}},{"nom":"Saint-Germain","code":"07241","codesPostaux":["07170"],"centre":{"type":"Point","coordinates":[4.448,44.5549]},"surface":972.51,"population":705,"departement":{"code":"07","nom":"Ardèche"},"region":{"code":"84","nom":"Auvergne-Rhône-Alpes"}},{"nom":"Saint-Gineys-en-Coiron","code":"07242","codesPostaux":["07580"],"centre":{"type":"Point","coordinates":[4.5402,44.6346]},"surface":1356.7,"population":125,"departement":{"code":"07","nom":"Ardèche"},"region":{"code":"84","nom":"Auvergne-Rhône-Alpes"}},{"nom":"Saint-Jacques-d'Atticieux","code":"07243","codesPostaux":["07340"],"centre":{"type":"Point","coordinates":[4.6684,45.333]},"surface":500.89,"population":301,"departement":{"code":"07","nom":"Ardèche"},"region":{"code":"84","nom":"Auvergne-Rhône-Alpes"}},{"nom":"Saint-Jean-Chambre","code":"07244","codesPostaux":["07240"],"centre":{"type":"Point","coordinates":[4.5604,44.9095]},"surface":1544.45,"population":255,"departement":{"code":"07","nom":"Ardèche"},"region":{"code":"84","nom":"Auvergne-Rhône-Alpes"}},{"nom":"Saint-Jean-de-Muzols","code":"07245","codesPostaux":["07300"],"centre":{"type":"Point","coordinates":[4.8001,45.0775]},"surface":1088.04,"population":2489,"departement":{"code":"07","nom":"Ardèche"},"region":{"code":"84","nom":"Auvergne-Rhône-Alpes"}},{"nom":"Saint-Jean-le-Centenier","code":"07247","codesPostaux":["07580"],"centre":{"type":"Point","coordinates":[4.5358,44.586]},"surface":1497.44,"population":871,"departement":{"code":"07","nom":"Ardèche"},"region":{"code":"84","nom":"Auvergne-Rhône-Alpes"}},{"nom":"Saint-Jean-Roure","code":"07248","codesPostaux":["07160"],"centre":{"type":"Point","coordinates":[4.4183,44.9535]},"surface":2397.41,"population":275,"departement":{"code":"07","nom":"Ardèche"},"region":{"code":"84","nom":"Auvergne-Rhône-Alpes"}},{"nom":"Saint-Jeure-d'Andaure","code":"07249","codesPostaux":["07320"],"centre":{"type":"Point","coordinates":[4.4673,45.0472]},"surface":1343.72,"population":104,"departement":{"code":"07","nom":"Ardèche"},"region":{"code":"84","nom":"Auvergne-Rhône-Alpes"}},{"nom":"Saint-Jeure-d'Ay","code":"07250","codesPostaux":["07290"],"centre":{"type":"Point","coordinates":[4.7123,45.1453]},"surface":705.36,"population":495,"departement":{"code":"07","nom":"Ardèche"},"region":{"code":"84","nom":"Auvergne-Rhône-Alpes"}},{"nom":"Saint-Joseph-des-Bancs","code":"07251","codesPostaux":["07530"],"centre":{"type":"Point","coordinates":[4.4147,44.7515]},"surface":1292.03,"population":200,"departement":{"code":"07","nom":"Ardèche"},"region":{"code":"84","nom":"Auvergne-Rhône-Alpes"}},{"nom":"Saint-Julien-du-Gua","code":"07253","codesPostaux":["07190"],"centre":{"type":"Point","coordinates":[4.4419,44.7702]},"surface":1694.95,"population":169,"departement":{"code":"07","nom":"Ardèche"},"region":{"code":"84","nom":"Auvergne-Rhône-Alpes"}},{"nom":"Saint-Julien-du-Serre","code":"07254","codesPostaux":["07200"],"centre":{"type":"Point","coordinates":[4.402,44.6603]},"surface":972.59,"population":879,"departement":{"code":"07","nom":"Ardèche"},"region":{"code":"84","nom":"Auvergne-Rhône-Alpes"}},{"nom":"Saint-Julien-en-Saint-Alban","code":"07255","codesPostaux":["07000"],"centre":{"type":"Point","coordinates":[4.69,44.7516]},"surface":1043.17,"population":1465,"departement":{"code":"07","nom":"Ardèche"},"region":{"code":"84","nom":"Auvergne-Rhône-Alpes"}},{"nom":"Saint-Julien-le-Roux","code":"07257","codesPostaux":["07240"],"centre":{"type":"Point","coordinates":[4.6773,44.8663]},"surface":849.96,"population":127,"departement":{"code":"07","nom":"Ardèche"},"region":{"code":"84","nom":"Auvergne-Rhône-Alpes"}},{"nom":"Saint-Julien-Vocance","code":"07258","codesPostaux":["07690"],"centre":{"type":"Point","coordinates":[4.4897,45.1676]},"surface":2599.51,"population":221,"departement":{"code":"07","nom":"Ardèche"},"region":{"code":"84","nom":"Auvergne-Rhône-Alpes"}},{"nom":"Saint-Just-d'Ardèche","code":"07259","codesPostaux":["07700"],"centre":{"type":"Point","coordinates":[4.6242,44.2917]},"surface":1036.85,"population":1577,"departement":{"code":"07","nom":"Ardèche"},"region":{"code":"84","nom":"Auvergne-Rhône-Alpes"}},{"nom":"Saint-Lager-Bressac","code":"07260","codesPostaux":["07210"],"centre":{"type":"Point","coordinates":[4.7196,44.6916]},"surface":1600.79,"population":971,"departement":{"code":"07","nom":"Ardèche"},"region":{"code":"84","nom":"Auvergne-Rhône-Alpes"}},{"nom":"Saint-Laurent-du-Pape","code":"07261","codesPostaux":["07800"],"centre":{"type":"Point","coordinates":[4.7475,44.8234]},"surface":2047.42,"population":1618,"departement":{"code":"07","nom":"Ardèche"},"region":{"code":"84","nom":"Auvergne-Rhône-Alpes"}},{"nom":"Saint-Laurent-les-Bains-Laval-d'Aurelle","code":"07262","codesPostaux":["07590"],"centre":{"type":"Point","coordinates":[3.9592,44.5906]},"surface":3569.87,"population":183,"departement":{"code":"07","nom":"Ardèche"},"region":{"code":"84","nom":"Auvergne-Rhône-Alpes"}},{"nom":"Saint-Laurent-sous-Coiron","code":"07263","codesPostaux":["07170"],"centre":{"type":"Point","coordinates":[4.4838,44.6726]},"surface":1559.22,"population":122,"departement":{"code":"07","nom":"Ardèche"},"region":{"code":"84","nom":"Auvergne-Rhône-Alpes"}},{"nom":"Saint-Marcel-d'Ardèche","code":"07264","codesPostaux":["07700"],"centre":{"type":"Point","coordinates":[4.6007,44.3301]},"surface":3607.86,"population":2346,"departement":{"code":"07","nom":"Ardèche"},"region":{"code":"84","nom":"Auvergne-Rhône-Alpes"}},{"nom":"Saint-Marcel-lès-Annonay","code":"07265","codesPostaux":["07100"],"centre":{"type":"Point","coordinates":[4.634,45.2909]},"surface":1703.78,"population":1357,"departement":{"code":"07","nom":"Ardèche"},"region":{"code":"84","nom":"Auvergne-Rhône-Alpes"}},{"nom":"Sainte-Marguerite-Lafigère","code":"07266","codesPostaux":["07140"],"centre":{"type":"Point","coordinates":[3.9975,44.4866]},"surface":981.31,"population":111,"departement":{"code":"07","nom":"Ardèche"},"region":{"code":"84","nom":"Auvergne-Rhône-Alpes"}},{"nom":"Saint-Martial","code":"07267","codesPostaux":["07310"],"centre":{"type":"Point","coordinates":[4.2507,44.8573]},"surface":3638.04,"population":269,"departement":{"code":"07","nom":"Ardèche"},"region":{"code":"84","nom":"Auvergne-Rhône-Alpes"}},{"nom":"Saint-Martin-d'Ardèche","code":"07268","codesPostaux":["07700"],"centre":{"type":"Point","coordinates":[4.5722,44.3073]},"surface":565.31,"population":979,"departement":{"code":"07","nom":"Ardèche"},"region":{"code":"84","nom":"Auvergne-Rhône-Alpes"}},{"nom":"Saint-Martin-de-Valamas","code":"07269","codesPostaux":["07310"],"centre":{"type":"Point","coordinates":[4.3696,44.9368]},"surface":2009.39,"population":1075,"departement":{"code":"07","nom":"Ardèche"},"region":{"code":"84","nom":"Auvergne-Rhône-Alpes"}},{"nom":"Saint-Martin-sur-Lavezon","code":"07270","codesPostaux":["07400"],"centre":{"type":"Point","coordinates":[4.6526,44.6383]},"surface":2362.92,"population":422,"departement":{"code":"07","nom":"Ardèche"},"region":{"code":"84","nom":"Auvergne-Rhône-Alpes"}},{"nom":"Saint-Maurice-d'Ardèche","code":"07272","codesPostaux":["07200"],"centre":{"type":"Point","coordinates":[4.4015,44.5198]},"surface":526.23,"population":375,"departement":{"code":"07","nom":"Ardèche"},"region":{"code":"84","nom":"Auvergne-Rhône-Alpes"}},{"nom":"Saint-Maurice-d'Ibie","code":"07273","codesPostaux":["07170"],"centre":{"type":"Point","coordinates":[4.4861,44.4782]},"surface":2357.63,"population":212,"departement":{"code":"07","nom":"Ardèche"},"region":{"code":"84","nom":"Auvergne-Rhône-Alpes"}},{"nom":"Saint-Maurice-en-Chalencon","code":"07274","codesPostaux":["07190"],"centre":{"type":"Point","coordinates":[4.5812,44.8548]},"surface":770.61,"population":203,"departement":{"code":"07","nom":"Ardèche"},"region":{"code":"84","nom":"Auvergne-Rhône-Alpes"}},{"nom":"Saint-Mélany","code":"07275","codesPostaux":["07260"],"centre":{"type":"Point","coordinates":[4.1276,44.5391]},"surface":1062.49,"population":118,"departement":{"code":"07","nom":"Ardèche"},"region":{"code":"84","nom":"Auvergne-Rhône-Alpes"}},{"nom":"Saint-Michel-d'Aurance","code":"07276","codesPostaux":["07160"],"centre":{"type":"Point","coordinates":[4.4587,44.8995]},"surface":805.81,"population":262,"departement":{"code":"07","nom":"Ardèche"},"region":{"code":"84","nom":"Auvergne-Rhône-Alpes"}},{"nom":"Saint-Michel-de-Boulogne","code":"07277","codesPostaux":["07200"],"centre":{"type":"Point","coordinates":[4.4323,44.6993]},"surface":747.59,"population":149,"departement":{"code":"07","nom":"Ardèche"},"region":{"code":"84","nom":"Auvergne-Rhône-Alpes"}},{"nom":"Saint-Michel-de-Chabrillanoux","code":"07278","codesPostaux":["07360"],"centre":{"type":"Point","coordinates":[4.6116,44.8365]},"surface":1180.27,"population":406,"departement":{"code":"07","nom":"Ardèche"},"region":{"code":"84","nom":"Auvergne-Rhône-Alpes"}},{"nom":"Saint-Montan","code":"07279","codesPostaux":["07220"],"centre":{"type":"Point","coordinates":[4.6185,44.4379]},"surface":3359.81,"population":1978,"departement":{"code":"07","nom":"Ardèche"},"region":{"code":"84","nom":"Auvergne-Rhône-Alpes"}},{"nom":"Saint-Paul-le-Jeune","code":"07280","codesPostaux":["07460"],"centre":{"type":"Point","coordinates":[4.1573,44.3332]},"surface":1459.15,"population":968,"departement":{"code":"07","nom":"Ardèche"},"region":{"code":"84","nom":"Auvergne-Rhône-Alpes"}},{"nom":"Saint-Péray","code":"07281","codesPostaux":["07130"],"centre":{"type":"Point","coordinates":[4.8314,44.9394]},"surface":2381.47,"population":7580,"departement":{"code":"07","nom":"Ardèche"},"region":{"code":"84","nom":"Auvergne-Rhône-Alpes"}},{"nom":"Saint-Pierre-de-Colombier","code":"07282","codesPostaux":["07450"],"centre":{"type":"Point","coordinates":[4.2651,44.7102]},"surface":947.1,"population":444,"departement":{"code":"07","nom":"Ardèche"},"region":{"code":"84","nom":"Auvergne-Rhône-Alpes"}},{"nom":"Saint-Pierre-la-Roche","code":"07283","codesPostaux":["07400"],"centre":{"type":"Point","coordinates":[4.6188,44.6553]},"surface":998.43,"population":67,"departement":{"code":"07","nom":"Ardèche"},"region":{"code":"84","nom":"Auvergne-Rhône-Alpes"}},{"nom":"Saint-Pierre-Saint-Jean","code":"07284","codesPostaux":["07140"],"centre":{"type":"Point","coordinates":[4.0971,44.4785]},"surface":2372.22,"population":195,"departement":{"code":"07","nom":"Ardèche"},"region":{"code":"84","nom":"Auvergne-Rhône-Alpes"}},{"nom":"Saint-Pierre-sur-Doux","code":"07285","codesPostaux":["07520"],"centre":{"type":"Point","coordinates":[4.4848,45.126]},"surface":2162.7,"population":108,"departement":{"code":"07","nom":"Ardèche"},"region":{"code":"84","nom":"Auvergne-Rhône-Alpes"}},{"nom":"Saint-Pierreville","code":"07286","codesPostaux":["07190"],"centre":{"type":"Point","coordinates":[4.4845,44.8242]},"surface":2052.33,"population":510,"departement":{"code":"07","nom":"Ardèche"},"region":{"code":"84","nom":"Auvergne-Rhône-Alpes"}},{"nom":"Saint-Pons","code":"07287","codesPostaux":["07580"],"centre":{"type":"Point","coordinates":[4.5725,44.5985]},"surface":1668.39,"population":308,"departement":{"code":"07","nom":"Ardèche"},"region":{"code":"84","nom":"Auvergne-Rhône-Alpes"}},{"nom":"Saint-Priest","code":"07288","codesPostaux":["07000"],"centre":{"type":"Point","coordinates":[4.5389,44.7148]},"surface":1980.34,"population":1345,"departement":{"code":"07","nom":"Ardèche"},"region":{"code":"84","nom":"Auvergne-Rhône-Alpes"}},{"nom":"Saint-Privat","code":"07289","codesPostaux":["07200"],"centre":{"type":"Point","coordinates":[4.4239,44.6284]},"surface":623.57,"population":1663,"departement":{"code":"07","nom":"Ardèche"},"region":{"code":"84","nom":"Auvergne-Rhône-Alpes"}},{"nom":"Saint-Prix","code":"07290","codesPostaux":["07270"],"centre":{"type":"Point","coordinates":[4.503,44.9506]},"surface":1524.28,"population":269,"departement":{"code":"07","nom":"Ardèche"},"region":{"code":"84","nom":"Auvergne-Rhône-Alpes"}},{"nom":"Saint-Remèze","code":"07291","codesPostaux":["07700"],"centre":{"type":"Point","coordinates":[4.4979,44.3768]},"surface":4363.2,"population":847,"departement":{"code":"07","nom":"Ardèche"},"region":{"code":"84","nom":"Auvergne-Rhône-Alpes"}},{"nom":"Saint-Romain-d'Ay","code":"07292","codesPostaux":["07290"],"centre":{"type":"Point","coordinates":[4.6804,45.1662]},"surface":955.07,"population":1164,"departement":{"code":"07","nom":"Ardèche"},"region":{"code":"84","nom":"Auvergne-Rhône-Alpes"}},{"nom":"Saint-Romain-de-Lerps","code":"07293","codesPostaux":["07130"],"centre":{"type":"Point","coordinates":[4.7952,44.9768]},"surface":1426.82,"population":1034,"departement":{"code":"07","nom":"Ardèche"},"region":{"code":"84","nom":"Auvergne-Rhône-Alpes"}},{"nom":"Saint-Sauveur-de-Cruzières","code":"07294","codesPostaux":["07460"],"centre":{"type":"Point","coordinates":[4.2535,44.295]},"surface":2521.62,"population":572,"departement":{"code":"07","nom":"Ardèche"},"region":{"code":"84","nom":"Auvergne-Rhône-Alpes"}},{"nom":"Saint-Sauveur-de-Montagut","code":"07295","codesPostaux":["07190"],"centre":{"type":"Point","coordinates":[4.5772,44.8199]},"surface":1170.36,"population":1115,"departement":{"code":"07","nom":"Ardèche"},"region":{"code":"84","nom":"Auvergne-Rhône-Alpes"}},{"nom":"Saint-Sernin","code":"07296","codesPostaux":["07200"],"centre":{"type":"Point","coordinates":[4.3762,44.5755]},"surface":582.85,"population":1872,"departement":{"code":"07","nom":"Ardèche"},"region":{"code":"84","nom":"Auvergne-Rhône-Alpes"}},{"nom":"Saint-Sylvestre","code":"07297","codesPostaux":["07440"],"centre":{"type":"Point","coordinates":[4.7481,44.9865]},"surface":1542.94,"population":513,"departement":{"code":"07","nom":"Ardèche"},"region":{"code":"84","nom":"Auvergne-Rhône-Alpes"}},{"nom":"Saint-Symphorien-sous-Chomérac","code":"07298","codesPostaux":["07210"],"centre":{"type":"Point","coordinates":[4.7073,44.7301]},"surface":798.06,"population":887,"departement":{"code":"07","nom":"Ardèche"},"region":{"code":"84","nom":"Auvergne-Rhône-Alpes"}},{"nom":"Saint-Symphorien-de-Mahun","code":"07299","codesPostaux":["07290"],"centre":{"type":"Point","coordinates":[4.5534,45.1563]},"surface":1957.91,"population":116,"departement":{"code":"07","nom":"Ardèche"},"region":{"code":"84","nom":"Auvergne-Rhône-Alpes"}},{"nom":"Saint-Thomé","code":"07300","codesPostaux":["07220"],"centre":{"type":"Point","coordinates":[4.6184,44.5037]},"surface":1979.84,"population":480,"departement":{"code":"07","nom":"Ardèche"},"region":{"code":"84","nom":"Auvergne-Rhône-Alpes"}},{"nom":"Saint-Victor","code":"07301","codesPostaux":["07410"],"centre":{"type":"Point","coordinates":[4.6867,45.104]},"surface":3207.11,"population":968,"departement":{"code":"07","nom":"Ardèche"},"region":{"code":"84","nom":"Auvergne-Rhône-Alpes"}},{"nom":"Saint-Vincent-de-Barrès","code":"07302","codesPostaux":["07210"],"centre":{"type":"Point","coordinates":[4.7033,44.6583]},"surface":1884.99,"population":824,"departement":{"code":"07","nom":"Ardèche"},"region":{"code":"84","nom":"Auvergne-Rhône-Alpes"}},{"nom":"Saint-Vincent-de-Durfort","code":"07303","codesPostaux":["07360"],"centre":{"type":"Point","coordinates":[4.6373,44.7912]},"surface":1283.82,"population":274,"departement":{"code":"07","nom":"Ardèche"},"region":{"code":"84","nom":"Auvergne-Rhône-Alpes"}},{"nom":"Salavas","code":"07304","codesPostaux":["07150"],"centre":{"type":"Point","coordinates":[4.3652,44.3882]},"surface":1717.15,"population":740,"departement":{"code":"07","nom":"Ardèche"},"region":{"code":"84","nom":"Auvergne-Rhône-Alpes"}},{"nom":"Les Salelles","code":"07305","codesPostaux":["07140"],"centre":{"type":"Point","coordinates":[4.0989,44.4355]},"surface":567.56,"population":414,"departement":{"code":"07","nom":"Ardèche"},"region":{"code":"84","nom":"Auvergne-Rhône-Alpes"}},{"nom":"Sampzon","code":"07306","codesPostaux":["07120"],"centre":{"type":"Point","coordinates":[4.3342,44.4119]},"surface":843.45,"population":241,"departement":{"code":"07","nom":"Ardèche"},"region":{"code":"84","nom":"Auvergne-Rhône-Alpes"}},{"nom":"Sanilhac","code":"07307","codesPostaux":["07110"],"centre":{"type":"Point","coordinates":[4.2343,44.5309]},"surface":2107.65,"population":437,"departement":{"code":"07","nom":"Ardèche"},"region":{"code":"84","nom":"Auvergne-Rhône-Alpes"}},{"nom":"Sarras","code":"07308","codesPostaux":["07370"],"centre":{"type":"Point","coordinates":[4.7775,45.1866]},"surface":1159.43,"population":2220,"departement":{"code":"07","nom":"Ardèche"},"region":{"code":"84","nom":"Auvergne-Rhône-Alpes"}},{"nom":"Satillieu","code":"07309","codesPostaux":["07290"],"centre":{"type":"Point","coordinates":[4.5925,45.142]},"surface":3337.9,"population":1534,"departement":{"code":"07","nom":"Ardèche"},"region":{"code":"84","nom":"Auvergne-Rhône-Alpes"}},{"nom":"Savas","code":"07310","codesPostaux":["07430"],"centre":{"type":"Point","coordinates":[4.6706,45.3001]},"surface":1255.25,"population":896,"departement":{"code":"07","nom":"Ardèche"},"region":{"code":"84","nom":"Auvergne-Rhône-Alpes"}},{"nom":"Sceautres","code":"07311","codesPostaux":["07400"],"centre":{"type":"Point","coordinates":[4.609,44.6158]},"surface":1457.99,"population":143,"departement":{"code":"07","nom":"Ardèche"},"region":{"code":"84","nom":"Auvergne-Rhône-Alpes"}},{"nom":"Sécheras","code":"07312","codesPostaux":["07610"],"centre":{"type":"Point","coordinates":[4.7759,45.1296]},"surface":738.16,"population":516,"departement":{"code":"07","nom":"Ardèche"},"region":{"code":"84","nom":"Auvergne-Rhône-Alpes"}},{"nom":"Serrières","code":"07313","codesPostaux":["07340"],"centre":{"type":"Point","coordinates":[4.7654,45.3178]},"surface":404.11,"population":1095,"departement":{"code":"07","nom":"Ardèche"},"region":{"code":"84","nom":"Auvergne-Rhône-Alpes"}},{"nom":"Silhac","code":"07314","codesPostaux":["07240"],"centre":{"type":"Point","coordinates":[4.6089,44.8738]},"surface":2289.36,"population":407,"departement":{"code":"07","nom":"Ardèche"},"region":{"code":"84","nom":"Auvergne-Rhône-Alpes"}},{"nom":"La Souche","code":"07315","codesPostaux":["07380"],"centre":{"type":"Point","coordinates":[4.1565,44.6258]},"surface":3188.2,"population":385,"departement":{"code":"07","nom":"Ardèche"},"region":{"code":"84","nom":"Auvergne-Rhône-Alpes"}},{"nom":"Soyons","code":"07316","codesPostaux":["07130"],"centre":{"type":"Point","coordinates":[4.8504,44.8919]},"surface":803.4,"population":2341,"departement":{"code":"07","nom":"Ardèche"},"region":{"code":"84","nom":"Auvergne-Rhône-Alpes"}},{"nom":"Talencieux","code":"07317","codesPostaux":["07340"],"centre":{"type":"Point","coordinates":[4.7724,45.2199]},"surface":722.31,"population":1112,"departement":{"code":"07","nom":"Ardèche"},"region":{"code":"84","nom":"Auvergne-Rhône-Alpes"}},{"nom":"Tauriers","code":"07318","codesPostaux":["07110"],"centre":{"type":"Point","coordinates":[4.271,44.5518]},"surface":450.96,"population":203,"departement":{"code":"07","nom":"Ardèche"},"region":{"code":"84","nom":"Auvergne-Rhône-Alpes"}},{"nom":"Le Teil","code":"07319","codesPostaux":["07400"],"centre":{"type":"Point","coordinates":[4.6664,44.5476]},"surface":2664.28,"population":8726,"departement":{"code":"07","nom":"Ardèche"},"region":{"code":"84","nom":"Auvergne-Rhône-Alpes"}},{"nom":"Thorrenc","code":"07321","codesPostaux":["07340"],"centre":{"type":"Point","coordinates":[4.7606,45.2327]},"surface":371.8,"population":356,"departement":{"code":"07","nom":"Ardèche"},"region":{"code":"84","nom":"Auvergne-Rhône-Alpes"}},{"nom":"Thueyts","code":"07322","codesPostaux":["07330"],"centre":{"type":"Point","coordinates":[4.2107,44.6727]},"surface":2143.31,"population":1205,"departement":{"code":"07","nom":"Ardèche"},"region":{"code":"84","nom":"Auvergne-Rhône-Alpes"}},{"nom":"Toulaud","code":"07323","codesPostaux":["07130"],"centre":{"type":"Point","coordinates":[4.7942,44.9009]},"surface":3529.1,"population":1687,"departement":{"code":"07","nom":"Ardèche"},"region":{"code":"84","nom":"Auvergne-Rhône-Alpes"}},{"nom":"Tournon-sur-Rhône","code":"07324","codesPostaux":["07300"],"centre":{"type":"Point","coordinates":[4.8156,45.0534]},"surface":2144.22,"population":11279,"departement":{"code":"07","nom":"Ardèche"},"region":{"code":"84","nom":"Auvergne-Rhône-Alpes"}},{"nom":"Ucel","code":"07325","codesPostaux":["07200"],"centre":{"type":"Point","coordinates":[4.3867,44.6412]},"surface":559.23,"population":2019,"departement":{"code":"07","nom":"Ardèche"},"region":{"code":"84","nom":"Auvergne-Rhône-Alpes"}},{"nom":"Usclades-et-Rieutord","code":"07326","codesPostaux":["07510"],"centre":{"type":"Point","coordinates":[4.1673,44.7722]},"surface":1256.89,"population":106,"departement":{"code":"07","nom":"Ardèche"},"region":{"code":"84","nom":"Auvergne-Rhône-Alpes"}},{"nom":"Uzer","code":"07327","codesPostaux":["07110"],"centre":{"type":"Point","coordinates":[4.3287,44.5177]},"surface":347.37,"population":421,"departement":{"code":"07","nom":"Ardèche"},"region":{"code":"84","nom":"Auvergne-Rhône-Alpes"}},{"nom":"Vagnas","code":"07328","codesPostaux":["07150"],"centre":{"type":"Point","coordinates":[4.3466,44.3627]},"surface":2391.89,"population":636,"departement":{"code":"07","nom":"Ardèche"},"region":{"code":"84","nom":"Auvergne-Rhône-Alpes"}},{"nom":"Valgorge","code":"07329","codesPostaux":["07110"],"centre":{"type":"Point","coordinates":[4.1118,44.5918]},"surface":2643.76,"population":412,"departement":{"code":"07","nom":"Ardèche"},"region":{"code":"84","nom":"Auvergne-Rhône-Alpes"}},{"nom":"Vallon-Pont-d'Arc","code":"07330","codesPostaux":["07150"],"centre":{"type":"Point","coordinates":[4.4024,44.3982]},"surface":2910.97,"population":2403,"departement":{"code":"07","nom":"Ardèche"},"region":{"code":"84","nom":"Auvergne-Rhône-Alpes"}},{"nom":"Vals-les-Bains","code":"07331","codesPostaux":["07600"],"centre":{"type":"Point","coordinates":[4.3426,44.666]},"surface":1948.15,"population":3474,"departement":{"code":"07","nom":"Ardèche"},"region":{"code":"84","nom":"Auvergne-Rhône-Alpes"}},{"nom":"Valvignères","code":"07332","codesPostaux":["07400"],"centre":{"type":"Point","coordinates":[4.5538,44.505]},"surface":3032.56,"population":440,"departement":{"code":"07","nom":"Ardèche"},"region":{"code":"84","nom":"Auvergne-Rhône-Alpes"}},{"nom":"Vanosc","code":"07333","codesPostaux":["07690"],"centre":{"type":"Point","coordinates":[4.5355,45.2244]},"surface":2634,"population":907,"departement":{"code":"07","nom":"Ardèche"},"region":{"code":"84","nom":"Auvergne-Rhône-Alpes"}},{"nom":"Les Vans","code":"07334","codesPostaux":["07140"],"centre":{"type":"Point","coordinates":[4.1145,44.3884]},"surface":3118.34,"population":2662,"departement":{"code":"07","nom":"Ardèche"},"region":{"code":"84","nom":"Auvergne-Rhône-Alpes"}},{"nom":"Vaudevant","code":"07335","codesPostaux":["07410"],"centre":{"type":"Point","coordinates":[4.6074,45.1097]},"surface":1269.22,"population":223,"departement":{"code":"07","nom":"Ardèche"},"region":{"code":"84","nom":"Auvergne-Rhône-Alpes"}},{"nom":"Vernon","code":"07336","codesPostaux":["07260"],"centre":{"type":"Point","coordinates":[4.2251,44.5074]},"surface":380.55,"population":235,"departement":{"code":"07","nom":"Ardèche"},"region":{"code":"84","nom":"Auvergne-Rhône-Alpes"}},{"nom":"Vernosc-lès-Annonay","code":"07337","codesPostaux":["07430"],"centre":{"type":"Point","coordinates":[4.7254,45.224]},"surface":1658.06,"population":2725,"departement":{"code":"07","nom":"Ardèche"},"region":{"code":"84","nom":"Auvergne-Rhône-Alpes"}},{"nom":"Vernoux-en-Vivarais","code":"07338","codesPostaux":["07240"],"centre":{"type":"Point","coordinates":[4.6443,44.9069]},"surface":3109.77,"population":1982,"departement":{"code":"07","nom":"Ardèche"},"region":{"code":"84","nom":"Auvergne-Rhône-Alpes"}},{"nom":"Vesseaux","code":"07339","codesPostaux":["07200"],"centre":{"type":"Point","coordinates":[4.4438,44.6531]},"surface":1894.27,"population":2069,"departement":{"code":"07","nom":"Ardèche"},"region":{"code":"84","nom":"Auvergne-Rhône-Alpes"}},{"nom":"Veyras","code":"07340","codesPostaux":["07000"],"centre":{"type":"Point","coordinates":[4.5541,44.7346]},"surface":779.61,"population":1505,"departement":{"code":"07","nom":"Ardèche"},"region":{"code":"84","nom":"Auvergne-Rhône-Alpes"}},{"nom":"Villeneuve-de-Berg","code":"07341","codesPostaux":["07170"],"centre":{"type":"Point","coordinates":[4.5119,44.5455]},"surface":2491.29,"population":3031,"departement":{"code":"07","nom":"Ardèche"},"region":{"code":"84","nom":"Auvergne-Rhône-Alpes"}},{"nom":"Villevocance","code":"07342","codesPostaux":["07690"],"centre":{"type":"Point","coordinates":[4.5952,45.2253]},"surface":950.56,"population":1165,"departement":{"code":"07","nom":"Ardèche"},"region":{"code":"84","nom":"Auvergne-Rhône-Alpes"}},{"nom":"Vinezac","code":"07343","codesPostaux":["07110"],"centre":{"type":"Point","coordinates":[4.3332,44.5498]},"surface":1105.96,"population":1378,"departement":{"code":"07","nom":"Ardèche"},"region":{"code":"84","nom":"Auvergne-Rhône-Alpes"}},{"nom":"Vinzieux","code":"07344","codesPostaux":["07340"],"centre":{"type":"Point","coordinates":[4.7044,45.3291]},"surface":695.99,"population":538,"departement":{"code":"07","nom":"Ardèche"},"region":{"code":"84","nom":"Auvergne-Rhône-Alpes"}},{"nom":"Vion","code":"07345","codesPostaux":["07610"],"centre":{"type":"Point","coordinates":[4.7977,45.1152]},"surface":632.07,"population":923,"departement":{"code":"07","nom":"Ardèche"},"region":{"code":"84","nom":"Auvergne-Rhône-Alpes"}},{"nom":"Viviers","code":"07346","codesPostaux":["07220"],"centre":{"type":"Point","coordinates":[4.6616,44.4816]},"surface":3383.44,"population":3633,"departement":{"code":"07","nom":"Ardèche"},"region":{"code":"84","nom":"Auvergne-Rhône-Alpes"}},{"nom":"Vocance","code":"07347","codesPostaux":["07690"],"centre":{"type":"Point","coordinates":[4.5616,45.1947]},"surface":1754.63,"population":613,"departement":{"code":"07","nom":"Ardèche"},"region":{"code":"84","nom":"Auvergne-Rhône-Alpes"}},{"nom":"Vogüé","code":"07348","codesPostaux":["07200"],"centre":{"type":"Point","coordinates":[4.411,44.5562]},"surface":1192.02,"population":1040,"departement":{"code":"07","nom":"Ardèche"},"region":{"code":"84","nom":"Auvergne-Rhône-Alpes"}},{"nom":"La Voulte-sur-Rhône","code":"07349","codesPostaux":["07800"],"centre":{"type":"Point","coordinates":[4.7829,44.7996]},"surface":993.29,"population":4854,"departement":{"code":"07","nom":"Ardèche"},"region":{"code":"84","nom":"Auvergne-Rhône-Alpes"}}]