[{"nom":"L'Aiguillon-la-Presqu'île","code":"85001","codesPostaux":["85460"],"centre":{"type":"Point","coordinates":[-1.2801,46.31]},"surface":1700.35,"population":2845,"departement":{"code":"85","nom":"Vendée"},"region":{"code":"52","nom":"Pays de la Loire"}},{"nom":"L'Aiguillon-sur-Vie","code":"85002","codesPostaux":["85220"],"centre":{"type":"Point","coordinates":[-1.8303,46.6723]},"surface":2324.07,"population":2277,"departement":{"code":"85","nom":"Vendée"},"region":{"code":"52","nom":"Pays de la Loire"}},{"nom":"Aizenay","code":"85003","codesPostaux":["85190"],"centre":{"type":"Point","coordinates":[-1.6271,46.7366]},"surface":8206.59,"population":10365,"departement":{"code":"85","nom":"Vendée"},"region":{"code":"52","nom":"Pays de la Loire"}},{"nom":"Angles","code":"85004","codesPostaux":["85750"],"centre":{"type":"Point","coordinates":[-1.4045,46.3873]},"surface":3337.94,"population":3115,"departement":{"code":"85","nom":"Vendée"},"region":{"code":"52","nom":"Pays de la Loire"}},{"nom":"Antigny","code":"85005","codesPostaux":["85120"],"centre":{"type":"Point","coordinates":[-0.7576,46.6141]},"surface":2237.89,"population":1027,"departement":{"code":"85","nom":"Vendée"},"region":{"code":"52","nom":"Pays de la Loire"}},{"nom":"Apremont","code":"85006","codesPostaux":["85220"],"centre":{"type":"Point","coordinates":[-1.7498,46.76]},"surface":3007.38,"population":2108,"departement":{"code":"85","nom":"Vendée"},"region":{"code":"52","nom":"Pays de la Loire"}},{"nom":"Aubigny-Les Clouzeaux","code":"85008","codesPostaux":["85430"],"centre":{"type":"Point","coordinates":[-1.4794,46.6123]},"surface":5258.84,"population":7191,"departement":{"code":"85","nom":"Vendée"},"region":{"code":"52","nom":"Pays de la Loire"}},{"nom":"Auchay-sur-Vendée","code":"85009","codesPostaux":["85200"],"centre":{"type":"Point","coordinates":[-0.8739,46.4366]},"surface":2128.08,"population":1122,"departement":{"code":"85","nom":"Vendée"},"region":{"code":"52","nom":"Pays de la Loire"}},{"nom":"Avrillé","code":"85010","codesPostaux":["85440"],"centre":{"type":"Point","coordinates":[-1.4983,46.4744]},"surface":2549.07,"population":1403,"departement":{"code":"85","nom":"Vendée"},"region":{"code":"52","nom":"Pays de la Loire"}},{"nom":"Barbâtre","code":"85011","codesPostaux":["85630"],"centre":{"type":"Point","coordinates":[-2.1723,46.9274]},"surface":1314.95,"population":1824,"departement":{"code":"85","nom":"Vendée"},"region":{"code":"52","nom":"Pays de la Loire"}},{"nom":"La Barre-de-Monts","code":"85012","codesPostaux":["85550"],"centre":{"type":"Point","coordinates":[-2.0915,46.8741]},"surface":2815.83,"population":2367,"departement":{"code":"85","nom":"Vendée"},"region":{"code":"52","nom":"Pays de la Loire"}},{"nom":"Bazoges-en-Paillers","code":"85013","codesPostaux":["85130"],"centre":{"type":"Point","coordinates":[-1.1472,46.9204]},"surface":1160.53,"population":1555,"departement":{"code":"85","nom":"Vendée"},"region":{"code":"52","nom":"Pays de la Loire"}},{"nom":"Bazoges-en-Pareds","code":"85014","codesPostaux":["85390"],"centre":{"type":"Point","coordinates":[-0.9163,46.6599]},"surface":3401.22,"population":1184,"departement":{"code":"85","nom":"Vendée"},"region":{"code":"52","nom":"Pays de la Loire"}},{"nom":"Beaufou","code":"85015","codesPostaux":["85170"],"centre":{"type":"Point","coordinates":[-1.5124,46.8226]},"surface":2799.82,"population":1683,"departement":{"code":"85","nom":"Vendée"},"region":{"code":"52","nom":"Pays de la Loire"}},{"nom":"Beaulieu-sous-la-Roche","code":"85016","codesPostaux":["85190"],"centre":{"type":"Point","coordinates":[-1.6246,46.6869]},"surface":2574.66,"population":2421,"departement":{"code":"85","nom":"Vendée"},"region":{"code":"52","nom":"Pays de la Loire"}},{"nom":"Beaurepaire","code":"85017","codesPostaux":["85500"],"centre":{"type":"Point","coordinates":[-1.0998,46.9076]},"surface":2437.73,"population":2385,"departement":{"code":"85","nom":"Vendée"},"region":{"code":"52","nom":"Pays de la Loire"}},{"nom":"Beauvoir-sur-Mer","code":"85018","codesPostaux":["85230"],"centre":{"type":"Point","coordinates":[-2.0648,46.9047]},"surface":3517.85,"population":4035,"departement":{"code":"85","nom":"Vendée"},"region":{"code":"52","nom":"Pays de la Loire"}},{"nom":"Bellevigny","code":"85019","codesPostaux":["85170"],"centre":{"type":"Point","coordinates":[-1.4073,46.7876]},"surface":3905.78,"population":6240,"departement":{"code":"85","nom":"Vendée"},"region":{"code":"52","nom":"Pays de la Loire"}},{"nom":"Benet","code":"85020","codesPostaux":["85490"],"centre":{"type":"Point","coordinates":[-0.6147,46.3654]},"surface":5026.87,"population":4089,"departement":{"code":"85","nom":"Vendée"},"region":{"code":"52","nom":"Pays de la Loire"}},{"nom":"Le Bernard","code":"85022","codesPostaux":["85560"],"centre":{"type":"Point","coordinates":[-1.4443,46.4512]},"surface":2766.36,"population":1319,"departement":{"code":"85","nom":"Vendée"},"region":{"code":"52","nom":"Pays de la Loire"}},{"nom":"Bessay","code":"85023","codesPostaux":["85320"],"centre":{"type":"Point","coordinates":[-1.1679,46.5418]},"surface":1073.93,"population":456,"departement":{"code":"85","nom":"Vendée"},"region":{"code":"52","nom":"Pays de la Loire"}},{"nom":"Bois-de-Céné","code":"85024","codesPostaux":["85710"],"centre":{"type":"Point","coordinates":[-1.8923,46.9528]},"surface":4270.14,"population":2256,"departement":{"code":"85","nom":"Vendée"},"region":{"code":"52","nom":"Pays de la Loire"}},{"nom":"La Boissière-de-Montaigu","code":"85025","codesPostaux":["85600"],"centre":{"type":"Point","coordinates":[-1.1903,46.9497]},"surface":2919.52,"population":2311,"departement":{"code":"85","nom":"Vendée"},"region":{"code":"52","nom":"Pays de la Loire"}},{"nom":"La Boissière-des-Landes","code":"85026","codesPostaux":["85430"],"centre":{"type":"Point","coordinates":[-1.438,46.5588]},"surface":2392.86,"population":1464,"departement":{"code":"85","nom":"Vendée"},"region":{"code":"52","nom":"Pays de la Loire"}},{"nom":"Bouillé-Courdault","code":"85028","codesPostaux":["85420"],"centre":{"type":"Point","coordinates":[-0.6849,46.3855]},"surface":980.08,"population":595,"departement":{"code":"85","nom":"Vendée"},"region":{"code":"52","nom":"Pays de la Loire"}},{"nom":"Bouin","code":"85029","codesPostaux":["85230"],"centre":{"type":"Point","coordinates":[-2.0064,46.9802]},"surface":5212.46,"population":2205,"departement":{"code":"85","nom":"Vendée"},"region":{"code":"52","nom":"Pays de la Loire"}},{"nom":"Le Boupère","code":"85031","codesPostaux":["85510"],"centre":{"type":"Point","coordinates":[-0.9341,46.7867]},"surface":4372.99,"population":3151,"departement":{"code":"85","nom":"Vendée"},"region":{"code":"52","nom":"Pays de la Loire"}},{"nom":"Bourneau","code":"85033","codesPostaux":["85200"],"centre":{"type":"Point","coordinates":[-0.811,46.5501]},"surface":1637.57,"population":710,"departement":{"code":"85","nom":"Vendée"},"region":{"code":"52","nom":"Pays de la Loire"}},{"nom":"Bournezeau","code":"85034","codesPostaux":["85480"],"centre":{"type":"Point","coordinates":[-1.139,46.6289]},"surface":6123.09,"population":3452,"departement":{"code":"85","nom":"Vendée"},"region":{"code":"52","nom":"Pays de la Loire"}},{"nom":"Bretignolles-sur-Mer","code":"85035","codesPostaux":["85470"],"centre":{"type":"Point","coordinates":[-1.8713,46.6309]},"surface":2730.57,"population":5344,"departement":{"code":"85","nom":"Vendée"},"region":{"code":"52","nom":"Pays de la Loire"}},{"nom":"La Bretonnière-la-Claye","code":"85036","codesPostaux":["85320"],"centre":{"type":"Point","coordinates":[-1.2624,46.4917]},"surface":1651.31,"population":586,"departement":{"code":"85","nom":"Vendée"},"region":{"code":"52","nom":"Pays de la Loire"}},{"nom":"Les Brouzils","code":"85038","codesPostaux":["85260"],"centre":{"type":"Point","coordinates":[-1.3389,46.8898]},"surface":4173.01,"population":2938,"departement":{"code":"85","nom":"Vendée"},"region":{"code":"52","nom":"Pays de la Loire"}},{"nom":"La Bruffière","code":"85039","codesPostaux":["85530"],"centre":{"type":"Point","coordinates":[-1.1816,47.0143]},"surface":4071.94,"population":3987,"departement":{"code":"85","nom":"Vendée"},"region":{"code":"52","nom":"Pays de la Loire"}},{"nom":"La Caillère-Saint-Hilaire","code":"85040","codesPostaux":["85410"],"centre":{"type":"Point","coordinates":[-0.9315,46.6306]},"surface":1542.76,"population":1100,"departement":{"code":"85","nom":"Vendée"},"region":{"code":"52","nom":"Pays de la Loire"}},{"nom":"Chaillé-les-Marais","code":"85042","codesPostaux":["85450"],"centre":{"type":"Point","coordinates":[-1.0093,46.3875]},"surface":4025.57,"population":1924,"departement":{"code":"85","nom":"Vendée"},"region":{"code":"52","nom":"Pays de la Loire"}},{"nom":"La Chaize-Giraud","code":"85045","codesPostaux":["85220"],"centre":{"type":"Point","coordinates":[-1.8196,46.6479]},"surface":281.17,"population":1124,"departement":{"code":"85","nom":"Vendée"},"region":{"code":"52","nom":"Pays de la Loire"}},{"nom":"La Chaize-le-Vicomte","code":"85046","codesPostaux":["85310"],"centre":{"type":"Point","coordinates":[-1.2833,46.6671]},"surface":4971.87,"population":3948,"departement":{"code":"85","nom":"Vendée"},"region":{"code":"52","nom":"Pays de la Loire"}},{"nom":"Challans","code":"85047","codesPostaux":["85300"],"centre":{"type":"Point","coordinates":[-1.8422,46.833]},"surface":6541.89,"population":22943,"departement":{"code":"85","nom":"Vendée"},"region":{"code":"52","nom":"Pays de la Loire"}},{"nom":"Champagné-les-Marais","code":"85049","codesPostaux":["85450"],"centre":{"type":"Point","coordinates":[-1.1288,46.3718]},"surface":4978.86,"population":1824,"departement":{"code":"85","nom":"Vendée"},"region":{"code":"52","nom":"Pays de la Loire"}},{"nom":"Le Champ-Saint-Père","code":"85050","codesPostaux":["85540"],"centre":{"type":"Point","coordinates":[-1.3396,46.5121]},"surface":2478.51,"population":2135,"departement":{"code":"85","nom":"Vendée"},"region":{"code":"52","nom":"Pays de la Loire"}},{"nom":"Chantonnay","code":"85051","codesPostaux":["85110"],"centre":{"type":"Point","coordinates":[-1.045,46.6699]},"surface":8389.97,"population":8557,"departement":{"code":"85","nom":"Vendée"},"region":{"code":"52","nom":"Pays de la Loire"}},{"nom":"La Chapelle-Hermier","code":"85054","codesPostaux":["85220"],"centre":{"type":"Point","coordinates":[-1.7237,46.6841]},"surface":1812.89,"population":1098,"departement":{"code":"85","nom":"Vendée"},"region":{"code":"52","nom":"Pays de la Loire"}},{"nom":"La Chapelle-Palluau","code":"85055","codesPostaux":["85670"],"centre":{"type":"Point","coordinates":[-1.6228,46.7877]},"surface":1302.62,"population":1124,"departement":{"code":"85","nom":"Vendée"},"region":{"code":"52","nom":"Pays de la Loire"}},{"nom":"La Chapelle-Thémer","code":"85056","codesPostaux":["85210"],"centre":{"type":"Point","coordinates":[-0.9645,46.5677]},"surface":1518.23,"population":393,"departement":{"code":"85","nom":"Vendée"},"region":{"code":"52","nom":"Pays de la Loire"}},{"nom":"Chasnais","code":"85058","codesPostaux":["85400"],"centre":{"type":"Point","coordinates":[-1.2388,46.444]},"surface":1083.45,"population":818,"departement":{"code":"85","nom":"Vendée"},"region":{"code":"52","nom":"Pays de la Loire"}},{"nom":"La Châtaigneraie","code":"85059","codesPostaux":["85120"],"centre":{"type":"Point","coordinates":[-0.7402,46.6423]},"surface":798.11,"population":2600,"departement":{"code":"85","nom":"Vendée"},"region":{"code":"52","nom":"Pays de la Loire"}},{"nom":"Château-Guibert","code":"85061","codesPostaux":["85320"],"centre":{"type":"Point","coordinates":[-1.2638,46.575]},"surface":3524.64,"population":1584,"departement":{"code":"85","nom":"Vendée"},"region":{"code":"52","nom":"Pays de la Loire"}},{"nom":"Châteauneuf","code":"85062","codesPostaux":["85710"],"centre":{"type":"Point","coordinates":[-1.9237,46.9205]},"surface":1609.62,"population":1140,"departement":{"code":"85","nom":"Vendée"},"region":{"code":"52","nom":"Pays de la Loire"}},{"nom":"Chauché","code":"85064","codesPostaux":["85140"],"centre":{"type":"Point","coordinates":[-1.2668,46.8272]},"surface":4193.01,"population":2613,"departement":{"code":"85","nom":"Vendée"},"region":{"code":"52","nom":"Pays de la Loire"}},{"nom":"Chavagnes-en-Paillers","code":"85065","codesPostaux":["85250"],"centre":{"type":"Point","coordinates":[-1.2341,46.8898]},"surface":4038.44,"population":3726,"departement":{"code":"85","nom":"Vendée"},"region":{"code":"52","nom":"Pays de la Loire"}},{"nom":"Chavagnes-les-Redoux","code":"85066","codesPostaux":["85390"],"centre":{"type":"Point","coordinates":[-0.9171,46.7119]},"surface":1360.44,"population":857,"departement":{"code":"85","nom":"Vendée"},"region":{"code":"52","nom":"Pays de la Loire"}},{"nom":"Cheffois","code":"85067","codesPostaux":["85390"],"centre":{"type":"Point","coordinates":[-0.7815,46.6803]},"surface":1881.58,"population":1009,"departement":{"code":"85","nom":"Vendée"},"region":{"code":"52","nom":"Pays de la Loire"}},{"nom":"Coëx","code":"85070","codesPostaux":["85220"],"centre":{"type":"Point","coordinates":[-1.7534,46.7105]},"surface":3991.58,"population":3428,"departement":{"code":"85","nom":"Vendée"},"region":{"code":"52","nom":"Pays de la Loire"}},{"nom":"Commequiers","code":"85071","codesPostaux":["85220"],"centre":{"type":"Point","coordinates":[-1.8232,46.7694]},"surface":4073.25,"population":3735,"departement":{"code":"85","nom":"Vendée"},"region":{"code":"52","nom":"Pays de la Loire"}},{"nom":"La Copechagnière","code":"85072","codesPostaux":["85260"],"centre":{"type":"Point","coordinates":[-1.3421,46.8507]},"surface":987.16,"population":1046,"departement":{"code":"85","nom":"Vendée"},"region":{"code":"52","nom":"Pays de la Loire"}},{"nom":"Corpe","code":"85073","codesPostaux":["85320"],"centre":{"type":"Point","coordinates":[-1.1686,46.5079]},"surface":1711.34,"population":1024,"departement":{"code":"85","nom":"Vendée"},"region":{"code":"52","nom":"Pays de la Loire"}},{"nom":"La Couture","code":"85074","codesPostaux":["85320"],"centre":{"type":"Point","coordinates":[-1.2661,46.5241]},"surface":713.42,"population":231,"departement":{"code":"85","nom":"Vendée"},"region":{"code":"52","nom":"Pays de la Loire"}},{"nom":"Cugand-la-Bernardière","code":"85076","codesPostaux":["85610"],"centre":{"type":"Point","coordinates":[-1.2574,47.0474]},"surface":2852.18,"population":5711,"departement":{"code":"85","nom":"Vendée"},"region":{"code":"52","nom":"Pays de la Loire"}},{"nom":"Curzon","code":"85077","codesPostaux":["85540"],"centre":{"type":"Point","coordinates":[-1.3051,46.4494]},"surface":594.03,"population":481,"departement":{"code":"85","nom":"Vendée"},"region":{"code":"52","nom":"Pays de la Loire"}},{"nom":"Damvix","code":"85078","codesPostaux":["85420"],"centre":{"type":"Point","coordinates":[-0.7458,46.3224]},"surface":1160.09,"population":733,"departement":{"code":"85","nom":"Vendée"},"region":{"code":"52","nom":"Pays de la Loire"}},{"nom":"Doix lès Fontaines","code":"85080","codesPostaux":["85200"],"centre":{"type":"Point","coordinates":[-0.8098,46.3994]},"surface":2399.41,"population":1779,"departement":{"code":"85","nom":"Vendée"},"region":{"code":"52","nom":"Pays de la Loire"}},{"nom":"Dompierre-sur-Yon","code":"85081","codesPostaux":["85170"],"centre":{"type":"Point","coordinates":[-1.3773,46.7636]},"surface":3386.8,"population":4625,"departement":{"code":"85","nom":"Vendée"},"region":{"code":"52","nom":"Pays de la Loire"}},{"nom":"Les Epesses","code":"85082","codesPostaux":["85590"],"centre":{"type":"Point","coordinates":[-0.903,46.8927]},"surface":3165.48,"population":2983,"departement":{"code":"85","nom":"Vendée"},"region":{"code":"52","nom":"Pays de la Loire"}},{"nom":"L'Épine","code":"85083","codesPostaux":["85740"],"centre":{"type":"Point","coordinates":[-2.2616,46.9799]},"surface":863.53,"population":1636,"departement":{"code":"85","nom":"Vendée"},"region":{"code":"52","nom":"Pays de la Loire"}},{"nom":"Essarts-en-Bocage","code":"85084","codesPostaux":["85140"],"centre":{"type":"Point","coordinates":[-1.2458,46.7861]},"surface":6906.61,"population":6851,"departement":{"code":"85","nom":"Vendée"},"region":{"code":"52","nom":"Pays de la Loire"}},{"nom":"Falleron","code":"85086","codesPostaux":["85670"],"centre":{"type":"Point","coordinates":[-1.7016,46.863]},"surface":2906.52,"population":1725,"departement":{"code":"85","nom":"Vendée"},"region":{"code":"52","nom":"Pays de la Loire"}},{"nom":"Faymoreau","code":"85087","codesPostaux":["85240"],"centre":{"type":"Point","coordinates":[-0.6256,46.5436]},"surface":1102.16,"population":209,"departement":{"code":"85","nom":"Vendée"},"region":{"code":"52","nom":"Pays de la Loire"}},{"nom":"Le Fenouiller","code":"85088","codesPostaux":["85800"],"centre":{"type":"Point","coordinates":[-1.8951,46.7168]},"surface":1792.65,"population":4978,"departement":{"code":"85","nom":"Vendée"},"region":{"code":"52","nom":"Pays de la Loire"}},{"nom":"La Ferrière","code":"85089","codesPostaux":["85280"],"centre":{"type":"Point","coordinates":[-1.3294,46.7205]},"surface":4712.63,"population":5454,"departement":{"code":"85","nom":"Vendée"},"region":{"code":"52","nom":"Pays de la Loire"}},{"nom":"Sèvremont","code":"85090","codesPostaux":["85700"],"centre":{"type":"Point","coordinates":[-0.8511,46.8405]},"surface":8924.59,"population":6385,"departement":{"code":"85","nom":"Vendée"},"region":{"code":"52","nom":"Pays de la Loire"}},{"nom":"Fontenay-le-Comte","code":"85092","codesPostaux":["85200"],"centre":{"type":"Point","coordinates":[-0.7887,46.4587]},"surface":3420.17,"population":14059,"departement":{"code":"85","nom":"Vendée"},"region":{"code":"52","nom":"Pays de la Loire"}},{"nom":"Fougeré","code":"85093","codesPostaux":["85480"],"centre":{"type":"Point","coordinates":[-1.2414,46.6648]},"surface":2720.76,"population":1240,"departement":{"code":"85","nom":"Vendée"},"region":{"code":"52","nom":"Pays de la Loire"}},{"nom":"Foussais-Payré","code":"85094","codesPostaux":["85240"],"centre":{"type":"Point","coordinates":[-0.6873,46.5192]},"surface":3461.42,"population":1168,"departement":{"code":"85","nom":"Vendée"},"region":{"code":"52","nom":"Pays de la Loire"}},{"nom":"Froidfond","code":"85095","codesPostaux":["85300"],"centre":{"type":"Point","coordinates":[-1.7596,46.8791]},"surface":2181.21,"population":2208,"departement":{"code":"85","nom":"Vendée"},"region":{"code":"52","nom":"Pays de la Loire"}},{"nom":"La Garnache","code":"85096","codesPostaux":["85710"],"centre":{"type":"Point","coordinates":[-1.8215,46.8961]},"surface":6052.05,"population":5515,"departement":{"code":"85","nom":"Vendée"},"region":{"code":"52","nom":"Pays de la Loire"}},{"nom":"La Gaubretière","code":"85097","codesPostaux":["85130"],"centre":{"type":"Point","coordinates":[-1.0541,46.9351]},"surface":3026.66,"population":3225,"departement":{"code":"85","nom":"Vendée"},"region":{"code":"52","nom":"Pays de la Loire"}},{"nom":"La Genétouze","code":"85098","codesPostaux":["85190"],"centre":{"type":"Point","coordinates":[-1.5062,46.7232]},"surface":1328.09,"population":2011,"departement":{"code":"85","nom":"Vendée"},"region":{"code":"52","nom":"Pays de la Loire"}},{"nom":"Le Girouard","code":"85099","codesPostaux":["85150"],"centre":{"type":"Point","coordinates":[-1.591,46.5725]},"surface":2550.5,"population":1156,"departement":{"code":"85","nom":"Vendée"},"region":{"code":"52","nom":"Pays de la Loire"}},{"nom":"Givrand","code":"85100","codesPostaux":["85800"],"centre":{"type":"Point","coordinates":[-1.8792,46.6821]},"surface":1178.72,"population":2205,"departement":{"code":"85","nom":"Vendée"},"region":{"code":"52","nom":"Pays de la Loire"}},{"nom":"Le Givre","code":"85101","codesPostaux":["85540"],"centre":{"type":"Point","coordinates":[-1.3973,46.4732]},"surface":1252.52,"population":535,"departement":{"code":"85","nom":"Vendée"},"region":{"code":"52","nom":"Pays de la Loire"}},{"nom":"Grand'Landes","code":"85102","codesPostaux":["85670"],"centre":{"type":"Point","coordinates":[-1.6431,46.8434]},"surface":2038.41,"population":725,"departement":{"code":"85","nom":"Vendée"},"region":{"code":"52","nom":"Pays de la Loire"}},{"nom":"Grosbreuil","code":"85103","codesPostaux":["85440"],"centre":{"type":"Point","coordinates":[-1.5955,46.539]},"surface":3676.49,"population":2221,"departement":{"code":"85","nom":"Vendée"},"region":{"code":"52","nom":"Pays de la Loire"}},{"nom":"Grues","code":"85104","codesPostaux":["85580"],"centre":{"type":"Point","coordinates":[-1.3216,46.3818]},"surface":4751.37,"population":927,"departement":{"code":"85","nom":"Vendée"},"region":{"code":"52","nom":"Pays de la Loire"}},{"nom":"Le Gué-de-Velluire","code":"85105","codesPostaux":["85770"],"centre":{"type":"Point","coordinates":[-0.9066,46.3682]},"surface":1279.82,"population":525,"departement":{"code":"85","nom":"Vendée"},"region":{"code":"52","nom":"Pays de la Loire"}},{"nom":"La Guérinière","code":"85106","codesPostaux":["85680"],"centre":{"type":"Point","coordinates":[-2.2273,46.9668]},"surface":783.53,"population":1377,"departement":{"code":"85","nom":"Vendée"},"region":{"code":"52","nom":"Pays de la Loire"}},{"nom":"L'Herbergement","code":"85108","codesPostaux":["85260"],"centre":{"type":"Point","coordinates":[-1.3745,46.9153]},"surface":1697,"population":3482,"departement":{"code":"85","nom":"Vendée"},"region":{"code":"52","nom":"Pays de la Loire"}},{"nom":"Les Herbiers","code":"85109","codesPostaux":["85500"],"centre":{"type":"Point","coordinates":[-1.0286,46.8644]},"surface":8906.22,"population":16521,"departement":{"code":"85","nom":"Vendée"},"region":{"code":"52","nom":"Pays de la Loire"}},{"nom":"L'Hermenault","code":"85110","codesPostaux":["85570"],"centre":{"type":"Point","coordinates":[-0.8951,46.5152]},"surface":1144.25,"population":914,"departement":{"code":"85","nom":"Vendée"},"region":{"code":"52","nom":"Pays de la Loire"}},{"nom":"L'Île-d'Elle","code":"85111","codesPostaux":["85770"],"centre":{"type":"Point","coordinates":[-0.9235,46.335]},"surface":1910.87,"population":1502,"departement":{"code":"85","nom":"Vendée"},"region":{"code":"52","nom":"Pays de la Loire"}},{"nom":"L'Île-d'Olonne","code":"85112","codesPostaux":["85340"],"centre":{"type":"Point","coordinates":[-1.7767,46.57]},"surface":1954.02,"population":2802,"departement":{"code":"85","nom":"Vendée"},"region":{"code":"52","nom":"Pays de la Loire"}},{"nom":"L'Île-d'Yeu","code":"85113","codesPostaux":["85350"],"centre":{"type":"Point","coordinates":[-2.3415,46.7099]},"surface":2399.5,"population":4883,"departement":{"code":"85","nom":"Vendée"},"region":{"code":"52","nom":"Pays de la Loire"}},{"nom":"Jard-sur-Mer","code":"85114","codesPostaux":["85520"],"centre":{"type":"Point","coordinates":[-1.6083,46.4267]},"surface":1671.67,"population":3235,"departement":{"code":"85","nom":"Vendée"},"region":{"code":"52","nom":"Pays de la Loire"}},{"nom":"La Jaudonnière","code":"85115","codesPostaux":["85110"],"centre":{"type":"Point","coordinates":[-0.961,46.6477]},"surface":829.49,"population":670,"departement":{"code":"85","nom":"Vendée"},"region":{"code":"52","nom":"Pays de la Loire"}},{"nom":"La Jonchère","code":"85116","codesPostaux":["85540"],"centre":{"type":"Point","coordinates":[-1.3829,46.4364]},"surface":1151.93,"population":498,"departement":{"code":"85","nom":"Vendée"},"region":{"code":"52","nom":"Pays de la Loire"}},{"nom":"Lairoux","code":"85117","codesPostaux":["85400"],"centre":{"type":"Point","coordinates":[-1.2707,46.4477]},"surface":1332.63,"population":602,"departement":{"code":"85","nom":"Vendée"},"region":{"code":"52","nom":"Pays de la Loire"}},{"nom":"Landeronde","code":"85118","codesPostaux":["85150"],"centre":{"type":"Point","coordinates":[-1.5706,46.6526]},"surface":1821.4,"population":2303,"departement":{"code":"85","nom":"Vendée"},"region":{"code":"52","nom":"Pays de la Loire"}},{"nom":"Les Landes-Genusson","code":"85119","codesPostaux":["85130"],"centre":{"type":"Point","coordinates":[-1.1254,46.9697]},"surface":3134.93,"population":2638,"departement":{"code":"85","nom":"Vendée"},"region":{"code":"52","nom":"Pays de la Loire"}},{"nom":"Landevieille","code":"85120","codesPostaux":["85220"],"centre":{"type":"Point","coordinates":[-1.7869,46.6451]},"surface":1382.59,"population":1519,"departement":{"code":"85","nom":"Vendée"},"region":{"code":"52","nom":"Pays de la Loire"}},{"nom":"Le Langon","code":"85121","codesPostaux":["85370"],"centre":{"type":"Point","coordinates":[-0.9444,46.437]},"surface":2386.18,"population":1045,"departement":{"code":"85","nom":"Vendée"},"region":{"code":"52","nom":"Pays de la Loire"}},{"nom":"Liez","code":"85123","codesPostaux":["85420"],"centre":{"type":"Point","coordinates":[-0.7043,46.3685]},"surface":851.22,"population":302,"departement":{"code":"85","nom":"Vendée"},"region":{"code":"52","nom":"Pays de la Loire"}},{"nom":"Loge-Fougereuse","code":"85125","codesPostaux":["85120"],"centre":{"type":"Point","coordinates":[-0.6939,46.6147]},"surface":1042.16,"population":373,"departement":{"code":"85","nom":"Vendée"},"region":{"code":"52","nom":"Pays de la Loire"}},{"nom":"Longèves","code":"85126","codesPostaux":["85200"],"centre":{"type":"Point","coordinates":[-0.861,46.4714]},"surface":1184.56,"population":1369,"departement":{"code":"85","nom":"Vendée"},"region":{"code":"52","nom":"Pays de la Loire"}},{"nom":"Longeville-sur-Mer","code":"85127","codesPostaux":["85560"],"centre":{"type":"Point","coordinates":[-1.478,46.4095]},"surface":3814.05,"population":2625,"departement":{"code":"85","nom":"Vendée"},"region":{"code":"52","nom":"Pays de la Loire"}},{"nom":"Luçon","code":"85128","codesPostaux":["85400"],"centre":{"type":"Point","coordinates":[-1.1616,46.452]},"surface":3144.24,"population":9417,"departement":{"code":"85","nom":"Vendée"},"region":{"code":"52","nom":"Pays de la Loire"}},{"nom":"Les Lucs-sur-Boulogne","code":"85129","codesPostaux":["85170"],"centre":{"type":"Point","coordinates":[-1.4938,46.8516]},"surface":5332.81,"population":3701,"departement":{"code":"85","nom":"Vendée"},"region":{"code":"52","nom":"Pays de la Loire"}},{"nom":"Maché","code":"85130","codesPostaux":["85190"],"centre":{"type":"Point","coordinates":[-1.6959,46.7717]},"surface":1821.9,"population":1831,"departement":{"code":"85","nom":"Vendée"},"region":{"code":"52","nom":"Pays de la Loire"}},{"nom":"Les Magnils-Reigniers","code":"85131","codesPostaux":["85400"],"centre":{"type":"Point","coordinates":[-1.2134,46.4585]},"surface":1807.87,"population":1486,"departement":{"code":"85","nom":"Vendée"},"region":{"code":"52","nom":"Pays de la Loire"}},{"nom":"Maillé","code":"85132","codesPostaux":["85420"],"centre":{"type":"Point","coordinates":[-0.7842,46.3435]},"surface":1763.71,"population":759,"departement":{"code":"85","nom":"Vendée"},"region":{"code":"52","nom":"Pays de la Loire"}},{"nom":"Maillezais","code":"85133","codesPostaux":["85420"],"centre":{"type":"Point","coordinates":[-0.7484,46.3637]},"surface":2045.27,"population":890,"departement":{"code":"85","nom":"Vendée"},"region":{"code":"52","nom":"Pays de la Loire"}},{"nom":"Mallièvre","code":"85134","codesPostaux":["85590"],"centre":{"type":"Point","coordinates":[-0.8653,46.9112]},"surface":20.86,"population":251,"departement":{"code":"85","nom":"Vendée"},"region":{"code":"52","nom":"Pays de la Loire"}},{"nom":"Mareuil-sur-Lay-Dissais","code":"85135","codesPostaux":["85320"],"centre":{"type":"Point","coordinates":[-1.2322,46.5321]},"surface":2590.34,"population":2808,"departement":{"code":"85","nom":"Vendée"},"region":{"code":"52","nom":"Pays de la Loire"}},{"nom":"Marillet","code":"85136","codesPostaux":["85240"],"centre":{"type":"Point","coordinates":[-0.6349,46.5675]},"surface":425.46,"population":123,"departement":{"code":"85","nom":"Vendée"},"region":{"code":"52","nom":"Pays de la Loire"}},{"nom":"Marsais-Sainte-Radégonde","code":"85137","codesPostaux":["85570"],"centre":{"type":"Point","coordinates":[-0.8712,46.5389]},"surface":1477.42,"population":553,"departement":{"code":"85","nom":"Vendée"},"region":{"code":"52","nom":"Pays de la Loire"}},{"nom":"Martinet","code":"85138","codesPostaux":["85150"],"centre":{"type":"Point","coordinates":[-1.6793,46.6638]},"surface":1838.45,"population":1229,"departement":{"code":"85","nom":"Vendée"},"region":{"code":"52","nom":"Pays de la Loire"}},{"nom":"Le Mazeau","code":"85139","codesPostaux":["85420"],"centre":{"type":"Point","coordinates":[-0.6769,46.332]},"surface":840.54,"population":464,"departement":{"code":"85","nom":"Vendée"},"region":{"code":"52","nom":"Pays de la Loire"}},{"nom":"La Meilleraie-Tillay","code":"85140","codesPostaux":["85700"],"centre":{"type":"Point","coordinates":[-0.851,46.7407]},"surface":2019.59,"population":1485,"departement":{"code":"85","nom":"Vendée"},"region":{"code":"52","nom":"Pays de la Loire"}},{"nom":"Menomblet","code":"85141","codesPostaux":["85700"],"centre":{"type":"Point","coordinates":[-0.7324,46.7334]},"surface":2128.1,"population":685,"departement":{"code":"85","nom":"Vendée"},"region":{"code":"52","nom":"Pays de la Loire"}},{"nom":"La Merlatière","code":"85142","codesPostaux":["85140"],"centre":{"type":"Point","coordinates":[-1.2968,46.7547]},"surface":1508.2,"population":1009,"departement":{"code":"85","nom":"Vendée"},"region":{"code":"52","nom":"Pays de la Loire"}},{"nom":"Mervent","code":"85143","codesPostaux":["85200"],"centre":{"type":"Point","coordinates":[-0.7529,46.5335]},"surface":2249.68,"population":1063,"departement":{"code":"85","nom":"Vendée"},"region":{"code":"52","nom":"Pays de la Loire"}},{"nom":"Mesnard-la-Barotière","code":"85144","codesPostaux":["85500"],"centre":{"type":"Point","coordinates":[-1.1072,46.8544]},"surface":1190.35,"population":1558,"departement":{"code":"85","nom":"Vendée"},"region":{"code":"52","nom":"Pays de la Loire"}},{"nom":"Monsireigne","code":"85145","codesPostaux":["85110"],"centre":{"type":"Point","coordinates":[-0.9308,46.7333]},"surface":2090.59,"population":999,"departement":{"code":"85","nom":"Vendée"},"region":{"code":"52","nom":"Pays de la Loire"}},{"nom":"Montaigu-Vendée","code":"85146","codesPostaux":["85600"],"centre":{"type":"Point","coordinates":[-1.2923,46.9741]},"surface":11822.36,"population":21134,"departement":{"code":"85","nom":"Vendée"},"region":{"code":"52","nom":"Pays de la Loire"}},{"nom":"Montournais","code":"85147","codesPostaux":["85700"],"centre":{"type":"Point","coordinates":[-0.7789,46.7539]},"surface":2948.85,"population":1630,"departement":{"code":"85","nom":"Vendée"},"region":{"code":"52","nom":"Pays de la Loire"}},{"nom":"Montreuil","code":"85148","codesPostaux":["85200"],"centre":{"type":"Point","coordinates":[-0.8407,46.3975]},"surface":1202.56,"population":818,"departement":{"code":"85","nom":"Vendée"},"region":{"code":"52","nom":"Pays de la Loire"}},{"nom":"Moreilles","code":"85149","codesPostaux":["85450"],"centre":{"type":"Point","coordinates":[-1.1009,46.4206]},"surface":1981.19,"population":407,"departement":{"code":"85","nom":"Vendée"},"region":{"code":"52","nom":"Pays de la Loire"}},{"nom":"Mortagne-sur-Sèvre","code":"85151","codesPostaux":["85290"],"centre":{"type":"Point","coordinates":[-0.9542,46.993]},"surface":2204.76,"population":6057,"departement":{"code":"85","nom":"Vendée"},"region":{"code":"52","nom":"Pays de la Loire"}},{"nom":"Les Achards","code":"85152","codesPostaux":["85150"],"centre":{"type":"Point","coordinates":[-1.6651,46.5924]},"surface":3059.09,"population":5518,"departement":{"code":"85","nom":"Vendée"},"region":{"code":"52","nom":"Pays de la Loire"}},{"nom":"Mouchamps","code":"85153","codesPostaux":["85640"],"centre":{"type":"Point","coordinates":[-1.0509,46.7899]},"surface":5496.55,"population":3015,"departement":{"code":"85","nom":"Vendée"},"region":{"code":"52","nom":"Pays de la Loire"}},{"nom":"Mouilleron-Saint-Germain","code":"85154","codesPostaux":["85390"],"centre":{"type":"Point","coordinates":[-0.8453,46.6689]},"surface":2870.54,"population":1744,"departement":{"code":"85","nom":"Vendée"},"region":{"code":"52","nom":"Pays de la Loire"}},{"nom":"Mouilleron-le-Captif","code":"85155","codesPostaux":["85000"],"centre":{"type":"Point","coordinates":[-1.4649,46.7114]},"surface":2001.81,"population":5273,"departement":{"code":"85","nom":"Vendée"},"region":{"code":"52","nom":"Pays de la Loire"}},{"nom":"Moutiers-les-Mauxfaits","code":"85156","codesPostaux":["85540"],"centre":{"type":"Point","coordinates":[-1.434,46.4888]},"surface":934.04,"population":2385,"departement":{"code":"85","nom":"Vendée"},"region":{"code":"52","nom":"Pays de la Loire"}},{"nom":"Moutiers-sur-le-Lay","code":"85157","codesPostaux":["85320"],"centre":{"type":"Point","coordinates":[-1.1722,46.5644]},"surface":1843.36,"population":843,"departement":{"code":"85","nom":"Vendée"},"region":{"code":"52","nom":"Pays de la Loire"}},{"nom":"Mouzeuil-Saint-Martin","code":"85158","codesPostaux":["85370"],"centre":{"type":"Point","coordinates":[-0.9807,46.4544]},"surface":2610.66,"population":1233,"departement":{"code":"85","nom":"Vendée"},"region":{"code":"52","nom":"Pays de la Loire"}},{"nom":"Nalliers","code":"85159","codesPostaux":["85370"],"centre":{"type":"Point","coordinates":[-1.0395,46.4639]},"surface":3282.4,"population":2389,"departement":{"code":"85","nom":"Vendée"},"region":{"code":"52","nom":"Pays de la Loire"}},{"nom":"Nesmy","code":"85160","codesPostaux":["85310"],"centre":{"type":"Point","coordinates":[-1.4107,46.5904]},"surface":2469.29,"population":3100,"departement":{"code":"85","nom":"Vendée"},"region":{"code":"52","nom":"Pays de la Loire"}},{"nom":"Nieul-le-Dolent","code":"85161","codesPostaux":["85430"],"centre":{"type":"Point","coordinates":[-1.5141,46.5688]},"surface":2805.88,"population":2571,"departement":{"code":"85","nom":"Vendée"},"region":{"code":"52","nom":"Pays de la Loire"}},{"nom":"Rives-d'Autise","code":"85162","codesPostaux":["85240","85420"],"centre":{"type":"Point","coordinates":[-0.6661,46.4185]},"surface":3213.18,"population":2036,"departement":{"code":"85","nom":"Vendée"},"region":{"code":"52","nom":"Pays de la Loire"}},{"nom":"Noirmoutier-en-l'Île","code":"85163","codesPostaux":["85330"],"centre":{"type":"Point","coordinates":[-2.2891,47.0164]},"surface":1999.85,"population":4505,"departement":{"code":"85","nom":"Vendée"},"region":{"code":"52","nom":"Pays de la Loire"}},{"nom":"Notre-Dame-de-Monts","code":"85164","codesPostaux":["85690"],"centre":{"type":"Point","coordinates":[-2.103,46.8398]},"surface":2080.79,"population":2420,"departement":{"code":"85","nom":"Vendée"},"region":{"code":"52","nom":"Pays de la Loire"}},{"nom":"L'Oie","code":"85165","codesPostaux":["85140"],"centre":{"type":"Point","coordinates":[-1.121,46.7799]},"surface":1430.23,"population":1250,"departement":{"code":"85","nom":"Vendée"},"region":{"code":"52","nom":"Pays de la Loire"}},{"nom":"L'Orbrie","code":"85167","codesPostaux":["85200"],"centre":{"type":"Point","coordinates":[-0.7742,46.4988]},"surface":967.27,"population":808,"departement":{"code":"85","nom":"Vendée"},"region":{"code":"52","nom":"Pays de la Loire"}},{"nom":"Palluau","code":"85169","codesPostaux":["85670"],"centre":{"type":"Point","coordinates":[-1.6033,46.8075]},"surface":755.75,"population":1128,"departement":{"code":"85","nom":"Vendée"},"region":{"code":"52","nom":"Pays de la Loire"}},{"nom":"Péault","code":"85171","codesPostaux":["85320"],"centre":{"type":"Point","coordinates":[-1.2291,46.5028]},"surface":911.5,"population":629,"departement":{"code":"85","nom":"Vendée"},"region":{"code":"52","nom":"Pays de la Loire"}},{"nom":"Le Perrier","code":"85172","codesPostaux":["85300"],"centre":{"type":"Point","coordinates":[-1.9671,46.8098]},"surface":3301.81,"population":2280,"departement":{"code":"85","nom":"Vendée"},"region":{"code":"52","nom":"Pays de la Loire"}},{"nom":"Petosse","code":"85174","codesPostaux":["85570"],"centre":{"type":"Point","coordinates":[-0.9133,46.4797]},"surface":1594.71,"population":688,"departement":{"code":"85","nom":"Vendée"},"region":{"code":"52","nom":"Pays de la Loire"}},{"nom":"Les Pineaux","code":"85175","codesPostaux":["85320"],"centre":{"type":"Point","coordinates":[-1.1739,46.5988]},"surface":1731.74,"population":688,"departement":{"code":"85","nom":"Vendée"},"region":{"code":"52","nom":"Pays de la Loire"}},{"nom":"Pissotte","code":"85176","codesPostaux":["85200"],"centre":{"type":"Point","coordinates":[-0.8106,46.5035]},"surface":1201.08,"population":1132,"departement":{"code":"85","nom":"Vendée"},"region":{"code":"52","nom":"Pays de la Loire"}},{"nom":"Les Velluire-sur-Vendée","code":"85177","codesPostaux":["85770"],"centre":{"type":"Point","coordinates":[-0.904,46.4152]},"surface":2656.49,"population":1358,"departement":{"code":"85","nom":"Vendée"},"region":{"code":"52","nom":"Pays de la Loire"}},{"nom":"Le Poiré-sur-Vie","code":"85178","codesPostaux":["85170"],"centre":{"type":"Point","coordinates":[-1.5016,46.7681]},"surface":7213.41,"population":8649,"departement":{"code":"85","nom":"Vendée"},"region":{"code":"52","nom":"Pays de la Loire"}},{"nom":"Poiroux","code":"85179","codesPostaux":["85440"],"centre":{"type":"Point","coordinates":[-1.5378,46.5086]},"surface":2580.32,"population":1246,"departement":{"code":"85","nom":"Vendée"},"region":{"code":"52","nom":"Pays de la Loire"}},{"nom":"Pouillé","code":"85181","codesPostaux":["85570"],"centre":{"type":"Point","coordinates":[-0.9587,46.5034]},"surface":1724.27,"population":630,"departement":{"code":"85","nom":"Vendée"},"region":{"code":"52","nom":"Pays de la Loire"}},{"nom":"Pouzauges","code":"85182","codesPostaux":["85700"],"centre":{"type":"Point","coordinates":[-0.8228,46.7767]},"surface":3662.49,"population":5668,"departement":{"code":"85","nom":"Vendée"},"region":{"code":"52","nom":"Pays de la Loire"}},{"nom":"Puy-de-Serre","code":"85184","codesPostaux":["85240"],"centre":{"type":"Point","coordinates":[-0.6796,46.5637]},"surface":1387.39,"population":311,"departement":{"code":"85","nom":"Vendée"},"region":{"code":"52","nom":"Pays de la Loire"}},{"nom":"Puyravault","code":"85185","codesPostaux":["85450"],"centre":{"type":"Point","coordinates":[-1.1,46.3597]},"surface":1691.48,"population":642,"departement":{"code":"85","nom":"Vendée"},"region":{"code":"52","nom":"Pays de la Loire"}},{"nom":"La Rabatelière","code":"85186","codesPostaux":["85250"],"centre":{"type":"Point","coordinates":[-1.2571,46.8601]},"surface":825.87,"population":1024,"departement":{"code":"85","nom":"Vendée"},"region":{"code":"52","nom":"Pays de la Loire"}},{"nom":"Réaumur","code":"85187","codesPostaux":["85700"],"centre":{"type":"Point","coordinates":[-0.8126,46.7158]},"surface":2227.02,"population":857,"departement":{"code":"85","nom":"Vendée"},"region":{"code":"52","nom":"Pays de la Loire"}},{"nom":"La Réorthe","code":"85188","codesPostaux":["85210"],"centre":{"type":"Point","coordinates":[-1.0496,46.6088]},"surface":2418.72,"population":1161,"departement":{"code":"85","nom":"Vendée"},"region":{"code":"52","nom":"Pays de la Loire"}},{"nom":"Notre-Dame-de-Riez","code":"85189","codesPostaux":["85270"],"centre":{"type":"Point","coordinates":[-1.9024,46.7537]},"surface":1475.68,"population":2213,"departement":{"code":"85","nom":"Vendée"},"region":{"code":"52","nom":"Pays de la Loire"}},{"nom":"Rocheservière","code":"85190","codesPostaux":["85620"],"centre":{"type":"Point","coordinates":[-1.5017,46.9227]},"surface":2828.74,"population":3594,"departement":{"code":"85","nom":"Vendée"},"region":{"code":"52","nom":"Pays de la Loire"}},{"nom":"La Roche-sur-Yon","code":"85191","codesPostaux":["85000"],"centre":{"type":"Point","coordinates":[-1.4162,46.6659]},"surface":8798.97,"population":54849,"departement":{"code":"85","nom":"Vendée"},"region":{"code":"52","nom":"Pays de la Loire"}},{"nom":"Rochetrejoux","code":"85192","codesPostaux":["85510"],"centre":{"type":"Point","coordinates":[-1.002,46.7869]},"surface":1111.72,"population":983,"departement":{"code":"85","nom":"Vendée"},"region":{"code":"52","nom":"Pays de la Loire"}},{"nom":"Rosnay","code":"85193","codesPostaux":["85320"],"centre":{"type":"Point","coordinates":[-1.3051,46.5319]},"surface":1421.04,"population":672,"departement":{"code":"85","nom":"Vendée"},"region":{"code":"52","nom":"Pays de la Loire"}},{"nom":"Les Sables-d'Olonne","code":"85194","codesPostaux":["85100","85180","85340"],"centre":{"type":"Point","coordinates":[-1.7611,46.5264]},"surface":8589.15,"population":49603,"departement":{"code":"85","nom":"Vendée"},"region":{"code":"52","nom":"Pays de la Loire"}},{"nom":"Saint-André-Goule-d'Oie","code":"85196","codesPostaux":["85250"],"centre":{"type":"Point","coordinates":[-1.1977,46.8445]},"surface":2045.87,"population":1960,"departement":{"code":"85","nom":"Vendée"},"region":{"code":"52","nom":"Pays de la Loire"}},{"nom":"Montréverd","code":"85197","codesPostaux":["85260"],"centre":{"type":"Point","coordinates":[-1.4314,46.9104]},"surface":4880.62,"population":3857,"departement":{"code":"85","nom":"Vendée"},"region":{"code":"52","nom":"Pays de la Loire"}},{"nom":"Saint-Aubin-des-Ormeaux","code":"85198","codesPostaux":["85130"],"centre":{"type":"Point","coordinates":[-1.0389,46.9953]},"surface":1266.58,"population":1394,"departement":{"code":"85","nom":"Vendée"},"region":{"code":"52","nom":"Pays de la Loire"}},{"nom":"Saint-Aubin-la-Plaine","code":"85199","codesPostaux":["85210"],"centre":{"type":"Point","coordinates":[-1.0661,46.5002]},"surface":1163.97,"population":529,"departement":{"code":"85","nom":"Vendée"},"region":{"code":"52","nom":"Pays de la Loire"}},{"nom":"Saint-Avaugourd-des-Landes","code":"85200","codesPostaux":["85540"],"centre":{"type":"Point","coordinates":[-1.4741,46.5096]},"surface":2088.85,"population":1213,"departement":{"code":"85","nom":"Vendée"},"region":{"code":"52","nom":"Pays de la Loire"}},{"nom":"Saint-Benoist-sur-Mer","code":"85201","codesPostaux":["85540"],"centre":{"type":"Point","coordinates":[-1.3387,46.4245]},"surface":1563.72,"population":515,"departement":{"code":"85","nom":"Vendée"},"region":{"code":"52","nom":"Pays de la Loire"}},{"nom":"Sainte-Cécile","code":"85202","codesPostaux":["85110"],"centre":{"type":"Point","coordinates":[-1.1196,46.7295]},"surface":3213.1,"population":1575,"departement":{"code":"85","nom":"Vendée"},"region":{"code":"52","nom":"Pays de la Loire"}},{"nom":"Saint-Christophe-du-Ligneron","code":"85204","codesPostaux":["85670"],"centre":{"type":"Point","coordinates":[-1.7387,46.8142]},"surface":4233.71,"population":2727,"departement":{"code":"85","nom":"Vendée"},"region":{"code":"52","nom":"Pays de la Loire"}},{"nom":"Saint-Cyr-des-Gâts","code":"85205","codesPostaux":["85410"],"centre":{"type":"Point","coordinates":[-0.864,46.5735]},"surface":2102.54,"population":533,"departement":{"code":"85","nom":"Vendée"},"region":{"code":"52","nom":"Pays de la Loire"}},{"nom":"Saint-Cyr-en-Talmondais","code":"85206","codesPostaux":["85540"],"centre":{"type":"Point","coordinates":[-1.3294,46.4581]},"surface":1396.86,"population":403,"departement":{"code":"85","nom":"Vendée"},"region":{"code":"52","nom":"Pays de la Loire"}},{"nom":"Saint-Denis-du-Payré","code":"85207","codesPostaux":["85580"],"centre":{"type":"Point","coordinates":[-1.2769,46.4085]},"surface":1628.93,"population":434,"departement":{"code":"85","nom":"Vendée"},"region":{"code":"52","nom":"Pays de la Loire"}},{"nom":"Saint-Denis-la-Chevasse","code":"85208","codesPostaux":["85170"],"centre":{"type":"Point","coordinates":[-1.3846,46.8332]},"surface":4002.23,"population":2419,"departement":{"code":"85","nom":"Vendée"},"region":{"code":"52","nom":"Pays de la Loire"}},{"nom":"Saint-Étienne-de-Brillouet","code":"85209","codesPostaux":["85210"],"centre":{"type":"Point","coordinates":[-1.0098,46.5145]},"surface":1897.51,"population":616,"departement":{"code":"85","nom":"Vendée"},"region":{"code":"52","nom":"Pays de la Loire"}},{"nom":"Saint-Étienne-du-Bois","code":"85210","codesPostaux":["85670"],"centre":{"type":"Point","coordinates":[-1.5882,46.8398]},"surface":2962.59,"population":2311,"departement":{"code":"85","nom":"Vendée"},"region":{"code":"52","nom":"Pays de la Loire"}},{"nom":"Sainte-Flaive-des-Loups","code":"85211","codesPostaux":["85150"],"centre":{"type":"Point","coordinates":[-1.5786,46.6068]},"surface":3632.11,"population":2585,"departement":{"code":"85","nom":"Vendée"},"region":{"code":"52","nom":"Pays de la Loire"}},{"nom":"Sainte-Florence","code":"85212","codesPostaux":["85140"],"centre":{"type":"Point","coordinates":[-1.1578,46.79]},"surface":1735.87,"population":1359,"departement":{"code":"85","nom":"Vendée"},"region":{"code":"52","nom":"Pays de la Loire"}},{"nom":"Rives de l'Yon","code":"85213","codesPostaux":["85310"],"centre":{"type":"Point","coordinates":[-1.3345,46.5896]},"surface":5456.55,"population":4335,"departement":{"code":"85","nom":"Vendée"},"region":{"code":"52","nom":"Pays de la Loire"}},{"nom":"Sainte-Foy","code":"85214","codesPostaux":["85150"],"centre":{"type":"Point","coordinates":[-1.6989,46.5316]},"surface":1576.45,"population":2717,"departement":{"code":"85","nom":"Vendée"},"region":{"code":"52","nom":"Pays de la Loire"}},{"nom":"Saint-Fulgent","code":"85215","codesPostaux":["85250"],"centre":{"type":"Point","coordinates":[-1.1627,46.8724]},"surface":3684.2,"population":3994,"departement":{"code":"85","nom":"Vendée"},"region":{"code":"52","nom":"Pays de la Loire"}},{"nom":"Sainte-Gemme-la-Plaine","code":"85216","codesPostaux":["85400"],"centre":{"type":"Point","coordinates":[-1.113,46.4733]},"surface":3559.19,"population":2084,"departement":{"code":"85","nom":"Vendée"},"region":{"code":"52","nom":"Pays de la Loire"}},{"nom":"Saint-Georges-de-Pointindoux","code":"85218","codesPostaux":["85150"],"centre":{"type":"Point","coordinates":[-1.6283,46.6432]},"surface":1560.19,"population":1870,"departement":{"code":"85","nom":"Vendée"},"region":{"code":"52","nom":"Pays de la Loire"}},{"nom":"Saint-Germain-de-Prinçay","code":"85220","codesPostaux":["85110"],"centre":{"type":"Point","coordinates":[-1.0414,46.7334]},"surface":2482.97,"population":1640,"departement":{"code":"85","nom":"Vendée"},"region":{"code":"52","nom":"Pays de la Loire"}},{"nom":"Saint-Gervais","code":"85221","codesPostaux":["85230"],"centre":{"type":"Point","coordinates":[-1.9826,46.9323]},"surface":4239.91,"population":2781,"departement":{"code":"85","nom":"Vendée"},"region":{"code":"52","nom":"Pays de la Loire"}},{"nom":"Saint-Gilles-Croix-de-Vie","code":"85222","codesPostaux":["85800"],"centre":{"type":"Point","coordinates":[-1.9207,46.688]},"surface":1014.48,"population":8333,"departement":{"code":"85","nom":"Vendée"},"region":{"code":"52","nom":"Pays de la Loire"}},{"nom":"Saint-Jean-d'Hermine","code":"85223","codesPostaux":["85210"],"centre":{"type":"Point","coordinates":[-1.0881,46.5519]},"surface":4825.09,"population":3611,"departement":{"code":"85","nom":"Vendée"},"region":{"code":"52","nom":"Pays de la Loire"}},{"nom":"Saint-Hilaire-de-Riez","code":"85226","codesPostaux":["85270"],"centre":{"type":"Point","coordinates":[-1.9796,46.7452]},"surface":4874.51,"population":13074,"departement":{"code":"85","nom":"Vendée"},"region":{"code":"52","nom":"Pays de la Loire"}},{"nom":"Saint-Hilaire-des-Loges","code":"85227","codesPostaux":["85240"],"centre":{"type":"Point","coordinates":[-0.6526,46.4775]},"surface":3537.83,"population":1917,"departement":{"code":"85","nom":"Vendée"},"region":{"code":"52","nom":"Pays de la Loire"}},{"nom":"Saint-Hilaire-de-Voust","code":"85229","codesPostaux":["85120"],"centre":{"type":"Point","coordinates":[-0.6513,46.589]},"surface":1882.46,"population":642,"departement":{"code":"85","nom":"Vendée"},"region":{"code":"52","nom":"Pays de la Loire"}},{"nom":"Saint-Hilaire-la-Forêt","code":"85231","codesPostaux":["85440"],"centre":{"type":"Point","coordinates":[-1.5272,46.4553]},"surface":1097.76,"population":846,"departement":{"code":"85","nom":"Vendée"},"region":{"code":"52","nom":"Pays de la Loire"}},{"nom":"Saint-Hilaire-le-Vouhis","code":"85232","codesPostaux":["85480"],"centre":{"type":"Point","coordinates":[-1.1572,46.6855]},"surface":2918.67,"population":1101,"departement":{"code":"85","nom":"Vendée"},"region":{"code":"52","nom":"Pays de la Loire"}},{"nom":"Saint-Jean-de-Monts","code":"85234","codesPostaux":["85160"],"centre":{"type":"Point","coordinates":[-2.0527,46.8009]},"surface":6242.77,"population":8868,"departement":{"code":"85","nom":"Vendée"},"region":{"code":"52","nom":"Pays de la Loire"}},{"nom":"Saint-Juire-Champgillon","code":"85235","codesPostaux":["85210"],"centre":{"type":"Point","coordinates":[-1.008,46.5912]},"surface":2072.62,"population":425,"departement":{"code":"85","nom":"Vendée"},"region":{"code":"52","nom":"Pays de la Loire"}},{"nom":"Saint-Julien-des-Landes","code":"85236","codesPostaux":["85150"],"centre":{"type":"Point","coordinates":[-1.7164,46.6393]},"surface":2846.98,"population":2085,"departement":{"code":"85","nom":"Vendée"},"region":{"code":"52","nom":"Pays de la Loire"}},{"nom":"Saint-Laurent-de-la-Salle","code":"85237","codesPostaux":["85410"],"centre":{"type":"Point","coordinates":[-0.9205,46.5859]},"surface":1937.86,"population":398,"departement":{"code":"85","nom":"Vendée"},"region":{"code":"52","nom":"Pays de la Loire"}},{"nom":"Saint-Laurent-sur-Sèvre","code":"85238","codesPostaux":["85290"],"centre":{"type":"Point","coordinates":[-0.8996,46.9506]},"surface":1558.68,"population":3550,"departement":{"code":"85","nom":"Vendée"},"region":{"code":"52","nom":"Pays de la Loire"}},{"nom":"Saint-Maixent-sur-Vie","code":"85239","codesPostaux":["85220"],"centre":{"type":"Point","coordinates":[-1.8254,46.7331]},"surface":1079.06,"population":1234,"departement":{"code":"85","nom":"Vendée"},"region":{"code":"52","nom":"Pays de la Loire"}},{"nom":"Saint-Malô-du-Bois","code":"85240","codesPostaux":["85590"],"centre":{"type":"Point","coordinates":[-0.9058,46.9266]},"surface":1424.98,"population":1612,"departement":{"code":"85","nom":"Vendée"},"region":{"code":"52","nom":"Pays de la Loire"}},{"nom":"Saint-Mars-la-Réorthe","code":"85242","codesPostaux":["85590"],"centre":{"type":"Point","coordinates":[-0.9298,46.8605]},"surface":927.42,"population":1042,"departement":{"code":"85","nom":"Vendée"},"region":{"code":"52","nom":"Pays de la Loire"}},{"nom":"Brem-sur-Mer","code":"85243","codesPostaux":["85470"],"centre":{"type":"Point","coordinates":[-1.8081,46.6085]},"surface":1623.01,"population":2993,"departement":{"code":"85","nom":"Vendée"},"region":{"code":"52","nom":"Pays de la Loire"}},{"nom":"Saint-Martin-de-Fraigneau","code":"85244","codesPostaux":["85200"],"centre":{"type":"Point","coordinates":[-0.7623,46.4308]},"surface":1355,"population":795,"departement":{"code":"85","nom":"Vendée"},"region":{"code":"52","nom":"Pays de la Loire"}},{"nom":"Saint-Martin-des-Fontaines","code":"85245","codesPostaux":["85570"],"centre":{"type":"Point","coordinates":[-0.9085,46.5468]},"surface":562.27,"population":166,"departement":{"code":"85","nom":"Vendée"},"region":{"code":"52","nom":"Pays de la Loire"}},{"nom":"Saint-Martin-des-Noyers","code":"85246","codesPostaux":["85140"],"centre":{"type":"Point","coordinates":[-1.2009,46.7216]},"surface":4151.75,"population":2560,"departement":{"code":"85","nom":"Vendée"},"region":{"code":"52","nom":"Pays de la Loire"}},{"nom":"Saint-Martin-des-Tilleuls","code":"85247","codesPostaux":["85130"],"centre":{"type":"Point","coordinates":[-1.0611,46.9723]},"surface":1405.72,"population":1150,"departement":{"code":"85","nom":"Vendée"},"region":{"code":"52","nom":"Pays de la Loire"}},{"nom":"Saint-Martin-Lars-en-Sainte-Hermine","code":"85248","codesPostaux":["85210"],"centre":{"type":"Point","coordinates":[-0.9772,46.596]},"surface":1888.03,"population":419,"departement":{"code":"85","nom":"Vendée"},"region":{"code":"52","nom":"Pays de la Loire"}},{"nom":"Saint-Mathurin","code":"85250","codesPostaux":["85150"],"centre":{"type":"Point","coordinates":[-1.7069,46.5719]},"surface":2394.57,"population":2496,"departement":{"code":"85","nom":"Vendée"},"region":{"code":"52","nom":"Pays de la Loire"}},{"nom":"Saint-Maurice-des-Noues","code":"85251","codesPostaux":["85120"],"centre":{"type":"Point","coordinates":[-0.7235,46.5956]},"surface":2157.98,"population":642,"departement":{"code":"85","nom":"Vendée"},"region":{"code":"52","nom":"Pays de la Loire"}},{"nom":"Saint-Maurice-le-Girard","code":"85252","codesPostaux":["85390"],"centre":{"type":"Point","coordinates":[-0.8137,46.6398]},"surface":1150.63,"population":597,"departement":{"code":"85","nom":"Vendée"},"region":{"code":"52","nom":"Pays de la Loire"}},{"nom":"Saint-Mesmin","code":"85254","codesPostaux":["85700"],"centre":{"type":"Point","coordinates":[-0.7484,46.8001]},"surface":2652.91,"population":1774,"departement":{"code":"85","nom":"Vendée"},"region":{"code":"52","nom":"Pays de la Loire"}},{"nom":"Saint-Michel-en-l'Herm","code":"85255","codesPostaux":["85580"],"centre":{"type":"Point","coordinates":[-1.2531,46.3405]},"surface":5756.13,"population":2329,"departement":{"code":"85","nom":"Vendée"},"region":{"code":"52","nom":"Pays de la Loire"}},{"nom":"Saint-Michel-le-Cloucq","code":"85256","codesPostaux":["85200"],"centre":{"type":"Point","coordinates":[-0.7468,46.4907]},"surface":1769.49,"population":1253,"departement":{"code":"85","nom":"Vendée"},"region":{"code":"52","nom":"Pays de la Loire"}},{"nom":"Saint-Paul-en-Pareds","code":"85259","codesPostaux":["85500"],"centre":{"type":"Point","coordinates":[-0.9684,46.8308]},"surface":1230.91,"population":1377,"departement":{"code":"85","nom":"Vendée"},"region":{"code":"52","nom":"Pays de la Loire"}},{"nom":"Saint-Paul-Mont-Penit","code":"85260","codesPostaux":["85670"],"centre":{"type":"Point","coordinates":[-1.6665,46.8101]},"surface":1687.57,"population":880,"departement":{"code":"85","nom":"Vendée"},"region":{"code":"52","nom":"Pays de la Loire"}},{"nom":"Sainte-Pexine","code":"85261","codesPostaux":["85320"],"centre":{"type":"Point","coordinates":[-1.1251,46.5615]},"surface":1601.86,"population":291,"departement":{"code":"85","nom":"Vendée"},"region":{"code":"52","nom":"Pays de la Loire"}},{"nom":"Saint-Philbert-de-Bouaine","code":"85262","codesPostaux":["85660"],"centre":{"type":"Point","coordinates":[-1.5066,46.9942]},"surface":5046.34,"population":3653,"departement":{"code":"85","nom":"Vendée"},"region":{"code":"52","nom":"Pays de la Loire"}},{"nom":"Saint-Pierre-du-Chemin","code":"85264","codesPostaux":["85120"],"centre":{"type":"Point","coordinates":[-0.7091,46.6969]},"surface":2981.08,"population":1354,"departement":{"code":"85","nom":"Vendée"},"region":{"code":"52","nom":"Pays de la Loire"}},{"nom":"Saint-Pierre-le-Vieux","code":"85265","codesPostaux":["85420"],"centre":{"type":"Point","coordinates":[-0.7417,46.4006]},"surface":2342.06,"population":917,"departement":{"code":"85","nom":"Vendée"},"region":{"code":"52","nom":"Pays de la Loire"}},{"nom":"Saint-Prouant","code":"85266","codesPostaux":["85110"],"centre":{"type":"Point","coordinates":[-0.9715,46.7488]},"surface":1294.81,"population":1666,"departement":{"code":"85","nom":"Vendée"},"region":{"code":"52","nom":"Pays de la Loire"}},{"nom":"Sainte-Radégonde-des-Noyers","code":"85267","codesPostaux":["85450"],"centre":{"type":"Point","coordinates":[-1.0718,46.3756]},"surface":3126.15,"population":990,"departement":{"code":"85","nom":"Vendée"},"region":{"code":"52","nom":"Pays de la Loire"}},{"nom":"Saint-Révérend","code":"85268","codesPostaux":["85220"],"centre":{"type":"Point","coordinates":[-1.8354,46.7064]},"surface":1580.42,"population":1549,"departement":{"code":"85","nom":"Vendée"},"region":{"code":"52","nom":"Pays de la Loire"}},{"nom":"Saint-Sigismond","code":"85269","codesPostaux":["85420"],"centre":{"type":"Point","coordinates":[-0.7055,46.338]},"surface":1032.96,"population":428,"departement":{"code":"85","nom":"Vendée"},"region":{"code":"52","nom":"Pays de la Loire"}},{"nom":"Saint-Urbain","code":"85273","codesPostaux":["85230"],"centre":{"type":"Point","coordinates":[-2.0026,46.8809]},"surface":1654.87,"population":2000,"departement":{"code":"85","nom":"Vendée"},"region":{"code":"52","nom":"Pays de la Loire"}},{"nom":"Saint-Valérien","code":"85274","codesPostaux":["85570"],"centre":{"type":"Point","coordinates":[-0.9469,46.5345]},"surface":1460.3,"population":557,"departement":{"code":"85","nom":"Vendée"},"region":{"code":"52","nom":"Pays de la Loire"}},{"nom":"Saint-Vincent-Sterlanges","code":"85276","codesPostaux":["85110"],"centre":{"type":"Point","coordinates":[-1.0837,46.7388]},"surface":453.13,"population":747,"departement":{"code":"85","nom":"Vendée"},"region":{"code":"52","nom":"Pays de la Loire"}},{"nom":"Saint-Vincent-sur-Graon","code":"85277","codesPostaux":["85540"],"centre":{"type":"Point","coordinates":[-1.3786,46.5062]},"surface":4900.71,"population":1615,"departement":{"code":"85","nom":"Vendée"},"region":{"code":"52","nom":"Pays de la Loire"}},{"nom":"Saint-Vincent-sur-Jard","code":"85278","codesPostaux":["85520"],"centre":{"type":"Point","coordinates":[-1.5506,46.4291]},"surface":1465.45,"population":1741,"departement":{"code":"85","nom":"Vendée"},"region":{"code":"52","nom":"Pays de la Loire"}},{"nom":"Sallertaine","code":"85280","codesPostaux":["85300"],"centre":{"type":"Point","coordinates":[-1.958,46.867]},"surface":4982.93,"population":3518,"departement":{"code":"85","nom":"Vendée"},"region":{"code":"52","nom":"Pays de la Loire"}},{"nom":"Sérigné","code":"85281","codesPostaux":["85200"],"centre":{"type":"Point","coordinates":[-0.8497,46.5077]},"surface":1848.37,"population":1048,"departement":{"code":"85","nom":"Vendée"},"region":{"code":"52","nom":"Pays de la Loire"}},{"nom":"Sigournais","code":"85282","codesPostaux":["85110"],"centre":{"type":"Point","coordinates":[-0.9894,46.7136]},"surface":1848.1,"population":999,"departement":{"code":"85","nom":"Vendée"},"region":{"code":"52","nom":"Pays de la Loire"}},{"nom":"Soullans","code":"85284","codesPostaux":["85300"],"centre":{"type":"Point","coordinates":[-1.9086,46.7921]},"surface":4148.69,"population":4654,"departement":{"code":"85","nom":"Vendée"},"region":{"code":"52","nom":"Pays de la Loire"}},{"nom":"Le Tablier","code":"85285","codesPostaux":["85310"],"centre":{"type":"Point","coordinates":[-1.327,46.5593]},"surface":926.69,"population":765,"departement":{"code":"85","nom":"Vendée"},"region":{"code":"52","nom":"Pays de la Loire"}},{"nom":"La Taillée","code":"85286","codesPostaux":["85450"],"centre":{"type":"Point","coordinates":[-0.9395,46.3858]},"surface":1156.42,"population":550,"departement":{"code":"85","nom":"Vendée"},"region":{"code":"52","nom":"Pays de la Loire"}},{"nom":"Tallud-Sainte-Gemme","code":"85287","codesPostaux":["85390"],"centre":{"type":"Point","coordinates":[-0.8987,46.6972]},"surface":1870.57,"population":453,"departement":{"code":"85","nom":"Vendée"},"region":{"code":"52","nom":"Pays de la Loire"}},{"nom":"Talmont-Saint-Hilaire","code":"85288","codesPostaux":["85440"],"centre":{"type":"Point","coordinates":[-1.6299,46.4775]},"surface":9041.45,"population":8492,"departement":{"code":"85","nom":"Vendée"},"region":{"code":"52","nom":"Pays de la Loire"}},{"nom":"Terval","code":"85289","codesPostaux":["85120"],"centre":{"type":"Point","coordinates":[-0.692,46.6467]},"surface":4612.77,"population":2147,"departement":{"code":"85","nom":"Vendée"},"region":{"code":"52","nom":"Pays de la Loire"}},{"nom":"Thiré","code":"85290","codesPostaux":["85210"],"centre":{"type":"Point","coordinates":[-1.0128,46.5425]},"surface":1161.03,"population":532,"departement":{"code":"85","nom":"Vendée"},"region":{"code":"52","nom":"Pays de la Loire"}},{"nom":"Thorigny","code":"85291","codesPostaux":["85480"],"centre":{"type":"Point","coordinates":[-1.2441,46.6153]},"surface":3219.38,"population":1275,"departement":{"code":"85","nom":"Vendée"},"region":{"code":"52","nom":"Pays de la Loire"}},{"nom":"Rives-du-Fougerais","code":"85292","codesPostaux":["85410"],"centre":{"type":"Point","coordinates":[-0.8421,46.6013]},"surface":4310.61,"population":1500,"departement":{"code":"85","nom":"Vendée"},"region":{"code":"52","nom":"Pays de la Loire"}},{"nom":"Tiffauges","code":"85293","codesPostaux":["85130"],"centre":{"type":"Point","coordinates":[-1.1033,47.0016]},"surface":987.46,"population":1544,"departement":{"code":"85","nom":"Vendée"},"region":{"code":"52","nom":"Pays de la Loire"}},{"nom":"La Tranche-sur-Mer","code":"85294","codesPostaux":["85360"],"centre":{"type":"Point","coordinates":[-1.4193,46.3567]},"surface":2096.2,"population":3136,"departement":{"code":"85","nom":"Vendée"},"region":{"code":"52","nom":"Pays de la Loire"}},{"nom":"Treize-Septiers","code":"85295","codesPostaux":["85600"],"centre":{"type":"Point","coordinates":[-1.2268,47.0016]},"surface":2234.17,"population":3416,"departement":{"code":"85","nom":"Vendée"},"region":{"code":"52","nom":"Pays de la Loire"}},{"nom":"Treize-Vents","code":"85296","codesPostaux":["85590"],"centre":{"type":"Point","coordinates":[-0.8448,46.9161]},"surface":1914.16,"population":1226,"departement":{"code":"85","nom":"Vendée"},"region":{"code":"52","nom":"Pays de la Loire"}},{"nom":"Triaize","code":"85297","codesPostaux":["85580"],"centre":{"type":"Point","coordinates":[-1.2052,46.3766]},"surface":5688.66,"population":1071,"departement":{"code":"85","nom":"Vendée"},"region":{"code":"52","nom":"Pays de la Loire"}},{"nom":"Vairé","code":"85298","codesPostaux":["85150"],"centre":{"type":"Point","coordinates":[-1.7506,46.604]},"surface":2827.01,"population":1960,"departement":{"code":"85","nom":"Vendée"},"region":{"code":"52","nom":"Pays de la Loire"}},{"nom":"Venansault","code":"85300","codesPostaux":["85190"],"centre":{"type":"Point","coordinates":[-1.5417,46.6816]},"surface":4474.02,"population":4757,"departement":{"code":"85","nom":"Vendée"},"region":{"code":"52","nom":"Pays de la Loire"}},{"nom":"Vendrennes","code":"85301","codesPostaux":["85250"],"centre":{"type":"Point","coordinates":[-1.1176,46.8188]},"surface":1711.97,"population":1799,"departement":{"code":"85","nom":"Vendée"},"region":{"code":"52","nom":"Pays de la Loire"}},{"nom":"Chanverrie","code":"85302","codesPostaux":["85130","85500"],"centre":{"type":"Point","coordinates":[-0.9857,46.9468]},"surface":5933.93,"population":5653,"departement":{"code":"85","nom":"Vendée"},"region":{"code":"52","nom":"Pays de la Loire"}},{"nom":"Vix","code":"85303","codesPostaux":["85770"],"centre":{"type":"Point","coordinates":[-0.8525,46.3528]},"surface":2886.93,"population":1835,"departement":{"code":"85","nom":"Vendée"},"region":{"code":"52","nom":"Pays de la Loire"}},{"nom":"Vouillé-les-Marais","code":"85304","codesPostaux":["85450"],"centre":{"type":"Point","coordinates":[-0.961,46.3901]},"surface":907.04,"population":806,"departement":{"code":"85","nom":"Vendée"},"region":{"code":"52","nom":"Pays de la Loire"}},{"nom":"Vouvant","code":"85305","codesPostaux":["85120"],"centre":{"type":"Point","coordinates":[-0.7614,46.5554]},"surface":2038.14,"population":829,"departement":{"code":"85","nom":"Vendée"},"region":{"code":"52","nom":"Pays de la Loire"}},{"nom":"Xanton-Chassenon","code":"85306","codesPostaux":["85240"],"centre":{"type":"Point","coordinates":[-0.7027,46.453]},"surface":1939.46,"population":743,"departement":{"code":"85","nom":"Vendée"},"region":{"code":"52","nom":"Pays de la Loire"}}]