[{"nom":"Ahun","code":"23001","codesPostaux":["23150"],"centre":{"type":"Point","coordinates":[2.0241,46.0917]},"surface":3400.87,"population":1394,"departement":{"code":"23","nom":"Creuse"},"region":{"code":"75","nom":"Nouvelle-Aquitaine"}},{"nom":"Ajain","code":"23002","codesPostaux":["23380"],"centre":{"type":"Point","coordinates":[2.0002,46.2104]},"surface":3313.15,"population":1019,"departement":{"code":"23","nom":"Creuse"},"region":{"code":"75","nom":"Nouvelle-Aquitaine"}},{"nom":"Alleyrat","code":"23003","codesPostaux":["23200"],"centre":{"type":"Point","coordinates":[2.1529,45.9862]},"surface":949.24,"population":144,"departement":{"code":"23","nom":"Creuse"},"region":{"code":"75","nom":"Nouvelle-Aquitaine"}},{"nom":"Anzême","code":"23004","codesPostaux":["23000"],"centre":{"type":"Point","coordinates":[1.8528,46.2592]},"surface":2955.16,"population":551,"departement":{"code":"23","nom":"Creuse"},"region":{"code":"75","nom":"Nouvelle-Aquitaine"}},{"nom":"Arfeuille-Châtain","code":"23005","codesPostaux":["23700"],"centre":{"type":"Point","coordinates":[2.4362,46.0616]},"surface":2054.33,"population":193,"departement":{"code":"23","nom":"Creuse"},"region":{"code":"75","nom":"Nouvelle-Aquitaine"}},{"nom":"Arrènes","code":"23006","codesPostaux":["23210"],"centre":{"type":"Point","coordinates":[1.5683,46.0714]},"surface":2249.45,"population":202,"departement":{"code":"23","nom":"Creuse"},"region":{"code":"75","nom":"Nouvelle-Aquitaine"}},{"nom":"Ars","code":"23007","codesPostaux":["23480"],"centre":{"type":"Point","coordinates":[2.0829,46.0034]},"surface":2175.79,"population":239,"departement":{"code":"23","nom":"Creuse"},"region":{"code":"75","nom":"Nouvelle-Aquitaine"}},{"nom":"Aubusson","code":"23008","codesPostaux":["23200"],"centre":{"type":"Point","coordinates":[2.1701,45.9472]},"surface":1918.92,"population":3018,"departement":{"code":"23","nom":"Creuse"},"region":{"code":"75","nom":"Nouvelle-Aquitaine"}},{"nom":"Auge","code":"23009","codesPostaux":["23170"],"centre":{"type":"Point","coordinates":[2.3295,46.2365]},"surface":1001.4,"population":92,"departement":{"code":"23","nom":"Creuse"},"region":{"code":"75","nom":"Nouvelle-Aquitaine"}},{"nom":"Augères","code":"23010","codesPostaux":["23210"],"centre":{"type":"Point","coordinates":[1.7281,46.0781]},"surface":1250.91,"population":117,"departement":{"code":"23","nom":"Creuse"},"region":{"code":"75","nom":"Nouvelle-Aquitaine"}},{"nom":"Aulon","code":"23011","codesPostaux":["23210"],"centre":{"type":"Point","coordinates":[1.6961,46.0894]},"surface":1075.94,"population":163,"departement":{"code":"23","nom":"Creuse"},"region":{"code":"75","nom":"Nouvelle-Aquitaine"}},{"nom":"Auriat","code":"23012","codesPostaux":["23400"],"centre":{"type":"Point","coordinates":[1.6309,45.8725]},"surface":2172.22,"population":122,"departement":{"code":"23","nom":"Creuse"},"region":{"code":"75","nom":"Nouvelle-Aquitaine"}},{"nom":"Auzances","code":"23013","codesPostaux":["23700"],"centre":{"type":"Point","coordinates":[2.5011,46.0274]},"surface":712.06,"population":1129,"departement":{"code":"23","nom":"Creuse"},"region":{"code":"75","nom":"Nouvelle-Aquitaine"}},{"nom":"Azat-Châtenet","code":"23014","codesPostaux":["23210"],"centre":{"type":"Point","coordinates":[1.7712,46.0887]},"surface":941.57,"population":108,"departement":{"code":"23","nom":"Creuse"},"region":{"code":"75","nom":"Nouvelle-Aquitaine"}},{"nom":"Azerables","code":"23015","codesPostaux":["23160"],"centre":{"type":"Point","coordinates":[1.4677,46.3584]},"surface":3933.99,"population":804,"departement":{"code":"23","nom":"Creuse"},"region":{"code":"75","nom":"Nouvelle-Aquitaine"}},{"nom":"Banize","code":"23016","codesPostaux":["23120"],"centre":{"type":"Point","coordinates":[1.9932,45.9376]},"surface":1533.47,"population":183,"departement":{"code":"23","nom":"Creuse"},"region":{"code":"75","nom":"Nouvelle-Aquitaine"}},{"nom":"Basville","code":"23017","codesPostaux":["23260"],"centre":{"type":"Point","coordinates":[2.4131,45.8602]},"surface":2260.92,"population":167,"departement":{"code":"23","nom":"Creuse"},"region":{"code":"75","nom":"Nouvelle-Aquitaine"}},{"nom":"Bazelat","code":"23018","codesPostaux":["23160"],"centre":{"type":"Point","coordinates":[1.5311,46.3502]},"surface":1344.89,"population":221,"departement":{"code":"23","nom":"Creuse"},"region":{"code":"75","nom":"Nouvelle-Aquitaine"}},{"nom":"Beissat","code":"23019","codesPostaux":["23260"],"centre":{"type":"Point","coordinates":[2.2817,45.7664]},"surface":1466.63,"population":31,"departement":{"code":"23","nom":"Creuse"},"region":{"code":"75","nom":"Nouvelle-Aquitaine"}},{"nom":"Bellegarde-en-Marche","code":"23020","codesPostaux":["23190"],"centre":{"type":"Point","coordinates":[2.2918,45.9828]},"surface":315.68,"population":355,"departement":{"code":"23","nom":"Creuse"},"region":{"code":"75","nom":"Nouvelle-Aquitaine"}},{"nom":"Bénévent-l'Abbaye","code":"23021","codesPostaux":["23210"],"centre":{"type":"Point","coordinates":[1.6351,46.1209]},"surface":1176.99,"population":769,"departement":{"code":"23","nom":"Creuse"},"region":{"code":"75","nom":"Nouvelle-Aquitaine"}},{"nom":"Bétête","code":"23022","codesPostaux":["23270"],"centre":{"type":"Point","coordinates":[2.0653,46.3637]},"surface":2838.38,"population":389,"departement":{"code":"23","nom":"Creuse"},"region":{"code":"75","nom":"Nouvelle-Aquitaine"}},{"nom":"Blessac","code":"23024","codesPostaux":["23200"],"centre":{"type":"Point","coordinates":[2.1093,45.9706]},"surface":1785.08,"population":525,"departement":{"code":"23","nom":"Creuse"},"region":{"code":"75","nom":"Nouvelle-Aquitaine"}},{"nom":"Bonnat","code":"23025","codesPostaux":["23220"],"centre":{"type":"Point","coordinates":[1.9105,46.3225]},"surface":4562.93,"population":1357,"departement":{"code":"23","nom":"Creuse"},"region":{"code":"75","nom":"Nouvelle-Aquitaine"}},{"nom":"Bord-Saint-Georges","code":"23026","codesPostaux":["23230"],"centre":{"type":"Point","coordinates":[2.2854,46.2481]},"surface":3244.63,"population":368,"departement":{"code":"23","nom":"Creuse"},"region":{"code":"75","nom":"Nouvelle-Aquitaine"}},{"nom":"Bosmoreau-les-Mines","code":"23027","codesPostaux":["23400"],"centre":{"type":"Point","coordinates":[1.7533,46.0034]},"surface":903.28,"population":230,"departement":{"code":"23","nom":"Creuse"},"region":{"code":"75","nom":"Nouvelle-Aquitaine"}},{"nom":"Bosroger","code":"23028","codesPostaux":["23200"],"centre":{"type":"Point","coordinates":[2.2505,46.0045]},"surface":763.66,"population":118,"departement":{"code":"23","nom":"Creuse"},"region":{"code":"75","nom":"Nouvelle-Aquitaine"}},{"nom":"Le Bourg-d'Hem","code":"23029","codesPostaux":["23220"],"centre":{"type":"Point","coordinates":[1.8379,46.2998]},"surface":1557.63,"population":226,"departement":{"code":"23","nom":"Creuse"},"region":{"code":"75","nom":"Nouvelle-Aquitaine"}},{"nom":"Bourganeuf","code":"23030","codesPostaux":["23400"],"centre":{"type":"Point","coordinates":[1.7466,45.9472]},"surface":2256.35,"population":2364,"departement":{"code":"23","nom":"Creuse"},"region":{"code":"75","nom":"Nouvelle-Aquitaine"}},{"nom":"Boussac","code":"23031","codesPostaux":["23600"],"centre":{"type":"Point","coordinates":[2.2216,46.3482]},"surface":154.54,"population":1236,"departement":{"code":"23","nom":"Creuse"},"region":{"code":"75","nom":"Nouvelle-Aquitaine"}},{"nom":"Boussac-Bourg","code":"23032","codesPostaux":["23600"],"centre":{"type":"Point","coordinates":[2.2161,46.3685]},"surface":3864.55,"population":686,"departement":{"code":"23","nom":"Creuse"},"region":{"code":"75","nom":"Nouvelle-Aquitaine"}},{"nom":"La Brionne","code":"23033","codesPostaux":["23000"],"centre":{"type":"Point","coordinates":[1.79,46.1653]},"surface":712.67,"population":448,"departement":{"code":"23","nom":"Creuse"},"region":{"code":"75","nom":"Nouvelle-Aquitaine"}},{"nom":"Brousse","code":"23034","codesPostaux":["23700"],"centre":{"type":"Point","coordinates":[2.4525,45.9725]},"surface":368.44,"population":32,"departement":{"code":"23","nom":"Creuse"},"region":{"code":"75","nom":"Nouvelle-Aquitaine"}},{"nom":"Budelière","code":"23035","codesPostaux":["23170"],"centre":{"type":"Point","coordinates":[2.4741,46.2187]},"surface":2499.95,"population":718,"departement":{"code":"23","nom":"Creuse"},"region":{"code":"75","nom":"Nouvelle-Aquitaine"}},{"nom":"Bussière-Dunoise","code":"23036","codesPostaux":["23320"],"centre":{"type":"Point","coordinates":[1.7579,46.2561]},"surface":4194.55,"population":1040,"departement":{"code":"23","nom":"Creuse"},"region":{"code":"75","nom":"Nouvelle-Aquitaine"}},{"nom":"Bussière-Nouvelle","code":"23037","codesPostaux":["23700"],"centre":{"type":"Point","coordinates":[2.4192,46.0125]},"surface":864.41,"population":73,"departement":{"code":"23","nom":"Creuse"},"region":{"code":"75","nom":"Nouvelle-Aquitaine"}},{"nom":"Bussière-Saint-Georges","code":"23038","codesPostaux":["23600"],"centre":{"type":"Point","coordinates":[2.1525,46.396]},"surface":2229.91,"population":262,"departement":{"code":"23","nom":"Creuse"},"region":{"code":"75","nom":"Nouvelle-Aquitaine"}},{"nom":"La Celle-Dunoise","code":"23039","codesPostaux":["23800"],"centre":{"type":"Point","coordinates":[1.7738,46.3114]},"surface":2896.49,"population":534,"departement":{"code":"23","nom":"Creuse"},"region":{"code":"75","nom":"Nouvelle-Aquitaine"}},{"nom":"La Celle-sous-Gouzon","code":"23040","codesPostaux":["23230"],"centre":{"type":"Point","coordinates":[2.2082,46.2211]},"surface":1418.76,"population":162,"departement":{"code":"23","nom":"Creuse"},"region":{"code":"75","nom":"Nouvelle-Aquitaine"}},{"nom":"La Cellette","code":"23041","codesPostaux":["23350"],"centre":{"type":"Point","coordinates":[2.0137,46.4012]},"surface":2143.51,"population":266,"departement":{"code":"23","nom":"Creuse"},"region":{"code":"75","nom":"Nouvelle-Aquitaine"}},{"nom":"Ceyroux","code":"23042","codesPostaux":["23210"],"centre":{"type":"Point","coordinates":[1.669,46.0559]},"surface":1230.31,"population":121,"departement":{"code":"23","nom":"Creuse"},"region":{"code":"75","nom":"Nouvelle-Aquitaine"}},{"nom":"Chamberaud","code":"23043","codesPostaux":["23480"],"centre":{"type":"Point","coordinates":[2.0436,46.0494]},"surface":731.84,"population":94,"departement":{"code":"23","nom":"Creuse"},"region":{"code":"75","nom":"Nouvelle-Aquitaine"}},{"nom":"Chambon-Sainte-Croix","code":"23044","codesPostaux":["23220"],"centre":{"type":"Point","coordinates":[1.77,46.3535]},"surface":670.24,"population":89,"departement":{"code":"23","nom":"Creuse"},"region":{"code":"75","nom":"Nouvelle-Aquitaine"}},{"nom":"Chambon-sur-Voueize","code":"23045","codesPostaux":["23170"],"centre":{"type":"Point","coordinates":[2.4131,46.1927]},"surface":3387.15,"population":794,"departement":{"code":"23","nom":"Creuse"},"region":{"code":"75","nom":"Nouvelle-Aquitaine"}},{"nom":"Chambonchard","code":"23046","codesPostaux":["23110"],"centre":{"type":"Point","coordinates":[2.5404,46.1617]},"surface":1295.24,"population":83,"departement":{"code":"23","nom":"Creuse"},"region":{"code":"75","nom":"Nouvelle-Aquitaine"}},{"nom":"Chamborand","code":"23047","codesPostaux":["23240"],"centre":{"type":"Point","coordinates":[1.5725,46.1548]},"surface":1141.15,"population":241,"departement":{"code":"23","nom":"Creuse"},"region":{"code":"75","nom":"Nouvelle-Aquitaine"}},{"nom":"Champagnat","code":"23048","codesPostaux":["23190"],"centre":{"type":"Point","coordinates":[2.2887,46.0202]},"surface":2874.98,"population":461,"departement":{"code":"23","nom":"Creuse"},"region":{"code":"75","nom":"Nouvelle-Aquitaine"}},{"nom":"Champsanglard","code":"23049","codesPostaux":["23220"],"centre":{"type":"Point","coordinates":[1.8885,46.2823]},"surface":1363.8,"population":253,"departement":{"code":"23","nom":"Creuse"},"region":{"code":"75","nom":"Nouvelle-Aquitaine"}},{"nom":"La Chapelle-Baloue","code":"23050","codesPostaux":["23160"],"centre":{"type":"Point","coordinates":[1.5726,46.3563]},"surface":866.11,"population":114,"departement":{"code":"23","nom":"Creuse"},"region":{"code":"75","nom":"Nouvelle-Aquitaine"}},{"nom":"La Chapelle-Saint-Martial","code":"23051","codesPostaux":["23250"],"centre":{"type":"Point","coordinates":[1.9261,46.0245]},"surface":1028.7,"population":79,"departement":{"code":"23","nom":"Creuse"},"region":{"code":"75","nom":"Nouvelle-Aquitaine"}},{"nom":"La Chapelle-Taillefert","code":"23052","codesPostaux":["23000"],"centre":{"type":"Point","coordinates":[1.8304,46.1155]},"surface":1410.46,"population":448,"departement":{"code":"23","nom":"Creuse"},"region":{"code":"75","nom":"Nouvelle-Aquitaine"}},{"nom":"Chard","code":"23053","codesPostaux":["23700"],"centre":{"type":"Point","coordinates":[2.4886,45.9517]},"surface":1424.54,"population":206,"departement":{"code":"23","nom":"Creuse"},"region":{"code":"75","nom":"Nouvelle-Aquitaine"}},{"nom":"Charron","code":"23054","codesPostaux":["23700"],"centre":{"type":"Point","coordinates":[2.5629,46.0432]},"surface":3010.46,"population":195,"departement":{"code":"23","nom":"Creuse"},"region":{"code":"75","nom":"Nouvelle-Aquitaine"}},{"nom":"Châtelard","code":"23055","codesPostaux":["23700"],"centre":{"type":"Point","coordinates":[2.466,45.9647]},"surface":246.76,"population":29,"departement":{"code":"23","nom":"Creuse"},"region":{"code":"75","nom":"Nouvelle-Aquitaine"}},{"nom":"Châtelus-le-Marcheix","code":"23056","codesPostaux":["23430"],"centre":{"type":"Point","coordinates":[1.6264,46.0095]},"surface":4359.34,"population":336,"departement":{"code":"23","nom":"Creuse"},"region":{"code":"75","nom":"Nouvelle-Aquitaine"}},{"nom":"Châtelus-Malvaleix","code":"23057","codesPostaux":["23270"],"centre":{"type":"Point","coordinates":[2.0285,46.2961]},"surface":1510.87,"population":545,"departement":{"code":"23","nom":"Creuse"},"region":{"code":"75","nom":"Nouvelle-Aquitaine"}},{"nom":"Le Chauchet","code":"23058","codesPostaux":["23130"],"centre":{"type":"Point","coordinates":[2.3314,46.1097]},"surface":1069.01,"population":102,"departement":{"code":"23","nom":"Creuse"},"region":{"code":"75","nom":"Nouvelle-Aquitaine"}},{"nom":"La Chaussade","code":"23059","codesPostaux":["23200"],"centre":{"type":"Point","coordinates":[2.2507,45.9884]},"surface":720.54,"population":99,"departement":{"code":"23","nom":"Creuse"},"region":{"code":"75","nom":"Nouvelle-Aquitaine"}},{"nom":"Chavanat","code":"23060","codesPostaux":["23250"],"centre":{"type":"Point","coordinates":[1.9624,45.9513]},"surface":1275.22,"population":137,"departement":{"code":"23","nom":"Creuse"},"region":{"code":"75","nom":"Nouvelle-Aquitaine"}},{"nom":"Chénérailles","code":"23061","codesPostaux":["23130"],"centre":{"type":"Point","coordinates":[2.1734,46.1106]},"surface":779.8,"population":728,"departement":{"code":"23","nom":"Creuse"},"region":{"code":"75","nom":"Nouvelle-Aquitaine"}},{"nom":"Chéniers","code":"23062","codesPostaux":["23220"],"centre":{"type":"Point","coordinates":[1.8222,46.3528]},"surface":3499.88,"population":554,"departement":{"code":"23","nom":"Creuse"},"region":{"code":"75","nom":"Nouvelle-Aquitaine"}},{"nom":"Clairavaux","code":"23063","codesPostaux":["23500"],"centre":{"type":"Point","coordinates":[2.1809,45.7808]},"surface":2760.17,"population":151,"departement":{"code":"23","nom":"Creuse"},"region":{"code":"75","nom":"Nouvelle-Aquitaine"}},{"nom":"Clugnat","code":"23064","codesPostaux":["23270"],"centre":{"type":"Point","coordinates":[2.1257,46.2941]},"surface":4277.92,"population":652,"departement":{"code":"23","nom":"Creuse"},"region":{"code":"75","nom":"Nouvelle-Aquitaine"}},{"nom":"Colondannes","code":"23065","codesPostaux":["23800"],"centre":{"type":"Point","coordinates":[1.6183,46.2887]},"surface":1077.53,"population":289,"departement":{"code":"23","nom":"Creuse"},"region":{"code":"75","nom":"Nouvelle-Aquitaine"}},{"nom":"Le Compas","code":"23066","codesPostaux":["23700"],"centre":{"type":"Point","coordinates":[2.4492,46.0052]},"surface":1686.85,"population":197,"departement":{"code":"23","nom":"Creuse"},"region":{"code":"75","nom":"Nouvelle-Aquitaine"}},{"nom":"La Courtine","code":"23067","codesPostaux":["23100"],"centre":{"type":"Point","coordinates":[2.2429,45.7315]},"surface":4185.19,"population":707,"departement":{"code":"23","nom":"Creuse"},"region":{"code":"75","nom":"Nouvelle-Aquitaine"}},{"nom":"Cressat","code":"23068","codesPostaux":["23140"],"centre":{"type":"Point","coordinates":[2.0837,46.1409]},"surface":3413.15,"population":512,"departement":{"code":"23","nom":"Creuse"},"region":{"code":"75","nom":"Nouvelle-Aquitaine"}},{"nom":"Crocq","code":"23069","codesPostaux":["23260"],"centre":{"type":"Point","coordinates":[2.3642,45.8527]},"surface":1405.16,"population":389,"departement":{"code":"23","nom":"Creuse"},"region":{"code":"75","nom":"Nouvelle-Aquitaine"}},{"nom":"Crozant","code":"23070","codesPostaux":["23160"],"centre":{"type":"Point","coordinates":[1.6159,46.3862]},"surface":3187.54,"population":431,"departement":{"code":"23","nom":"Creuse"},"region":{"code":"75","nom":"Nouvelle-Aquitaine"}},{"nom":"Croze","code":"23071","codesPostaux":["23500"],"centre":{"type":"Point","coordinates":[2.1676,45.8285]},"surface":2214.94,"population":185,"departement":{"code":"23","nom":"Creuse"},"region":{"code":"75","nom":"Nouvelle-Aquitaine"}},{"nom":"Domeyrot","code":"23072","codesPostaux":["23140"],"centre":{"type":"Point","coordinates":[2.1481,46.2476]},"surface":2485.59,"population":229,"departement":{"code":"23","nom":"Creuse"},"region":{"code":"75","nom":"Nouvelle-Aquitaine"}},{"nom":"Dontreix","code":"23073","codesPostaux":["23700"],"centre":{"type":"Point","coordinates":[2.5516,45.9799]},"surface":4797.56,"population":400,"departement":{"code":"23","nom":"Creuse"},"region":{"code":"75","nom":"Nouvelle-Aquitaine"}},{"nom":"Le Donzeil","code":"23074","codesPostaux":["23480"],"centre":{"type":"Point","coordinates":[1.9882,46.0364]},"surface":1352.36,"population":186,"departement":{"code":"23","nom":"Creuse"},"region":{"code":"75","nom":"Nouvelle-Aquitaine"}},{"nom":"Dun-le-Palestel","code":"23075","codesPostaux":["23800"],"centre":{"type":"Point","coordinates":[1.6609,46.3048]},"surface":978.14,"population":1096,"departement":{"code":"23","nom":"Creuse"},"region":{"code":"75","nom":"Nouvelle-Aquitaine"}},{"nom":"Évaux-les-Bains","code":"23076","codesPostaux":["23110"],"centre":{"type":"Point","coordinates":[2.4964,46.1779]},"surface":4536.72,"population":1277,"departement":{"code":"23","nom":"Creuse"},"region":{"code":"75","nom":"Nouvelle-Aquitaine"}},{"nom":"Faux-la-Montagne","code":"23077","codesPostaux":["23340"],"centre":{"type":"Point","coordinates":[1.938,45.7491]},"surface":4839.11,"population":443,"departement":{"code":"23","nom":"Creuse"},"region":{"code":"75","nom":"Nouvelle-Aquitaine"}},{"nom":"Faux-Mazuras","code":"23078","codesPostaux":["23400"],"centre":{"type":"Point","coordinates":[1.7731,45.9258]},"surface":1989.69,"population":186,"departement":{"code":"23","nom":"Creuse"},"region":{"code":"75","nom":"Nouvelle-Aquitaine"}},{"nom":"Felletin","code":"23079","codesPostaux":["23500"],"centre":{"type":"Point","coordinates":[2.187,45.8942]},"surface":1373.11,"population":1577,"departement":{"code":"23","nom":"Creuse"},"region":{"code":"75","nom":"Nouvelle-Aquitaine"}},{"nom":"Féniers","code":"23080","codesPostaux":["23100"],"centre":{"type":"Point","coordinates":[2.1225,45.7456]},"surface":1450.34,"population":111,"departement":{"code":"23","nom":"Creuse"},"region":{"code":"75","nom":"Nouvelle-Aquitaine"}},{"nom":"Flayat","code":"23081","codesPostaux":["23260"],"centre":{"type":"Point","coordinates":[2.3826,45.7784]},"surface":4403.27,"population":296,"departement":{"code":"23","nom":"Creuse"},"region":{"code":"75","nom":"Nouvelle-Aquitaine"}},{"nom":"Fleurat","code":"23082","codesPostaux":["23320"],"centre":{"type":"Point","coordinates":[1.6821,46.2329]},"surface":1225.29,"population":311,"departement":{"code":"23","nom":"Creuse"},"region":{"code":"75","nom":"Nouvelle-Aquitaine"}},{"nom":"Fontanières","code":"23083","codesPostaux":["23110"],"centre":{"type":"Point","coordinates":[2.5189,46.1063]},"surface":1589.02,"population":260,"departement":{"code":"23","nom":"Creuse"},"region":{"code":"75","nom":"Nouvelle-Aquitaine"}},{"nom":"La Forêt-du-Temple","code":"23084","codesPostaux":["23360"],"centre":{"type":"Point","coordinates":[1.9047,46.4258]},"surface":782.02,"population":143,"departement":{"code":"23","nom":"Creuse"},"region":{"code":"75","nom":"Nouvelle-Aquitaine"}},{"nom":"Fransèches","code":"23086","codesPostaux":["23480"],"centre":{"type":"Point","coordinates":[2.04,46.033]},"surface":1833.01,"population":240,"departement":{"code":"23","nom":"Creuse"},"region":{"code":"75","nom":"Nouvelle-Aquitaine"}},{"nom":"Fresselines","code":"23087","codesPostaux":["23450"],"centre":{"type":"Point","coordinates":[1.7045,46.3799]},"surface":3080.47,"population":509,"departement":{"code":"23","nom":"Creuse"},"region":{"code":"75","nom":"Nouvelle-Aquitaine"}},{"nom":"Gartempe","code":"23088","codesPostaux":["23320"],"centre":{"type":"Point","coordinates":[1.7282,46.1517]},"surface":959.13,"population":113,"departement":{"code":"23","nom":"Creuse"},"region":{"code":"75","nom":"Nouvelle-Aquitaine"}},{"nom":"Genouillac","code":"23089","codesPostaux":["23350"],"centre":{"type":"Point","coordinates":[1.9959,46.346]},"surface":3577.76,"population":721,"departement":{"code":"23","nom":"Creuse"},"region":{"code":"75","nom":"Nouvelle-Aquitaine"}},{"nom":"Gentioux-Pigerolles","code":"23090","codesPostaux":["23340"],"centre":{"type":"Point","coordinates":[2.0192,45.7851]},"surface":7978.31,"population":398,"departement":{"code":"23","nom":"Creuse"},"region":{"code":"75","nom":"Nouvelle-Aquitaine"}},{"nom":"Gioux","code":"23091","codesPostaux":["23500"],"centre":{"type":"Point","coordinates":[2.1088,45.7984]},"surface":3734.15,"population":187,"departement":{"code":"23","nom":"Creuse"},"region":{"code":"75","nom":"Nouvelle-Aquitaine"}},{"nom":"Glénic","code":"23092","codesPostaux":["23380"],"centre":{"type":"Point","coordinates":[1.9376,46.227]},"surface":2740.39,"population":625,"departement":{"code":"23","nom":"Creuse"},"region":{"code":"75","nom":"Nouvelle-Aquitaine"}},{"nom":"Gouzon","code":"23093","codesPostaux":["23230"],"centre":{"type":"Point","coordinates":[2.2193,46.1901]},"surface":5065.56,"population":1558,"departement":{"code":"23","nom":"Creuse"},"region":{"code":"75","nom":"Nouvelle-Aquitaine"}},{"nom":"Le Grand-Bourg","code":"23095","codesPostaux":["23240"],"centre":{"type":"Point","coordinates":[1.6488,46.1626]},"surface":7878.7,"population":1167,"departement":{"code":"23","nom":"Creuse"},"region":{"code":"75","nom":"Nouvelle-Aquitaine"}},{"nom":"Guéret","code":"23096","codesPostaux":["23000"],"centre":{"type":"Point","coordinates":[1.8705,46.1585]},"surface":2602.05,"population":12955,"departement":{"code":"23","nom":"Creuse"},"region":{"code":"75","nom":"Nouvelle-Aquitaine"}},{"nom":"Issoudun-Létrieix","code":"23097","codesPostaux":["23130"],"centre":{"type":"Point","coordinates":[2.1607,46.0715]},"surface":2653.83,"population":291,"departement":{"code":"23","nom":"Creuse"},"region":{"code":"75","nom":"Nouvelle-Aquitaine"}},{"nom":"Jalesches","code":"23098","codesPostaux":["23270"],"centre":{"type":"Point","coordinates":[2.086,46.2925]},"surface":864.74,"population":95,"departement":{"code":"23","nom":"Creuse"},"region":{"code":"75","nom":"Nouvelle-Aquitaine"}},{"nom":"Janaillat","code":"23099","codesPostaux":["23250"],"centre":{"type":"Point","coordinates":[1.7766,46.0454]},"surface":2853.69,"population":317,"departement":{"code":"23","nom":"Creuse"},"region":{"code":"75","nom":"Nouvelle-Aquitaine"}},{"nom":"Jarnages","code":"23100","codesPostaux":["23140"],"centre":{"type":"Point","coordinates":[2.0807,46.1885]},"surface":916.38,"population":498,"departement":{"code":"23","nom":"Creuse"},"region":{"code":"75","nom":"Nouvelle-Aquitaine"}},{"nom":"Jouillat","code":"23101","codesPostaux":["23220"],"centre":{"type":"Point","coordinates":[1.935,46.2694]},"surface":2234.94,"population":387,"departement":{"code":"23","nom":"Creuse"},"region":{"code":"75","nom":"Nouvelle-Aquitaine"}},{"nom":"Ladapeyre","code":"23102","codesPostaux":["23270"],"centre":{"type":"Point","coordinates":[2.045,46.2438]},"surface":3149.88,"population":360,"departement":{"code":"23","nom":"Creuse"},"region":{"code":"75","nom":"Nouvelle-Aquitaine"}},{"nom":"Lafat","code":"23103","codesPostaux":["23800"],"centre":{"type":"Point","coordinates":[1.6055,46.3383]},"surface":2119.13,"population":328,"departement":{"code":"23","nom":"Creuse"},"region":{"code":"75","nom":"Nouvelle-Aquitaine"}},{"nom":"Lavaufranche","code":"23104","codesPostaux":["23600"],"centre":{"type":"Point","coordinates":[2.2738,46.305]},"surface":1617.98,"population":232,"departement":{"code":"23","nom":"Creuse"},"region":{"code":"75","nom":"Nouvelle-Aquitaine"}},{"nom":"Lavaveix-les-Mines","code":"23105","codesPostaux":["23150"],"centre":{"type":"Point","coordinates":[2.0934,46.0748]},"surface":463.98,"population":684,"departement":{"code":"23","nom":"Creuse"},"region":{"code":"75","nom":"Nouvelle-Aquitaine"}},{"nom":"Lépaud","code":"23106","codesPostaux":["23170"],"centre":{"type":"Point","coordinates":[2.3845,46.2286]},"surface":2413.61,"population":359,"departement":{"code":"23","nom":"Creuse"},"region":{"code":"75","nom":"Nouvelle-Aquitaine"}},{"nom":"Lépinas","code":"23107","codesPostaux":["23150"],"centre":{"type":"Point","coordinates":[1.938,46.0589]},"surface":1505.3,"population":145,"departement":{"code":"23","nom":"Creuse"},"region":{"code":"75","nom":"Nouvelle-Aquitaine"}},{"nom":"Leyrat","code":"23108","codesPostaux":["23600"],"centre":{"type":"Point","coordinates":[2.2985,46.3564]},"surface":1840.72,"population":143,"departement":{"code":"23","nom":"Creuse"},"region":{"code":"75","nom":"Nouvelle-Aquitaine"}},{"nom":"Linard-Malval","code":"23109","codesPostaux":["23220"],"centre":{"type":"Point","coordinates":[1.8805,46.3674]},"surface":1665.55,"population":206,"departement":{"code":"23","nom":"Creuse"},"region":{"code":"75","nom":"Nouvelle-Aquitaine"}},{"nom":"Lioux-les-Monges","code":"23110","codesPostaux":["23700"],"centre":{"type":"Point","coordinates":[2.4469,45.9404]},"surface":742.95,"population":51,"departement":{"code":"23","nom":"Creuse"},"region":{"code":"75","nom":"Nouvelle-Aquitaine"}},{"nom":"Lizières","code":"23111","codesPostaux":["23240"],"centre":{"type":"Point","coordinates":[1.5772,46.211]},"surface":1458.97,"population":234,"departement":{"code":"23","nom":"Creuse"},"region":{"code":"75","nom":"Nouvelle-Aquitaine"}},{"nom":"Lourdoueix-Saint-Pierre","code":"23112","codesPostaux":["23360"],"centre":{"type":"Point","coordinates":[1.8234,46.3928]},"surface":4469.41,"population":711,"departement":{"code":"23","nom":"Creuse"},"region":{"code":"75","nom":"Nouvelle-Aquitaine"}},{"nom":"Lupersat","code":"23113","codesPostaux":["23190"],"centre":{"type":"Point","coordinates":[2.3504,45.9888]},"surface":3282.69,"population":288,"departement":{"code":"23","nom":"Creuse"},"region":{"code":"75","nom":"Nouvelle-Aquitaine"}},{"nom":"Lussat","code":"23114","codesPostaux":["23170"],"centre":{"type":"Point","coordinates":[2.3284,46.1881]},"surface":4854.82,"population":416,"departement":{"code":"23","nom":"Creuse"},"region":{"code":"75","nom":"Nouvelle-Aquitaine"}},{"nom":"Magnat-l'Étrange","code":"23115","codesPostaux":["23260"],"centre":{"type":"Point","coordinates":[2.2676,45.7939]},"surface":2596.78,"population":236,"departement":{"code":"23","nom":"Creuse"},"region":{"code":"75","nom":"Nouvelle-Aquitaine"}},{"nom":"Mainsat","code":"23116","codesPostaux":["23700"],"centre":{"type":"Point","coordinates":[2.3787,46.0511]},"surface":3484.31,"population":540,"departement":{"code":"23","nom":"Creuse"},"region":{"code":"75","nom":"Nouvelle-Aquitaine"}},{"nom":"Maison-Feyne","code":"23117","codesPostaux":["23800"],"centre":{"type":"Point","coordinates":[1.6703,46.3459]},"surface":1326.39,"population":283,"departement":{"code":"23","nom":"Creuse"},"region":{"code":"75","nom":"Nouvelle-Aquitaine"}},{"nom":"Maisonnisses","code":"23118","codesPostaux":["23150"],"centre":{"type":"Point","coordinates":[1.9041,46.0614]},"surface":1120.53,"population":176,"departement":{"code":"23","nom":"Creuse"},"region":{"code":"75","nom":"Nouvelle-Aquitaine"}},{"nom":"Malleret","code":"23119","codesPostaux":["23260"],"centre":{"type":"Point","coordinates":[2.3263,45.7639]},"surface":1191.24,"population":45,"departement":{"code":"23","nom":"Creuse"},"region":{"code":"75","nom":"Nouvelle-Aquitaine"}},{"nom":"Malleret-Boussac","code":"23120","codesPostaux":["23600"],"centre":{"type":"Point","coordinates":[2.1514,46.3372]},"surface":2558.35,"population":175,"departement":{"code":"23","nom":"Creuse"},"region":{"code":"75","nom":"Nouvelle-Aquitaine"}},{"nom":"Mansat-la-Courrière","code":"23122","codesPostaux":["23400"],"centre":{"type":"Point","coordinates":[1.7946,45.9644]},"surface":957.95,"population":73,"departement":{"code":"23","nom":"Creuse"},"region":{"code":"75","nom":"Nouvelle-Aquitaine"}},{"nom":"Les Mars","code":"23123","codesPostaux":["23700"],"centre":{"type":"Point","coordinates":[2.4921,45.9938]},"surface":1313.12,"population":180,"departement":{"code":"23","nom":"Creuse"},"region":{"code":"75","nom":"Nouvelle-Aquitaine"}},{"nom":"Marsac","code":"23124","codesPostaux":["23210"],"centre":{"type":"Point","coordinates":[1.5849,46.0996]},"surface":1944.89,"population":643,"departement":{"code":"23","nom":"Creuse"},"region":{"code":"75","nom":"Nouvelle-Aquitaine"}},{"nom":"Le Mas-d'Artige","code":"23125","codesPostaux":["23100"],"centre":{"type":"Point","coordinates":[2.179,45.7264]},"surface":1635.97,"population":92,"departement":{"code":"23","nom":"Creuse"},"region":{"code":"75","nom":"Nouvelle-Aquitaine"}},{"nom":"Mautes","code":"23127","codesPostaux":["23190"],"centre":{"type":"Point","coordinates":[2.3876,45.9354]},"surface":2265.01,"population":194,"departement":{"code":"23","nom":"Creuse"},"region":{"code":"75","nom":"Nouvelle-Aquitaine"}},{"nom":"Mazeirat","code":"23128","codesPostaux":["23150"],"centre":{"type":"Point","coordinates":[1.9859,46.1375]},"surface":789.42,"population":120,"departement":{"code":"23","nom":"Creuse"},"region":{"code":"75","nom":"Nouvelle-Aquitaine"}},{"nom":"La Mazière-aux-Bons-Hommes","code":"23129","codesPostaux":["23260"],"centre":{"type":"Point","coordinates":[2.4452,45.8943]},"surface":1018.31,"population":52,"departement":{"code":"23","nom":"Creuse"},"region":{"code":"75","nom":"Nouvelle-Aquitaine"}},{"nom":"Méasnes","code":"23130","codesPostaux":["23360"],"centre":{"type":"Point","coordinates":[1.7836,46.4215]},"surface":2765.3,"population":522,"departement":{"code":"23","nom":"Creuse"},"region":{"code":"75","nom":"Nouvelle-Aquitaine"}},{"nom":"Mérinchal","code":"23131","codesPostaux":["23420"],"centre":{"type":"Point","coordinates":[2.5004,45.9038]},"surface":4502.06,"population":654,"departement":{"code":"23","nom":"Creuse"},"region":{"code":"75","nom":"Nouvelle-Aquitaine"}},{"nom":"Montaigut-le-Blanc","code":"23132","codesPostaux":["23320"],"centre":{"type":"Point","coordinates":[1.7308,46.1187]},"surface":1741.52,"population":370,"departement":{"code":"23","nom":"Creuse"},"region":{"code":"75","nom":"Nouvelle-Aquitaine"}},{"nom":"Montboucher","code":"23133","codesPostaux":["23400"],"centre":{"type":"Point","coordinates":[1.6797,45.9453]},"surface":2790.94,"population":372,"departement":{"code":"23","nom":"Creuse"},"region":{"code":"75","nom":"Nouvelle-Aquitaine"}},{"nom":"Le Monteil-au-Vicomte","code":"23134","codesPostaux":["23460"],"centre":{"type":"Point","coordinates":[1.9477,45.9064]},"surface":1448.62,"population":215,"departement":{"code":"23","nom":"Creuse"},"region":{"code":"75","nom":"Nouvelle-Aquitaine"}},{"nom":"Mortroux","code":"23136","codesPostaux":["23220"],"centre":{"type":"Point","coordinates":[1.9039,46.3945]},"surface":1346.34,"population":277,"departement":{"code":"23","nom":"Creuse"},"region":{"code":"75","nom":"Nouvelle-Aquitaine"}},{"nom":"Mourioux-Vieilleville","code":"23137","codesPostaux":["23210"],"centre":{"type":"Point","coordinates":[1.6427,46.0761]},"surface":2509.65,"population":521,"departement":{"code":"23","nom":"Creuse"},"region":{"code":"75","nom":"Nouvelle-Aquitaine"}},{"nom":"Moutier-d'Ahun","code":"23138","codesPostaux":["23150"],"centre":{"type":"Point","coordinates":[2.0608,46.1007]},"surface":998.74,"population":160,"departement":{"code":"23","nom":"Creuse"},"region":{"code":"75","nom":"Nouvelle-Aquitaine"}},{"nom":"Moutier-Malcard","code":"23139","codesPostaux":["23220"],"centre":{"type":"Point","coordinates":[1.9494,46.3857]},"surface":2605.28,"population":558,"departement":{"code":"23","nom":"Creuse"},"region":{"code":"75","nom":"Nouvelle-Aquitaine"}},{"nom":"Moutier-Rozeille","code":"23140","codesPostaux":["23200"],"centre":{"type":"Point","coordinates":[2.2007,45.9172]},"surface":1953.66,"population":432,"departement":{"code":"23","nom":"Creuse"},"region":{"code":"75","nom":"Nouvelle-Aquitaine"}},{"nom":"Naillat","code":"23141","codesPostaux":["23800"],"centre":{"type":"Point","coordinates":[1.6511,46.2585]},"surface":3666,"population":687,"departement":{"code":"23","nom":"Creuse"},"region":{"code":"75","nom":"Nouvelle-Aquitaine"}},{"nom":"Néoux","code":"23142","codesPostaux":["23200"],"centre":{"type":"Point","coordinates":[2.259,45.917]},"surface":2382.92,"population":279,"departement":{"code":"23","nom":"Creuse"},"region":{"code":"75","nom":"Nouvelle-Aquitaine"}},{"nom":"Noth","code":"23143","codesPostaux":["23300"],"centre":{"type":"Point","coordinates":[1.5798,46.2426]},"surface":2316.26,"population":498,"departement":{"code":"23","nom":"Creuse"},"region":{"code":"75","nom":"Nouvelle-Aquitaine"}},{"nom":"La Nouaille","code":"23144","codesPostaux":["23500"],"centre":{"type":"Point","coordinates":[2.0713,45.8355]},"surface":4795.31,"population":224,"departement":{"code":"23","nom":"Creuse"},"region":{"code":"75","nom":"Nouvelle-Aquitaine"}},{"nom":"Nouhant","code":"23145","codesPostaux":["23170"],"centre":{"type":"Point","coordinates":[2.3901,46.2924]},"surface":2570.25,"population":313,"departement":{"code":"23","nom":"Creuse"},"region":{"code":"75","nom":"Nouvelle-Aquitaine"}},{"nom":"Nouzerines","code":"23146","codesPostaux":["23600"],"centre":{"type":"Point","coordinates":[2.1139,46.3925]},"surface":1907.84,"population":237,"departement":{"code":"23","nom":"Creuse"},"region":{"code":"75","nom":"Nouvelle-Aquitaine"}},{"nom":"Nouzerolles","code":"23147","codesPostaux":["23360"],"centre":{"type":"Point","coordinates":[1.735,46.3856]},"surface":817.24,"population":100,"departement":{"code":"23","nom":"Creuse"},"region":{"code":"75","nom":"Nouvelle-Aquitaine"}},{"nom":"Nouziers","code":"23148","codesPostaux":["23350"],"centre":{"type":"Point","coordinates":[1.957,46.4224]},"surface":1457.75,"population":245,"departement":{"code":"23","nom":"Creuse"},"region":{"code":"75","nom":"Nouvelle-Aquitaine"}},{"nom":"Parsac","code":"23149","codesPostaux":["23140"],"centre":{"type":"Point","coordinates":[2.1338,46.2069]},"surface":5448.89,"population":825,"departement":{"code":"23","nom":"Creuse"},"region":{"code":"75","nom":"Nouvelle-Aquitaine"}},{"nom":"Peyrabout","code":"23150","codesPostaux":["23000"],"centre":{"type":"Point","coordinates":[1.9195,46.1028]},"surface":899.86,"population":150,"departement":{"code":"23","nom":"Creuse"},"region":{"code":"75","nom":"Nouvelle-Aquitaine"}},{"nom":"Peyrat-la-Nonière","code":"23151","codesPostaux":["23130"],"centre":{"type":"Point","coordinates":[2.2522,46.0758]},"surface":4139.47,"population":420,"departement":{"code":"23","nom":"Creuse"},"region":{"code":"75","nom":"Nouvelle-Aquitaine"}},{"nom":"Pierrefitte","code":"23152","codesPostaux":["23130"],"centre":{"type":"Point","coordinates":[2.2317,46.1513]},"surface":646.13,"population":67,"departement":{"code":"23","nom":"Creuse"},"region":{"code":"75","nom":"Nouvelle-Aquitaine"}},{"nom":"Pionnat","code":"23154","codesPostaux":["23140"],"centre":{"type":"Point","coordinates":[2.0192,46.1666]},"surface":4261.21,"population":721,"departement":{"code":"23","nom":"Creuse"},"region":{"code":"75","nom":"Nouvelle-Aquitaine"}},{"nom":"Pontarion","code":"23155","codesPostaux":["23250"],"centre":{"type":"Point","coordinates":[1.8448,45.9973]},"surface":539.71,"population":357,"departement":{"code":"23","nom":"Creuse"},"region":{"code":"75","nom":"Nouvelle-Aquitaine"}},{"nom":"Pontcharraud","code":"23156","codesPostaux":["23260"],"centre":{"type":"Point","coordinates":[2.2755,45.8638]},"surface":912.52,"population":82,"departement":{"code":"23","nom":"Creuse"},"region":{"code":"75","nom":"Nouvelle-Aquitaine"}},{"nom":"La Pouge","code":"23157","codesPostaux":["23250"],"centre":{"type":"Point","coordinates":[1.9379,45.9735]},"surface":757.45,"population":96,"departement":{"code":"23","nom":"Creuse"},"region":{"code":"75","nom":"Nouvelle-Aquitaine"}},{"nom":"Poussanges","code":"23158","codesPostaux":["23500"],"centre":{"type":"Point","coordinates":[2.2247,45.8155]},"surface":2336.34,"population":148,"departement":{"code":"23","nom":"Creuse"},"region":{"code":"75","nom":"Nouvelle-Aquitaine"}},{"nom":"Puy-Malsignat","code":"23159","codesPostaux":["23130"],"centre":{"type":"Point","coordinates":[2.219,46.0322]},"surface":1267.55,"population":140,"departement":{"code":"23","nom":"Creuse"},"region":{"code":"75","nom":"Nouvelle-Aquitaine"}},{"nom":"Reterre","code":"23160","codesPostaux":["23110"],"centre":{"type":"Point","coordinates":[2.4661,46.105]},"surface":1790.11,"population":258,"departement":{"code":"23","nom":"Creuse"},"region":{"code":"75","nom":"Nouvelle-Aquitaine"}},{"nom":"Roches","code":"23162","codesPostaux":["23270"],"centre":{"type":"Point","coordinates":[1.9896,46.2776]},"surface":2546.4,"population":371,"departement":{"code":"23","nom":"Creuse"},"region":{"code":"75","nom":"Nouvelle-Aquitaine"}},{"nom":"Rougnat","code":"23164","codesPostaux":["23700"],"centre":{"type":"Point","coordinates":[2.4949,46.0563]},"surface":4156,"population":471,"departement":{"code":"23","nom":"Creuse"},"region":{"code":"75","nom":"Nouvelle-Aquitaine"}},{"nom":"Royère-de-Vassivière","code":"23165","codesPostaux":["23460"],"centre":{"type":"Point","coordinates":[1.9006,45.8275]},"surface":8068.8,"population":565,"departement":{"code":"23","nom":"Creuse"},"region":{"code":"75","nom":"Nouvelle-Aquitaine"}},{"nom":"Sagnat","code":"23166","codesPostaux":["23800"],"centre":{"type":"Point","coordinates":[1.6223,46.3138]},"surface":1189.9,"population":197,"departement":{"code":"23","nom":"Creuse"},"region":{"code":"75","nom":"Nouvelle-Aquitaine"}},{"nom":"Sannat","code":"23167","codesPostaux":["23110"],"centre":{"type":"Point","coordinates":[2.4212,46.1247]},"surface":3419.16,"population":349,"departement":{"code":"23","nom":"Creuse"},"region":{"code":"75","nom":"Nouvelle-Aquitaine"}},{"nom":"Sardent","code":"23168","codesPostaux":["23250"],"centre":{"type":"Point","coordinates":[1.8568,46.0503]},"surface":4124.65,"population":760,"departement":{"code":"23","nom":"Creuse"},"region":{"code":"75","nom":"Nouvelle-Aquitaine"}},{"nom":"La Saunière","code":"23169","codesPostaux":["23000"],"centre":{"type":"Point","coordinates":[1.9417,46.1305]},"surface":750.44,"population":663,"departement":{"code":"23","nom":"Creuse"},"region":{"code":"75","nom":"Nouvelle-Aquitaine"}},{"nom":"Savennes","code":"23170","codesPostaux":["23000"],"centre":{"type":"Point","coordinates":[1.8862,46.1102]},"surface":716.35,"population":209,"departement":{"code":"23","nom":"Creuse"},"region":{"code":"75","nom":"Nouvelle-Aquitaine"}},{"nom":"Sermur","code":"23171","codesPostaux":["23700"],"centre":{"type":"Point","coordinates":[2.4117,45.9719]},"surface":1979.31,"population":102,"departement":{"code":"23","nom":"Creuse"},"region":{"code":"75","nom":"Nouvelle-Aquitaine"}},{"nom":"La Serre-Bussière-Vieille","code":"23172","codesPostaux":["23190"],"centre":{"type":"Point","coordinates":[2.3359,46.0547]},"surface":1434.84,"population":120,"departement":{"code":"23","nom":"Creuse"},"region":{"code":"75","nom":"Nouvelle-Aquitaine"}},{"nom":"Soubrebost","code":"23173","codesPostaux":["23250"],"centre":{"type":"Point","coordinates":[1.8391,45.9592]},"surface":2096.35,"population":139,"departement":{"code":"23","nom":"Creuse"},"region":{"code":"75","nom":"Nouvelle-Aquitaine"}},{"nom":"Soumans","code":"23174","codesPostaux":["23600"],"centre":{"type":"Point","coordinates":[2.3359,46.3086]},"surface":3677.15,"population":611,"departement":{"code":"23","nom":"Creuse"},"region":{"code":"75","nom":"Nouvelle-Aquitaine"}},{"nom":"Sous-Parsat","code":"23175","codesPostaux":["23150"],"centre":{"type":"Point","coordinates":[1.9805,46.0584]},"surface":931.52,"population":112,"departement":{"code":"23","nom":"Creuse"},"region":{"code":"75","nom":"Nouvelle-Aquitaine"}},{"nom":"La Souterraine","code":"23176","codesPostaux":["23300"],"centre":{"type":"Point","coordinates":[1.4743,46.2308]},"surface":3690.23,"population":4978,"departement":{"code":"23","nom":"Creuse"},"region":{"code":"75","nom":"Nouvelle-Aquitaine"}},{"nom":"Saint-Agnant-de-Versillat","code":"23177","codesPostaux":["23300"],"centre":{"type":"Point","coordinates":[1.5028,46.2853]},"surface":5071.92,"population":1039,"departement":{"code":"23","nom":"Creuse"},"region":{"code":"75","nom":"Nouvelle-Aquitaine"}},{"nom":"Saint-Agnant-près-Crocq","code":"23178","codesPostaux":["23260"],"centre":{"type":"Point","coordinates":[2.3366,45.806]},"surface":2535.02,"population":193,"departement":{"code":"23","nom":"Creuse"},"region":{"code":"75","nom":"Nouvelle-Aquitaine"}},{"nom":"Saint-Alpinien","code":"23179","codesPostaux":["23200"],"centre":{"type":"Point","coordinates":[2.2443,45.9641]},"surface":1519.17,"population":290,"departement":{"code":"23","nom":"Creuse"},"region":{"code":"75","nom":"Nouvelle-Aquitaine"}},{"nom":"Saint-Amand","code":"23180","codesPostaux":["23200"],"centre":{"type":"Point","coordinates":[2.2056,45.975]},"surface":800.36,"population":449,"departement":{"code":"23","nom":"Creuse"},"region":{"code":"75","nom":"Nouvelle-Aquitaine"}},{"nom":"Saint-Amand-Jartoudeix","code":"23181","codesPostaux":["23400"],"centre":{"type":"Point","coordinates":[1.6724,45.9208]},"surface":1867.06,"population":150,"departement":{"code":"23","nom":"Creuse"},"region":{"code":"75","nom":"Nouvelle-Aquitaine"}},{"nom":"Saint-Avit-de-Tardes","code":"23182","codesPostaux":["23200"],"centre":{"type":"Point","coordinates":[2.2982,45.9178]},"surface":1446.41,"population":159,"departement":{"code":"23","nom":"Creuse"},"region":{"code":"75","nom":"Nouvelle-Aquitaine"}},{"nom":"Saint-Avit-le-Pauvre","code":"23183","codesPostaux":["23480"],"centre":{"type":"Point","coordinates":[2.0459,45.9933]},"surface":493.99,"population":93,"departement":{"code":"23","nom":"Creuse"},"region":{"code":"75","nom":"Nouvelle-Aquitaine"}},{"nom":"Saint-Bard","code":"23184","codesPostaux":["23260"],"centre":{"type":"Point","coordinates":[2.4093,45.9121]},"surface":925.93,"population":93,"departement":{"code":"23","nom":"Creuse"},"region":{"code":"75","nom":"Nouvelle-Aquitaine"}},{"nom":"Saint-Chabrais","code":"23185","codesPostaux":["23130"],"centre":{"type":"Point","coordinates":[2.2127,46.1259]},"surface":2504.13,"population":317,"departement":{"code":"23","nom":"Creuse"},"region":{"code":"75","nom":"Nouvelle-Aquitaine"}},{"nom":"Saint-Christophe","code":"23186","codesPostaux":["23000"],"centre":{"type":"Point","coordinates":[1.8599,46.0997]},"surface":785.3,"population":148,"departement":{"code":"23","nom":"Creuse"},"region":{"code":"75","nom":"Nouvelle-Aquitaine"}},{"nom":"Saint-Dizier-la-Tour","code":"23187","codesPostaux":["23130"],"centre":{"type":"Point","coordinates":[2.1541,46.1421]},"surface":1697.55,"population":178,"departement":{"code":"23","nom":"Creuse"},"region":{"code":"75","nom":"Nouvelle-Aquitaine"}},{"nom":"Saint-Dizier-les-Domaines","code":"23188","codesPostaux":["23270"],"centre":{"type":"Point","coordinates":[2.0421,46.3232]},"surface":1592.23,"population":207,"departement":{"code":"23","nom":"Creuse"},"region":{"code":"75","nom":"Nouvelle-Aquitaine"}},{"nom":"Saint-Dizier-Masbaraud","code":"23189","codesPostaux":["23400"],"centre":{"type":"Point","coordinates":[1.7149,46.0049]},"surface":6713.74,"population":1143,"departement":{"code":"23","nom":"Creuse"},"region":{"code":"75","nom":"Nouvelle-Aquitaine"}},{"nom":"Saint-Domet","code":"23190","codesPostaux":["23190"],"centre":{"type":"Point","coordinates":[2.2977,46.0529]},"surface":1564.73,"population":160,"departement":{"code":"23","nom":"Creuse"},"region":{"code":"75","nom":"Nouvelle-Aquitaine"}},{"nom":"Saint-Éloi","code":"23191","codesPostaux":["23000"],"centre":{"type":"Point","coordinates":[1.8195,46.0811]},"surface":1567.41,"population":175,"departement":{"code":"23","nom":"Creuse"},"region":{"code":"75","nom":"Nouvelle-Aquitaine"}},{"nom":"Fursac","code":"23192","codesPostaux":["23290"],"centre":{"type":"Point","coordinates":[1.5176,46.1433]},"surface":5910.05,"population":1430,"departement":{"code":"23","nom":"Creuse"},"region":{"code":"75","nom":"Nouvelle-Aquitaine"}},{"nom":"Sainte-Feyre","code":"23193","codesPostaux":["23000"],"centre":{"type":"Point","coordinates":[1.91,46.1594]},"surface":3018.14,"population":2566,"departement":{"code":"23","nom":"Creuse"},"region":{"code":"75","nom":"Nouvelle-Aquitaine"}},{"nom":"Sainte-Feyre-la-Montagne","code":"23194","codesPostaux":["23500"],"centre":{"type":"Point","coordinates":[2.2311,45.8967]},"surface":677.78,"population":121,"departement":{"code":"23","nom":"Creuse"},"region":{"code":"75","nom":"Nouvelle-Aquitaine"}},{"nom":"Saint-Fiel","code":"23195","codesPostaux":["23000"],"centre":{"type":"Point","coordinates":[1.8929,46.2109]},"surface":1667.31,"population":1087,"departement":{"code":"23","nom":"Creuse"},"region":{"code":"75","nom":"Nouvelle-Aquitaine"}},{"nom":"Saint-Frion","code":"23196","codesPostaux":["23500"],"centre":{"type":"Point","coordinates":[2.2237,45.8629]},"surface":1875.73,"population":251,"departement":{"code":"23","nom":"Creuse"},"region":{"code":"75","nom":"Nouvelle-Aquitaine"}},{"nom":"Saint-Georges-la-Pouge","code":"23197","codesPostaux":["23250"],"centre":{"type":"Point","coordinates":[1.9604,45.9975]},"surface":2407.96,"population":355,"departement":{"code":"23","nom":"Creuse"},"region":{"code":"75","nom":"Nouvelle-Aquitaine"}},{"nom":"Saint-Georges-Nigremont","code":"23198","codesPostaux":["23500"],"centre":{"type":"Point","coordinates":[2.2742,45.8343]},"surface":1910.44,"population":134,"departement":{"code":"23","nom":"Creuse"},"region":{"code":"75","nom":"Nouvelle-Aquitaine"}},{"nom":"Saint-Germain-Beaupré","code":"23199","codesPostaux":["23160"],"centre":{"type":"Point","coordinates":[1.5586,46.3164]},"surface":1721.62,"population":352,"departement":{"code":"23","nom":"Creuse"},"region":{"code":"75","nom":"Nouvelle-Aquitaine"}},{"nom":"Saint-Goussaud","code":"23200","codesPostaux":["23430"],"centre":{"type":"Point","coordinates":[1.5636,46.0323]},"surface":2445.61,"population":157,"departement":{"code":"23","nom":"Creuse"},"region":{"code":"75","nom":"Nouvelle-Aquitaine"}},{"nom":"Saint-Hilaire-la-Plaine","code":"23201","codesPostaux":["23150"],"centre":{"type":"Point","coordinates":[1.9886,46.1148]},"surface":1137.05,"population":209,"departement":{"code":"23","nom":"Creuse"},"region":{"code":"75","nom":"Nouvelle-Aquitaine"}},{"nom":"Saint-Hilaire-le-Château","code":"23202","codesPostaux":["23250"],"centre":{"type":"Point","coordinates":[1.8971,45.9922]},"surface":1959.11,"population":224,"departement":{"code":"23","nom":"Creuse"},"region":{"code":"75","nom":"Nouvelle-Aquitaine"}},{"nom":"Saint-Julien-la-Genête","code":"23203","codesPostaux":["23110"],"centre":{"type":"Point","coordinates":[2.4747,46.1424]},"surface":1205.8,"population":215,"departement":{"code":"23","nom":"Creuse"},"region":{"code":"75","nom":"Nouvelle-Aquitaine"}},{"nom":"Saint-Julien-le-Châtel","code":"23204","codesPostaux":["23130"],"centre":{"type":"Point","coordinates":[2.2707,46.122]},"surface":1535.13,"population":158,"departement":{"code":"23","nom":"Creuse"},"region":{"code":"75","nom":"Nouvelle-Aquitaine"}},{"nom":"Saint-Junien-la-Bregère","code":"23205","codesPostaux":["23400"],"centre":{"type":"Point","coordinates":[1.7434,45.8859]},"surface":2550.94,"population":144,"departement":{"code":"23","nom":"Creuse"},"region":{"code":"75","nom":"Nouvelle-Aquitaine"}},{"nom":"Saint-Laurent","code":"23206","codesPostaux":["23000"],"centre":{"type":"Point","coordinates":[1.9631,46.1626]},"surface":1296.84,"population":670,"departement":{"code":"23","nom":"Creuse"},"region":{"code":"75","nom":"Nouvelle-Aquitaine"}},{"nom":"Saint-Léger-Bridereix","code":"23207","codesPostaux":["23300"],"centre":{"type":"Point","coordinates":[1.5765,46.2819]},"surface":856.81,"population":162,"departement":{"code":"23","nom":"Creuse"},"region":{"code":"75","nom":"Nouvelle-Aquitaine"}},{"nom":"Saint-Léger-le-Guérétois","code":"23208","codesPostaux":["23000"],"centre":{"type":"Point","coordinates":[1.8144,46.1505]},"surface":1409.69,"population":401,"departement":{"code":"23","nom":"Creuse"},"region":{"code":"75","nom":"Nouvelle-Aquitaine"}},{"nom":"Saint-Loup","code":"23209","codesPostaux":["23130"],"centre":{"type":"Point","coordinates":[2.2827,46.1471]},"surface":1888.02,"population":201,"departement":{"code":"23","nom":"Creuse"},"region":{"code":"75","nom":"Nouvelle-Aquitaine"}},{"nom":"Saint-Maixant","code":"23210","codesPostaux":["23200"],"centre":{"type":"Point","coordinates":[2.1966,45.9975]},"surface":1386.91,"population":222,"departement":{"code":"23","nom":"Creuse"},"region":{"code":"75","nom":"Nouvelle-Aquitaine"}},{"nom":"Saint-Marc-à-Frongier","code":"23211","codesPostaux":["23200"],"centre":{"type":"Point","coordinates":[2.1095,45.9161]},"surface":2544.95,"population":428,"departement":{"code":"23","nom":"Creuse"},"region":{"code":"75","nom":"Nouvelle-Aquitaine"}},{"nom":"Saint-Marc-à-Loubaud","code":"23212","codesPostaux":["23460"],"centre":{"type":"Point","coordinates":[1.9914,45.8414]},"surface":2036.52,"population":126,"departement":{"code":"23","nom":"Creuse"},"region":{"code":"75","nom":"Nouvelle-Aquitaine"}},{"nom":"Saint-Marien","code":"23213","codesPostaux":["23600"],"centre":{"type":"Point","coordinates":[2.2181,46.4118]},"surface":1290.22,"population":196,"departement":{"code":"23","nom":"Creuse"},"region":{"code":"75","nom":"Nouvelle-Aquitaine"}},{"nom":"Saint-Martial-le-Mont","code":"23214","codesPostaux":["23150"],"centre":{"type":"Point","coordinates":[2.0934,46.0522]},"surface":1026.44,"population":265,"departement":{"code":"23","nom":"Creuse"},"region":{"code":"75","nom":"Nouvelle-Aquitaine"}},{"nom":"Saint-Martial-le-Vieux","code":"23215","codesPostaux":["23100"],"centre":{"type":"Point","coordinates":[2.3089,45.6894]},"surface":2226.07,"population":150,"departement":{"code":"23","nom":"Creuse"},"region":{"code":"75","nom":"Nouvelle-Aquitaine"}},{"nom":"Saint-Martin-Château","code":"23216","codesPostaux":["23460"],"centre":{"type":"Point","coordinates":[1.8103,45.8464]},"surface":3124.35,"population":150,"departement":{"code":"23","nom":"Creuse"},"region":{"code":"75","nom":"Nouvelle-Aquitaine"}},{"nom":"Saint-Martin-Sainte-Catherine","code":"23217","codesPostaux":["23430"],"centre":{"type":"Point","coordinates":[1.5569,45.9449]},"surface":2715.11,"population":330,"departement":{"code":"23","nom":"Creuse"},"region":{"code":"75","nom":"Nouvelle-Aquitaine"}},{"nom":"Saint-Maurice-près-Crocq","code":"23218","codesPostaux":["23260"],"centre":{"type":"Point","coordinates":[2.3104,45.8575]},"surface":1406.78,"population":104,"departement":{"code":"23","nom":"Creuse"},"region":{"code":"75","nom":"Nouvelle-Aquitaine"}},{"nom":"Saint-Maurice-la-Souterraine","code":"23219","codesPostaux":["23300"],"centre":{"type":"Point","coordinates":[1.4234,46.2105]},"surface":3970.44,"population":1116,"departement":{"code":"23","nom":"Creuse"},"region":{"code":"75","nom":"Nouvelle-Aquitaine"}},{"nom":"Saint-Médard-la-Rochette","code":"23220","codesPostaux":["23200"],"centre":{"type":"Point","coordinates":[2.1464,46.0194]},"surface":3887.92,"population":559,"departement":{"code":"23","nom":"Creuse"},"region":{"code":"75","nom":"Nouvelle-Aquitaine"}},{"nom":"Saint-Merd-la-Breuille","code":"23221","codesPostaux":["23100"],"centre":{"type":"Point","coordinates":[2.4329,45.7347]},"surface":4048.03,"population":198,"departement":{"code":"23","nom":"Creuse"},"region":{"code":"75","nom":"Nouvelle-Aquitaine"}},{"nom":"Saint-Michel-de-Veisse","code":"23222","codesPostaux":["23480"],"centre":{"type":"Point","coordinates":[2.0514,45.9504]},"surface":1557.69,"population":165,"departement":{"code":"23","nom":"Creuse"},"region":{"code":"75","nom":"Nouvelle-Aquitaine"}},{"nom":"Saint-Moreil","code":"23223","codesPostaux":["23400"],"centre":{"type":"Point","coordinates":[1.695,45.8639]},"surface":2425.01,"population":229,"departement":{"code":"23","nom":"Creuse"},"region":{"code":"75","nom":"Nouvelle-Aquitaine"}},{"nom":"Saint-Oradoux-de-Chirouze","code":"23224","codesPostaux":["23100"],"centre":{"type":"Point","coordinates":[2.3255,45.7285]},"surface":2856.03,"population":71,"departement":{"code":"23","nom":"Creuse"},"region":{"code":"75","nom":"Nouvelle-Aquitaine"}},{"nom":"Saint-Oradoux-près-Crocq","code":"23225","codesPostaux":["23260"],"centre":{"type":"Point","coordinates":[2.3765,45.8882]},"surface":1337.67,"population":109,"departement":{"code":"23","nom":"Creuse"},"region":{"code":"75","nom":"Nouvelle-Aquitaine"}},{"nom":"Saint-Pardoux-d'Arnet","code":"23226","codesPostaux":["23260"],"centre":{"type":"Point","coordinates":[2.3208,45.8769]},"surface":1640.46,"population":163,"departement":{"code":"23","nom":"Creuse"},"region":{"code":"75","nom":"Nouvelle-Aquitaine"}},{"nom":"Saint-Pardoux-Morterolles","code":"23227","codesPostaux":["23400"],"centre":{"type":"Point","coordinates":[1.8244,45.9048]},"surface":3663.2,"population":211,"departement":{"code":"23","nom":"Creuse"},"region":{"code":"75","nom":"Nouvelle-Aquitaine"}},{"nom":"Saint-Pardoux-le-Neuf","code":"23228","codesPostaux":["23200"],"centre":{"type":"Point","coordinates":[2.2307,45.9344]},"surface":752.14,"population":189,"departement":{"code":"23","nom":"Creuse"},"region":{"code":"75","nom":"Nouvelle-Aquitaine"}},{"nom":"Saint-Pardoux-les-Cards","code":"23229","codesPostaux":["23150"],"centre":{"type":"Point","coordinates":[2.1214,46.0908]},"surface":2466.9,"population":291,"departement":{"code":"23","nom":"Creuse"},"region":{"code":"75","nom":"Nouvelle-Aquitaine"}},{"nom":"Saint-Pierre-Chérignat","code":"23230","codesPostaux":["23430"],"centre":{"type":"Point","coordinates":[1.6137,45.9583]},"surface":2358.76,"population":164,"departement":{"code":"23","nom":"Creuse"},"region":{"code":"75","nom":"Nouvelle-Aquitaine"}},{"nom":"Saint-Pierre-Bellevue","code":"23232","codesPostaux":["23460"],"centre":{"type":"Point","coordinates":[1.8981,45.9074]},"surface":3290.64,"population":215,"departement":{"code":"23","nom":"Creuse"},"region":{"code":"75","nom":"Nouvelle-Aquitaine"}},{"nom":"Saint-Pierre-le-Bost","code":"23233","codesPostaux":["23600"],"centre":{"type":"Point","coordinates":[2.2592,46.3957]},"surface":1718.6,"population":119,"departement":{"code":"23","nom":"Creuse"},"region":{"code":"75","nom":"Nouvelle-Aquitaine"}},{"nom":"Saint-Priest","code":"23234","codesPostaux":["23110"],"centre":{"type":"Point","coordinates":[2.3515,46.0987]},"surface":2224.18,"population":149,"departement":{"code":"23","nom":"Creuse"},"region":{"code":"75","nom":"Nouvelle-Aquitaine"}},{"nom":"Saint-Priest-la-Feuille","code":"23235","codesPostaux":["23300"],"centre":{"type":"Point","coordinates":[1.5372,46.2001]},"surface":2771.43,"population":718,"departement":{"code":"23","nom":"Creuse"},"region":{"code":"75","nom":"Nouvelle-Aquitaine"}},{"nom":"Saint-Priest-la-Plaine","code":"23236","codesPostaux":["23240"],"centre":{"type":"Point","coordinates":[1.6313,46.2044]},"surface":2187.63,"population":258,"departement":{"code":"23","nom":"Creuse"},"region":{"code":"75","nom":"Nouvelle-Aquitaine"}},{"nom":"Saint-Priest-Palus","code":"23237","codesPostaux":["23400"],"centre":{"type":"Point","coordinates":[1.6762,45.8904]},"surface":1064.08,"population":51,"departement":{"code":"23","nom":"Creuse"},"region":{"code":"75","nom":"Nouvelle-Aquitaine"}},{"nom":"Saint-Quentin-la-Chabanne","code":"23238","codesPostaux":["23500"],"centre":{"type":"Point","coordinates":[2.1509,45.8889]},"surface":3001.58,"population":362,"departement":{"code":"23","nom":"Creuse"},"region":{"code":"75","nom":"Nouvelle-Aquitaine"}},{"nom":"Saint-Sébastien","code":"23239","codesPostaux":["23160"],"centre":{"type":"Point","coordinates":[1.5332,46.3957]},"surface":2534.86,"population":612,"departement":{"code":"23","nom":"Creuse"},"region":{"code":"75","nom":"Nouvelle-Aquitaine"}},{"nom":"Saint-Silvain-Bas-le-Roc","code":"23240","codesPostaux":["23600"],"centre":{"type":"Point","coordinates":[2.2189,46.3312]},"surface":1547.83,"population":410,"departement":{"code":"23","nom":"Creuse"},"region":{"code":"75","nom":"Nouvelle-Aquitaine"}},{"nom":"Saint-Silvain-Bellegarde","code":"23241","codesPostaux":["23190"],"centre":{"type":"Point","coordinates":[2.3053,45.9682]},"surface":2084.08,"population":189,"departement":{"code":"23","nom":"Creuse"},"region":{"code":"75","nom":"Nouvelle-Aquitaine"}},{"nom":"Saint-Silvain-Montaigut","code":"23242","codesPostaux":["23320"],"centre":{"type":"Point","coordinates":[1.7612,46.142]},"surface":967.43,"population":194,"departement":{"code":"23","nom":"Creuse"},"region":{"code":"75","nom":"Nouvelle-Aquitaine"}},{"nom":"Saint-Silvain-sous-Toulx","code":"23243","codesPostaux":["23140"],"centre":{"type":"Point","coordinates":[2.1864,46.2595]},"surface":1482.76,"population":146,"departement":{"code":"23","nom":"Creuse"},"region":{"code":"75","nom":"Nouvelle-Aquitaine"}},{"nom":"Saint-Sulpice-le-Dunois","code":"23244","codesPostaux":["23800"],"centre":{"type":"Point","coordinates":[1.7241,46.3019]},"surface":3074.94,"population":564,"departement":{"code":"23","nom":"Creuse"},"region":{"code":"75","nom":"Nouvelle-Aquitaine"}},{"nom":"Saint-Sulpice-le-Guérétois","code":"23245","codesPostaux":["23000"],"centre":{"type":"Point","coordinates":[1.8292,46.1969]},"surface":3652.46,"population":1892,"departement":{"code":"23","nom":"Creuse"},"region":{"code":"75","nom":"Nouvelle-Aquitaine"}},{"nom":"Saint-Sulpice-les-Champs","code":"23246","codesPostaux":["23480"],"centre":{"type":"Point","coordinates":[2.0295,45.9918]},"surface":2170.39,"population":340,"departement":{"code":"23","nom":"Creuse"},"region":{"code":"75","nom":"Nouvelle-Aquitaine"}},{"nom":"Saint-Vaury","code":"23247","codesPostaux":["23320"],"centre":{"type":"Point","coordinates":[1.7422,46.1962]},"surface":4690.03,"population":1718,"departement":{"code":"23","nom":"Creuse"},"region":{"code":"75","nom":"Nouvelle-Aquitaine"}},{"nom":"Saint-Victor-en-Marche","code":"23248","codesPostaux":["23000"],"centre":{"type":"Point","coordinates":[1.8012,46.1226]},"surface":1651.89,"population":359,"departement":{"code":"23","nom":"Creuse"},"region":{"code":"75","nom":"Nouvelle-Aquitaine"}},{"nom":"Saint-Yrieix-la-Montagne","code":"23249","codesPostaux":["23460"],"centre":{"type":"Point","coordinates":[2.0002,45.8733]},"surface":2392.46,"population":219,"departement":{"code":"23","nom":"Creuse"},"region":{"code":"75","nom":"Nouvelle-Aquitaine"}},{"nom":"Saint-Yrieix-les-Bois","code":"23250","codesPostaux":["23150"],"centre":{"type":"Point","coordinates":[1.9577,46.0933]},"surface":1598.99,"population":275,"departement":{"code":"23","nom":"Creuse"},"region":{"code":"75","nom":"Nouvelle-Aquitaine"}},{"nom":"Tardes","code":"23251","codesPostaux":["23170"],"centre":{"type":"Point","coordinates":[2.359,46.1419]},"surface":2160.27,"population":119,"departement":{"code":"23","nom":"Creuse"},"region":{"code":"75","nom":"Nouvelle-Aquitaine"}},{"nom":"Tercillat","code":"23252","codesPostaux":["23350"],"centre":{"type":"Point","coordinates":[2.0575,46.4014]},"surface":1393.47,"population":158,"departement":{"code":"23","nom":"Creuse"},"region":{"code":"75","nom":"Nouvelle-Aquitaine"}},{"nom":"Thauron","code":"23253","codesPostaux":["23250"],"centre":{"type":"Point","coordinates":[1.8029,46.0032]},"surface":2229.26,"population":166,"departement":{"code":"23","nom":"Creuse"},"region":{"code":"75","nom":"Nouvelle-Aquitaine"}},{"nom":"Toulx-Sainte-Croix","code":"23254","codesPostaux":["23600"],"centre":{"type":"Point","coordinates":[2.2133,46.2884]},"surface":3516.97,"population":252,"departement":{"code":"23","nom":"Creuse"},"region":{"code":"75","nom":"Nouvelle-Aquitaine"}},{"nom":"Trois-Fonds","code":"23255","codesPostaux":["23230"],"centre":{"type":"Point","coordinates":[2.2362,46.2398]},"surface":965.74,"population":141,"departement":{"code":"23","nom":"Creuse"},"region":{"code":"75","nom":"Nouvelle-Aquitaine"}},{"nom":"Vallière","code":"23257","codesPostaux":["23120"],"centre":{"type":"Point","coordinates":[2.0389,45.909]},"surface":4817.63,"population":705,"departement":{"code":"23","nom":"Creuse"},"region":{"code":"75","nom":"Nouvelle-Aquitaine"}},{"nom":"Vareilles","code":"23258","codesPostaux":["23300"],"centre":{"type":"Point","coordinates":[1.4562,46.3012]},"surface":1775.2,"population":331,"departement":{"code":"23","nom":"Creuse"},"region":{"code":"75","nom":"Nouvelle-Aquitaine"}},{"nom":"Verneiges","code":"23259","codesPostaux":["23170"],"centre":{"type":"Point","coordinates":[2.3387,46.2643]},"surface":764.63,"population":119,"departement":{"code":"23","nom":"Creuse"},"region":{"code":"75","nom":"Nouvelle-Aquitaine"}},{"nom":"Vidaillat","code":"23260","codesPostaux":["23250"],"centre":{"type":"Point","coordinates":[1.9042,45.9595]},"surface":2358.89,"population":204,"departement":{"code":"23","nom":"Creuse"},"region":{"code":"75","nom":"Nouvelle-Aquitaine"}},{"nom":"Viersat","code":"23261","codesPostaux":["23170"],"centre":{"type":"Point","coordinates":[2.4473,46.2628]},"surface":2934.59,"population":278,"departement":{"code":"23","nom":"Creuse"},"region":{"code":"75","nom":"Nouvelle-Aquitaine"}},{"nom":"Vigeville","code":"23262","codesPostaux":["23140"],"centre":{"type":"Point","coordinates":[2.0736,46.1585]},"surface":744.11,"population":164,"departement":{"code":"23","nom":"Creuse"},"region":{"code":"75","nom":"Nouvelle-Aquitaine"}},{"nom":"Villard","code":"23263","codesPostaux":["23800"],"centre":{"type":"Point","coordinates":[1.6997,46.3327]},"surface":1638.45,"population":381,"departement":{"code":"23","nom":"Creuse"},"region":{"code":"75","nom":"Nouvelle-Aquitaine"}},{"nom":"La Villedieu","code":"23264","codesPostaux":["23340"],"centre":{"type":"Point","coordinates":[1.8918,45.7345]},"surface":570.04,"population":52,"departement":{"code":"23","nom":"Creuse"},"region":{"code":"75","nom":"Nouvelle-Aquitaine"}},{"nom":"La Villeneuve","code":"23265","codesPostaux":["23260"],"centre":{"type":"Point","coordinates":[2.4146,45.8961]},"surface":449.14,"population":44,"departement":{"code":"23","nom":"Creuse"},"region":{"code":"75","nom":"Nouvelle-Aquitaine"}},{"nom":"La Villetelle","code":"23266","codesPostaux":["23260"],"centre":{"type":"Point","coordinates":[2.3378,45.9277]},"surface":1613.84,"population":163,"departement":{"code":"23","nom":"Creuse"},"region":{"code":"75","nom":"Nouvelle-Aquitaine"}}]