[{"nom":"Aghione","code":"2B002","codesPostaux":["20270"],"centre":{"type":"Point","coordinates":[9.4064,42.0934]},"surface":3387.15,"population":258,"departement":{"code":"2B","nom":"Haute-Corse"},"region":{"code":"94","nom":"Corse"}},{"nom":"Aiti","code":"2B003","codesPostaux":["20244"],"centre":{"type":"Point","coordinates":[9.2284,42.4026]},"surface":1212.94,"population":27,"departement":{"code":"2B","nom":"Haute-Corse"},"region":{"code":"94","nom":"Corse"}},{"nom":"Alando","code":"2B005","codesPostaux":["20212"],"centre":{"type":"Point","coordinates":[9.2899,42.3083]},"surface":306.14,"population":30,"departement":{"code":"2B","nom":"Haute-Corse"},"region":{"code":"94","nom":"Corse"}},{"nom":"Albertacce","code":"2B007","codesPostaux":["20224"],"centre":{"type":"Point","coordinates":[8.9277,42.3145]},"surface":9694.91,"population":196,"departement":{"code":"2B","nom":"Haute-Corse"},"region":{"code":"94","nom":"Corse"}},{"nom":"Aléria","code":"2B009","codesPostaux":["20270"],"centre":{"type":"Point","coordinates":[9.4972,42.0993]},"surface":6311.61,"population":2267,"departement":{"code":"2B","nom":"Haute-Corse"},"region":{"code":"94","nom":"Corse"}},{"nom":"Algajola","code":"2B010","codesPostaux":["20220"],"centre":{"type":"Point","coordinates":[8.8587,42.6051]},"surface":168.72,"population":363,"departement":{"code":"2B","nom":"Haute-Corse"},"region":{"code":"94","nom":"Corse"}},{"nom":"Altiani","code":"2B012","codesPostaux":["20251"],"centre":{"type":"Point","coordinates":[9.2766,42.2198]},"surface":1848.11,"population":53,"departement":{"code":"2B","nom":"Haute-Corse"},"region":{"code":"94","nom":"Corse"}},{"nom":"Alzi","code":"2B013","codesPostaux":["20212"],"centre":{"type":"Point","coordinates":[9.3175,42.3133]},"surface":269.7,"population":27,"departement":{"code":"2B","nom":"Haute-Corse"},"region":{"code":"94","nom":"Corse"}},{"nom":"Ampriani","code":"2B015","codesPostaux":["20272"],"centre":{"type":"Point","coordinates":[9.3566,42.2537]},"surface":230.61,"population":23,"departement":{"code":"2B","nom":"Haute-Corse"},"region":{"code":"94","nom":"Corse"}},{"nom":"Antisanti","code":"2B016","codesPostaux":["20270"],"centre":{"type":"Point","coordinates":[9.3861,42.157]},"surface":4813.03,"population":591,"departement":{"code":"2B","nom":"Haute-Corse"},"region":{"code":"94","nom":"Corse"}},{"nom":"Aregno","code":"2B020","codesPostaux":["20220"],"centre":{"type":"Point","coordinates":[8.8765,42.5943]},"surface":929.69,"population":588,"departement":{"code":"2B","nom":"Haute-Corse"},"region":{"code":"94","nom":"Corse"}},{"nom":"Asco","code":"2B023","codesPostaux":["20276"],"centre":{"type":"Point","coordinates":[8.9924,42.4386]},"surface":12385.08,"population":116,"departement":{"code":"2B","nom":"Haute-Corse"},"region":{"code":"94","nom":"Corse"}},{"nom":"Avapessa","code":"2B025","codesPostaux":["20225"],"centre":{"type":"Point","coordinates":[8.8962,42.5592]},"surface":325.13,"population":80,"departement":{"code":"2B","nom":"Haute-Corse"},"region":{"code":"94","nom":"Corse"}},{"nom":"Barbaggio","code":"2B029","codesPostaux":["20253"],"centre":{"type":"Point","coordinates":[9.3636,42.6826]},"surface":1090.06,"population":362,"departement":{"code":"2B","nom":"Haute-Corse"},"region":{"code":"94","nom":"Corse"}},{"nom":"Barrettali","code":"2B030","codesPostaux":["20228"],"centre":{"type":"Point","coordinates":[9.3614,42.8732]},"surface":1823.44,"population":174,"departement":{"code":"2B","nom":"Haute-Corse"},"region":{"code":"94","nom":"Corse"}},{"nom":"Bastia","code":"2B033","codesPostaux":["20200","20600"],"centre":{"type":"Point","coordinates":[9.424,42.6861]},"surface":1991.68,"population":46867,"departement":{"code":"2B","nom":"Haute-Corse"},"region":{"code":"94","nom":"Corse"}},{"nom":"Belgodère","code":"2B034","codesPostaux":["20226"],"centre":{"type":"Point","coordinates":[9.0196,42.6085]},"surface":1305.07,"population":835,"departement":{"code":"2B","nom":"Haute-Corse"},"region":{"code":"94","nom":"Corse"}},{"nom":"Bigorno","code":"2B036","codesPostaux":["20252"],"centre":{"type":"Point","coordinates":[9.3044,42.5274]},"surface":895.1,"population":97,"departement":{"code":"2B","nom":"Haute-Corse"},"region":{"code":"94","nom":"Corse"}},{"nom":"Biguglia","code":"2B037","codesPostaux":["20620"],"centre":{"type":"Point","coordinates":[9.4401,42.6133]},"surface":2670.45,"population":7642,"departement":{"code":"2B","nom":"Haute-Corse"},"region":{"code":"94","nom":"Corse"}},{"nom":"Bisinchi","code":"2B039","codesPostaux":["20235"],"centre":{"type":"Point","coordinates":[9.3137,42.4816]},"surface":1269.39,"population":183,"departement":{"code":"2B","nom":"Haute-Corse"},"region":{"code":"94","nom":"Corse"}},{"nom":"Borgo","code":"2B042","codesPostaux":["20290"],"centre":{"type":"Point","coordinates":[9.4546,42.5809]},"surface":4817.2,"population":10311,"departement":{"code":"2B","nom":"Haute-Corse"},"region":{"code":"94","nom":"Corse"}},{"nom":"Brando","code":"2B043","codesPostaux":["20222"],"centre":{"type":"Point","coordinates":[9.4527,42.7771]},"surface":2219.02,"population":1584,"departement":{"code":"2B","nom":"Haute-Corse"},"region":{"code":"94","nom":"Corse"}},{"nom":"Bustanico","code":"2B045","codesPostaux":["20212"],"centre":{"type":"Point","coordinates":[9.3112,42.326]},"surface":1156.27,"population":65,"departement":{"code":"2B","nom":"Haute-Corse"},"region":{"code":"94","nom":"Corse"}},{"nom":"Cagnano","code":"2B046","codesPostaux":["20228"],"centre":{"type":"Point","coordinates":[9.4431,42.8725]},"surface":1477.25,"population":148,"departement":{"code":"2B","nom":"Haute-Corse"},"region":{"code":"94","nom":"Corse"}},{"nom":"Calacuccia","code":"2B047","codesPostaux":["20224"],"centre":{"type":"Point","coordinates":[9.0345,42.3242]},"surface":1820.87,"population":272,"departement":{"code":"2B","nom":"Haute-Corse"},"region":{"code":"94","nom":"Corse"}},{"nom":"Calenzana","code":"2B049","codesPostaux":["20214","20260"],"centre":{"type":"Point","coordinates":[8.7864,42.4736]},"surface":18388.85,"population":2684,"departement":{"code":"2B","nom":"Haute-Corse"},"region":{"code":"94","nom":"Corse"}},{"nom":"Calvi","code":"2B050","codesPostaux":["20260"],"centre":{"type":"Point","coordinates":[8.7611,42.5498]},"surface":3150.42,"population":5788,"departement":{"code":"2B","nom":"Haute-Corse"},"region":{"code":"94","nom":"Corse"}},{"nom":"Cambia","code":"2B051","codesPostaux":["20244"],"centre":{"type":"Point","coordinates":[9.303,42.367]},"surface":835.47,"population":61,"departement":{"code":"2B","nom":"Haute-Corse"},"region":{"code":"94","nom":"Corse"}},{"nom":"Campana","code":"2B052","codesPostaux":["20229"],"centre":{"type":"Point","coordinates":[9.3418,42.3892]},"surface":234.58,"population":22,"departement":{"code":"2B","nom":"Haute-Corse"},"region":{"code":"94","nom":"Corse"}},{"nom":"Campi","code":"2B053","codesPostaux":["20270"],"centre":{"type":"Point","coordinates":[9.424,42.268]},"surface":486.42,"population":19,"departement":{"code":"2B","nom":"Haute-Corse"},"region":{"code":"94","nom":"Corse"}},{"nom":"Campile","code":"2B054","codesPostaux":["20290"],"centre":{"type":"Point","coordinates":[9.3575,42.4947]},"surface":976.03,"population":181,"departement":{"code":"2B","nom":"Haute-Corse"},"region":{"code":"94","nom":"Corse"}},{"nom":"Campitello","code":"2B055","codesPostaux":["20252"],"centre":{"type":"Point","coordinates":[9.3279,42.5272]},"surface":817.63,"population":107,"departement":{"code":"2B","nom":"Haute-Corse"},"region":{"code":"94","nom":"Corse"}},{"nom":"Canale-di-Verde","code":"2B057","codesPostaux":["20230"],"centre":{"type":"Point","coordinates":[9.4997,42.2634]},"surface":1460.43,"population":302,"departement":{"code":"2B","nom":"Haute-Corse"},"region":{"code":"94","nom":"Corse"}},{"nom":"Canari","code":"2B058","codesPostaux":["20217"],"centre":{"type":"Point","coordinates":[9.3506,42.8393]},"surface":1686.7,"population":305,"departement":{"code":"2B","nom":"Haute-Corse"},"region":{"code":"94","nom":"Corse"}},{"nom":"Canavaggia","code":"2B059","codesPostaux":["20235"],"centre":{"type":"Point","coordinates":[9.2341,42.4987]},"surface":3498.55,"population":123,"departement":{"code":"2B","nom":"Haute-Corse"},"region":{"code":"94","nom":"Corse"}},{"nom":"Carcheto-Brustico","code":"2B063","codesPostaux":["20229"],"centre":{"type":"Point","coordinates":[9.3593,42.3554]},"surface":520.93,"population":57,"departement":{"code":"2B","nom":"Haute-Corse"},"region":{"code":"94","nom":"Corse"}},{"nom":"Carpineto","code":"2B067","codesPostaux":["20229"],"centre":{"type":"Point","coordinates":[9.3793,42.3561]},"surface":243.47,"population":38,"departement":{"code":"2B","nom":"Haute-Corse"},"region":{"code":"94","nom":"Corse"}},{"nom":"Carticasi","code":"2B068","codesPostaux":["20244"],"centre":{"type":"Point","coordinates":[9.3052,42.3485]},"surface":1312.7,"population":25,"departement":{"code":"2B","nom":"Haute-Corse"},"region":{"code":"94","nom":"Corse"}},{"nom":"Casabianca","code":"2B069","codesPostaux":["20237"],"centre":{"type":"Point","coordinates":[9.3748,42.4467]},"surface":366.06,"population":123,"departement":{"code":"2B","nom":"Haute-Corse"},"region":{"code":"94","nom":"Corse"}},{"nom":"Casalta","code":"2B072","codesPostaux":["20215"],"centre":{"type":"Point","coordinates":[9.4258,42.4367]},"surface":491.26,"population":51,"departement":{"code":"2B","nom":"Haute-Corse"},"region":{"code":"94","nom":"Corse"}},{"nom":"Casamaccioli","code":"2B073","codesPostaux":["20224"],"centre":{"type":"Point","coordinates":[8.9828,42.2832]},"surface":3627.09,"population":115,"departement":{"code":"2B","nom":"Haute-Corse"},"region":{"code":"94","nom":"Corse"}},{"nom":"Casanova","code":"2B074","codesPostaux":["20250"],"centre":{"type":"Point","coordinates":[9.1502,42.2589]},"surface":989.9,"population":384,"departement":{"code":"2B","nom":"Haute-Corse"},"region":{"code":"94","nom":"Corse"}},{"nom":"Casevecchie","code":"2B075","codesPostaux":["20270"],"centre":{"type":"Point","coordinates":[9.3678,42.1368]},"surface":902.09,"population":69,"departement":{"code":"2B","nom":"Haute-Corse"},"region":{"code":"94","nom":"Corse"}},{"nom":"Castellare-di-Casinca","code":"2B077","codesPostaux":["20213"],"centre":{"type":"Point","coordinates":[9.5003,42.4718]},"surface":910.93,"population":701,"departement":{"code":"2B","nom":"Haute-Corse"},"region":{"code":"94","nom":"Corse"}},{"nom":"Castellare-di-Mercurio","code":"2B078","codesPostaux":["20212"],"centre":{"type":"Point","coordinates":[9.2439,42.3121]},"surface":612.17,"population":31,"departement":{"code":"2B","nom":"Haute-Corse"},"region":{"code":"94","nom":"Corse"}},{"nom":"Castello-di-Rostino","code":"2B079","codesPostaux":["20235"],"centre":{"type":"Point","coordinates":[9.2967,42.4732]},"surface":1248.43,"population":522,"departement":{"code":"2B","nom":"Haute-Corse"},"region":{"code":"94","nom":"Corse"}},{"nom":"Castifao","code":"2B080","codesPostaux":["20218"],"centre":{"type":"Point","coordinates":[9.1339,42.5308]},"surface":4240.14,"population":168,"departement":{"code":"2B","nom":"Haute-Corse"},"region":{"code":"94","nom":"Corse"}},{"nom":"Castiglione","code":"2B081","codesPostaux":["20218"],"centre":{"type":"Point","coordinates":[9.1129,42.4084]},"surface":2315.46,"population":40,"departement":{"code":"2B","nom":"Haute-Corse"},"region":{"code":"94","nom":"Corse"}},{"nom":"Castineta","code":"2B082","codesPostaux":["20218"],"centre":{"type":"Point","coordinates":[9.2732,42.4254]},"surface":939,"population":34,"departement":{"code":"2B","nom":"Haute-Corse"},"region":{"code":"94","nom":"Corse"}},{"nom":"Castirla","code":"2B083","codesPostaux":["20236"],"centre":{"type":"Point","coordinates":[9.1246,42.3666]},"surface":2449.01,"population":166,"departement":{"code":"2B","nom":"Haute-Corse"},"region":{"code":"94","nom":"Corse"}},{"nom":"Cateri","code":"2B084","codesPostaux":["20225"],"centre":{"type":"Point","coordinates":[8.897,42.5678]},"surface":321.43,"population":247,"departement":{"code":"2B","nom":"Haute-Corse"},"region":{"code":"94","nom":"Corse"}},{"nom":"Centuri","code":"2B086","codesPostaux":["20238"],"centre":{"type":"Point","coordinates":[9.3685,42.9715]},"surface":857.05,"population":175,"departement":{"code":"2B","nom":"Haute-Corse"},"region":{"code":"94","nom":"Corse"}},{"nom":"Cervione","code":"2B087","codesPostaux":["20221"],"centre":{"type":"Point","coordinates":[9.5114,42.3193]},"surface":1147.98,"population":2149,"departement":{"code":"2B","nom":"Haute-Corse"},"region":{"code":"94","nom":"Corse"}},{"nom":"Chiatra","code":"2B088","codesPostaux":["20230"],"centre":{"type":"Point","coordinates":[9.4867,42.2854]},"surface":827.47,"population":231,"departement":{"code":"2B","nom":"Haute-Corse"},"region":{"code":"94","nom":"Corse"}},{"nom":"Corbara","code":"2B093","codesPostaux":["20220","20256"],"centre":{"type":"Point","coordinates":[8.8995,42.6197]},"surface":1012.32,"population":962,"departement":{"code":"2B","nom":"Haute-Corse"},"region":{"code":"94","nom":"Corse"}},{"nom":"Corscia","code":"2B095","codesPostaux":["20224"],"centre":{"type":"Point","coordinates":[9.0453,42.3627]},"surface":5894.89,"population":123,"departement":{"code":"2B","nom":"Haute-Corse"},"region":{"code":"94","nom":"Corse"}},{"nom":"Corte","code":"2B096","codesPostaux":["20250"],"centre":{"type":"Point","coordinates":[9.0691,42.2737]},"surface":14909.96,"population":7819,"departement":{"code":"2B","nom":"Haute-Corse"},"region":{"code":"94","nom":"Corse"}},{"nom":"Costa","code":"2B097","codesPostaux":["20226"],"centre":{"type":"Point","coordinates":[8.9986,42.5764]},"surface":107.01,"population":49,"departement":{"code":"2B","nom":"Haute-Corse"},"region":{"code":"94","nom":"Corse"}},{"nom":"Croce","code":"2B101","codesPostaux":["20237"],"centre":{"type":"Point","coordinates":[9.3578,42.4081]},"surface":644.94,"population":78,"departement":{"code":"2B","nom":"Haute-Corse"},"region":{"code":"94","nom":"Corse"}},{"nom":"Crocicchia","code":"2B102","codesPostaux":["20290"],"centre":{"type":"Point","coordinates":[9.3528,42.4737]},"surface":426.32,"population":81,"departement":{"code":"2B","nom":"Haute-Corse"},"region":{"code":"94","nom":"Corse"}},{"nom":"Erbajolo","code":"2B105","codesPostaux":["20212"],"centre":{"type":"Point","coordinates":[9.2642,42.252]},"surface":1559.9,"population":90,"departement":{"code":"2B","nom":"Haute-Corse"},"region":{"code":"94","nom":"Corse"}},{"nom":"Érone","code":"2B106","codesPostaux":["20244"],"centre":{"type":"Point","coordinates":[9.2665,42.3755]},"surface":396.67,"population":9,"departement":{"code":"2B","nom":"Haute-Corse"},"region":{"code":"94","nom":"Corse"}},{"nom":"Ersa","code":"2B107","codesPostaux":["20275"],"centre":{"type":"Point","coordinates":[9.3791,42.9913]},"surface":2027.76,"population":124,"departement":{"code":"2B","nom":"Haute-Corse"},"region":{"code":"94","nom":"Corse"}},{"nom":"Farinole","code":"2B109","codesPostaux":["20253"],"centre":{"type":"Point","coordinates":[9.3631,42.7306]},"surface":1478.5,"population":236,"departement":{"code":"2B","nom":"Haute-Corse"},"region":{"code":"94","nom":"Corse"}},{"nom":"Favalello","code":"2B110","codesPostaux":["20212"],"centre":{"type":"Point","coordinates":[9.2519,42.2886]},"surface":553.71,"population":71,"departement":{"code":"2B","nom":"Haute-Corse"},"region":{"code":"94","nom":"Corse"}},{"nom":"Felce","code":"2B111","codesPostaux":["20234"],"centre":{"type":"Point","coordinates":[9.4278,42.3467]},"surface":470.81,"population":54,"departement":{"code":"2B","nom":"Haute-Corse"},"region":{"code":"94","nom":"Corse"}},{"nom":"Feliceto","code":"2B112","codesPostaux":["20225"],"centre":{"type":"Point","coordinates":[8.9415,42.5515]},"surface":1527.84,"population":232,"departement":{"code":"2B","nom":"Haute-Corse"},"region":{"code":"94","nom":"Corse"}},{"nom":"Ficaja","code":"2B113","codesPostaux":["20237"],"centre":{"type":"Point","coordinates":[9.3777,42.4205]},"surface":508.17,"population":54,"departement":{"code":"2B","nom":"Haute-Corse"},"region":{"code":"94","nom":"Corse"}},{"nom":"Focicchia","code":"2B116","codesPostaux":["20212"],"centre":{"type":"Point","coordinates":[9.2856,42.2472]},"surface":723.34,"population":36,"departement":{"code":"2B","nom":"Haute-Corse"},"region":{"code":"94","nom":"Corse"}},{"nom":"Furiani","code":"2B120","codesPostaux":["20600"],"centre":{"type":"Point","coordinates":[9.4213,42.6548]},"surface":1899.93,"population":6585,"departement":{"code":"2B","nom":"Haute-Corse"},"region":{"code":"94","nom":"Corse"}},{"nom":"Galéria","code":"2B121","codesPostaux":["20245"],"centre":{"type":"Point","coordinates":[8.706,42.4048]},"surface":13609.81,"population":395,"departement":{"code":"2B","nom":"Haute-Corse"},"region":{"code":"94","nom":"Corse"}},{"nom":"Gavignano","code":"2B122","codesPostaux":["20218"],"centre":{"type":"Point","coordinates":[9.2642,42.4228]},"surface":1079.46,"population":61,"departement":{"code":"2B","nom":"Haute-Corse"},"region":{"code":"94","nom":"Corse"}},{"nom":"Ghisonaccia","code":"2B123","codesPostaux":["20240"],"centre":{"type":"Point","coordinates":[9.4192,42.0454]},"surface":7605.57,"population":4405,"departement":{"code":"2B","nom":"Haute-Corse"},"region":{"code":"94","nom":"Corse"}},{"nom":"Ghisoni","code":"2B124","codesPostaux":["20227"],"centre":{"type":"Point","coordinates":[9.2365,42.094]},"surface":12559.43,"population":182,"departement":{"code":"2B","nom":"Haute-Corse"},"region":{"code":"94","nom":"Corse"}},{"nom":"Giocatojo","code":"2B125","codesPostaux":["20237"],"centre":{"type":"Point","coordinates":[9.3439,42.4442]},"surface":244.89,"population":46,"departement":{"code":"2B","nom":"Haute-Corse"},"region":{"code":"94","nom":"Corse"}},{"nom":"Giuncaggio","code":"2B126","codesPostaux":["20251"],"centre":{"type":"Point","coordinates":[9.398,42.1829]},"surface":1604.92,"population":91,"departement":{"code":"2B","nom":"Haute-Corse"},"region":{"code":"94","nom":"Corse"}},{"nom":"L'Île-Rousse","code":"2B134","codesPostaux":["20220"],"centre":{"type":"Point","coordinates":[8.9364,42.6344]},"surface":258.8,"population":3231,"departement":{"code":"2B","nom":"Haute-Corse"},"region":{"code":"94","nom":"Corse"}},{"nom":"Isolaccio-di-Fiumorbo","code":"2B135","codesPostaux":["20243"],"centre":{"type":"Point","coordinates":[9.2694,42.0169]},"surface":4131.7,"population":330,"departement":{"code":"2B","nom":"Haute-Corse"},"region":{"code":"94","nom":"Corse"}},{"nom":"Lama","code":"2B136","codesPostaux":["20218"],"centre":{"type":"Point","coordinates":[9.169,42.5831]},"surface":1996.75,"population":155,"departement":{"code":"2B","nom":"Haute-Corse"},"region":{"code":"94","nom":"Corse"}},{"nom":"Lano","code":"2B137","codesPostaux":["20244"],"centre":{"type":"Point","coordinates":[9.2298,42.3753]},"surface":824.66,"population":21,"departement":{"code":"2B","nom":"Haute-Corse"},"region":{"code":"94","nom":"Corse"}},{"nom":"Lavatoggio","code":"2B138","codesPostaux":["20225"],"centre":{"type":"Point","coordinates":[8.8624,42.5754]},"surface":684.5,"population":154,"departement":{"code":"2B","nom":"Haute-Corse"},"region":{"code":"94","nom":"Corse"}},{"nom":"Lento","code":"2B140","codesPostaux":["20252"],"centre":{"type":"Point","coordinates":[9.2642,42.5259]},"surface":2355.93,"population":117,"departement":{"code":"2B","nom":"Haute-Corse"},"region":{"code":"94","nom":"Corse"}},{"nom":"Linguizzetta","code":"2B143","codesPostaux":["20230"],"centre":{"type":"Point","coordinates":[9.5014,42.2144]},"surface":6476.96,"population":1166,"departement":{"code":"2B","nom":"Haute-Corse"},"region":{"code":"94","nom":"Corse"}},{"nom":"Loreto-di-Casinca","code":"2B145","codesPostaux":["20215"],"centre":{"type":"Point","coordinates":[9.4268,42.4767]},"surface":812.32,"population":188,"departement":{"code":"2B","nom":"Haute-Corse"},"region":{"code":"94","nom":"Corse"}},{"nom":"Lozzi","code":"2B147","codesPostaux":["20224"],"centre":{"type":"Point","coordinates":[8.9773,42.3624]},"surface":3062.29,"population":110,"departement":{"code":"2B","nom":"Haute-Corse"},"region":{"code":"94","nom":"Corse"}},{"nom":"Lucciana","code":"2B148","codesPostaux":["20290"],"centre":{"type":"Point","coordinates":[9.465,42.5393]},"surface":2911.3,"population":6923,"departement":{"code":"2B","nom":"Haute-Corse"},"region":{"code":"94","nom":"Corse"}},{"nom":"Lugo-di-Nazza","code":"2B149","codesPostaux":["20240"],"centre":{"type":"Point","coordinates":[9.3225,42.0722]},"surface":2534.49,"population":85,"departement":{"code":"2B","nom":"Haute-Corse"},"region":{"code":"94","nom":"Corse"}},{"nom":"Lumio","code":"2B150","codesPostaux":["20260"],"centre":{"type":"Point","coordinates":[8.8262,42.5801]},"surface":1947.07,"population":1224,"departement":{"code":"2B","nom":"Haute-Corse"},"region":{"code":"94","nom":"Corse"}},{"nom":"Luri","code":"2B152","codesPostaux":["20228"],"centre":{"type":"Point","coordinates":[9.4192,42.8912]},"surface":2759.19,"population":872,"departement":{"code":"2B","nom":"Haute-Corse"},"region":{"code":"94","nom":"Corse"}},{"nom":"Manso","code":"2B153","codesPostaux":["20245"],"centre":{"type":"Point","coordinates":[8.814,42.3686]},"surface":12094.17,"population":116,"departement":{"code":"2B","nom":"Haute-Corse"},"region":{"code":"94","nom":"Corse"}},{"nom":"Matra","code":"2B155","codesPostaux":["20270"],"centre":{"type":"Point","coordinates":[9.3866,42.2823]},"surface":651.09,"population":54,"departement":{"code":"2B","nom":"Haute-Corse"},"region":{"code":"94","nom":"Corse"}},{"nom":"Mausoléo","code":"2B156","codesPostaux":["20259"],"centre":{"type":"Point","coordinates":[8.968,42.498]},"surface":1942.99,"population":24,"departement":{"code":"2B","nom":"Haute-Corse"},"region":{"code":"94","nom":"Corse"}},{"nom":"Mazzola","code":"2B157","codesPostaux":["20212"],"centre":{"type":"Point","coordinates":[9.3251,42.306]},"surface":656.73,"population":22,"departement":{"code":"2B","nom":"Haute-Corse"},"region":{"code":"94","nom":"Corse"}},{"nom":"Meria","code":"2B159","codesPostaux":["20287"],"centre":{"type":"Point","coordinates":[9.4319,42.9179]},"surface":2063.68,"population":81,"departement":{"code":"2B","nom":"Haute-Corse"},"region":{"code":"94","nom":"Corse"}},{"nom":"Moïta","code":"2B161","codesPostaux":["20270"],"centre":{"type":"Point","coordinates":[9.4136,42.2802]},"surface":570.07,"population":59,"departement":{"code":"2B","nom":"Haute-Corse"},"region":{"code":"94","nom":"Corse"}},{"nom":"Moltifao","code":"2B162","codesPostaux":["20218"],"centre":{"type":"Point","coordinates":[9.1248,42.469]},"surface":5552.73,"population":735,"departement":{"code":"2B","nom":"Haute-Corse"},"region":{"code":"94","nom":"Corse"}},{"nom":"Monacia-d'Orezza","code":"2B164","codesPostaux":["20229"],"centre":{"type":"Point","coordinates":[9.407,42.3818]},"surface":461.47,"population":25,"departement":{"code":"2B","nom":"Haute-Corse"},"region":{"code":"94","nom":"Corse"}},{"nom":"Moncale","code":"2B165","codesPostaux":["20214"],"centre":{"type":"Point","coordinates":[8.8212,42.5024]},"surface":723.87,"population":348,"departement":{"code":"2B","nom":"Haute-Corse"},"region":{"code":"94","nom":"Corse"}},{"nom":"Monte","code":"2B166","codesPostaux":["20290"],"centre":{"type":"Point","coordinates":[9.4118,42.4874]},"surface":1483.93,"population":650,"departement":{"code":"2B","nom":"Haute-Corse"},"region":{"code":"94","nom":"Corse"}},{"nom":"Montegrosso","code":"2B167","codesPostaux":["20214"],"centre":{"type":"Point","coordinates":[8.8542,42.5445]},"surface":2286.31,"population":413,"departement":{"code":"2B","nom":"Haute-Corse"},"region":{"code":"94","nom":"Corse"}},{"nom":"Monticello","code":"2B168","codesPostaux":["20220"],"centre":{"type":"Point","coordinates":[8.9613,42.6213]},"surface":1065.72,"population":2065,"departement":{"code":"2B","nom":"Haute-Corse"},"region":{"code":"94","nom":"Corse"}},{"nom":"Morosaglia","code":"2B169","codesPostaux":["20218"],"centre":{"type":"Point","coordinates":[9.2514,42.45]},"surface":2448.66,"population":961,"departement":{"code":"2B","nom":"Haute-Corse"},"region":{"code":"94","nom":"Corse"}},{"nom":"Morsiglia","code":"2B170","codesPostaux":["20238"],"centre":{"type":"Point","coordinates":[9.3742,42.9363]},"surface":1345.9,"population":109,"departement":{"code":"2B","nom":"Haute-Corse"},"region":{"code":"94","nom":"Corse"}},{"nom":"Muracciole","code":"2B171","codesPostaux":["20219"],"centre":{"type":"Point","coordinates":[9.1938,42.1701]},"surface":1417.21,"population":33,"departement":{"code":"2B","nom":"Haute-Corse"},"region":{"code":"94","nom":"Corse"}},{"nom":"Murato","code":"2B172","codesPostaux":["20239"],"centre":{"type":"Point","coordinates":[9.3302,42.572]},"surface":2060.61,"population":560,"departement":{"code":"2B","nom":"Haute-Corse"},"region":{"code":"94","nom":"Corse"}},{"nom":"Muro","code":"2B173","codesPostaux":["20225"],"centre":{"type":"Point","coordinates":[8.915,42.5454]},"surface":792.92,"population":243,"departement":{"code":"2B","nom":"Haute-Corse"},"region":{"code":"94","nom":"Corse"}},{"nom":"Nessa","code":"2B175","codesPostaux":["20225"],"centre":{"type":"Point","coordinates":[8.9576,42.5517]},"surface":588.48,"population":122,"departement":{"code":"2B","nom":"Haute-Corse"},"region":{"code":"94","nom":"Corse"}},{"nom":"Nocario","code":"2B176","codesPostaux":["20229"],"centre":{"type":"Point","coordinates":[9.3466,42.3929]},"surface":309.23,"population":74,"departement":{"code":"2B","nom":"Haute-Corse"},"region":{"code":"94","nom":"Corse"}},{"nom":"Noceta","code":"2B177","codesPostaux":["20242"],"centre":{"type":"Point","coordinates":[9.21,42.1966]},"surface":1860.66,"population":73,"departement":{"code":"2B","nom":"Haute-Corse"},"region":{"code":"94","nom":"Corse"}},{"nom":"Nonza","code":"2B178","codesPostaux":["20217"],"centre":{"type":"Point","coordinates":[9.3594,42.784]},"surface":839.75,"population":62,"departement":{"code":"2B","nom":"Haute-Corse"},"region":{"code":"94","nom":"Corse"}},{"nom":"Novale","code":"2B179","codesPostaux":["20234"],"centre":{"type":"Point","coordinates":[9.411,42.3034]},"surface":493.32,"population":57,"departement":{"code":"2B","nom":"Haute-Corse"},"region":{"code":"94","nom":"Corse"}},{"nom":"Novella","code":"2B180","codesPostaux":["20226"],"centre":{"type":"Point","coordinates":[9.1028,42.6035]},"surface":3014.94,"population":80,"departement":{"code":"2B","nom":"Haute-Corse"},"region":{"code":"94","nom":"Corse"}},{"nom":"Occhiatana","code":"2B182","codesPostaux":["20226"],"centre":{"type":"Point","coordinates":[9.0056,42.5952]},"surface":1255.4,"population":235,"departement":{"code":"2B","nom":"Haute-Corse"},"region":{"code":"94","nom":"Corse"}},{"nom":"Ogliastro","code":"2B183","codesPostaux":["20217"],"centre":{"type":"Point","coordinates":[9.3565,42.8216]},"surface":951.49,"population":90,"departement":{"code":"2B","nom":"Haute-Corse"},"region":{"code":"94","nom":"Corse"}},{"nom":"Olcani","code":"2B184","codesPostaux":["20217"],"centre":{"type":"Point","coordinates":[9.3861,42.8074]},"surface":1435.2,"population":96,"departement":{"code":"2B","nom":"Haute-Corse"},"region":{"code":"94","nom":"Corse"}},{"nom":"Oletta","code":"2B185","codesPostaux":["20232"],"centre":{"type":"Point","coordinates":[9.3453,42.6451]},"surface":2656.94,"population":1780,"departement":{"code":"2B","nom":"Haute-Corse"},"region":{"code":"94","nom":"Corse"}},{"nom":"Olmeta-di-Capocorso","code":"2B187","codesPostaux":["20217"],"centre":{"type":"Point","coordinates":[9.3791,42.7643]},"surface":2153.2,"population":123,"departement":{"code":"2B","nom":"Haute-Corse"},"region":{"code":"94","nom":"Corse"}},{"nom":"Olmeta-di-Tuda","code":"2B188","codesPostaux":["20232"],"centre":{"type":"Point","coordinates":[9.3612,42.6095]},"surface":1739.54,"population":583,"departement":{"code":"2B","nom":"Haute-Corse"},"region":{"code":"94","nom":"Corse"}},{"nom":"Olmi-Cappella","code":"2B190","codesPostaux":["20259"],"centre":{"type":"Point","coordinates":[9.0107,42.5231]},"surface":5116.35,"population":190,"departement":{"code":"2B","nom":"Haute-Corse"},"region":{"code":"94","nom":"Corse"}},{"nom":"Olmo","code":"2B192","codesPostaux":["20290"],"centre":{"type":"Point","coordinates":[9.4139,42.5018]},"surface":442.52,"population":138,"departement":{"code":"2B","nom":"Haute-Corse"},"region":{"code":"94","nom":"Corse"}},{"nom":"Omessa","code":"2B193","codesPostaux":["20236"],"centre":{"type":"Point","coordinates":[9.1946,42.387]},"surface":2445.73,"population":595,"departement":{"code":"2B","nom":"Haute-Corse"},"region":{"code":"94","nom":"Corse"}},{"nom":"Ortale","code":"2B194","codesPostaux":["20234"],"centre":{"type":"Point","coordinates":[9.4365,42.3105]},"surface":416.53,"population":25,"departement":{"code":"2B","nom":"Haute-Corse"},"region":{"code":"94","nom":"Corse"}},{"nom":"Ortiporio","code":"2B195","codesPostaux":["20290"],"centre":{"type":"Point","coordinates":[9.3457,42.4568]},"surface":502.24,"population":139,"departement":{"code":"2B","nom":"Haute-Corse"},"region":{"code":"94","nom":"Corse"}},{"nom":"Palasca","code":"2B199","codesPostaux":["20226"],"centre":{"type":"Point","coordinates":[9.061,42.6358]},"surface":4983.35,"population":222,"departement":{"code":"2B","nom":"Haute-Corse"},"region":{"code":"94","nom":"Corse"}},{"nom":"Pancheraccia","code":"2B201","codesPostaux":["20251","20270"],"centre":{"type":"Point","coordinates":[9.4093,42.1891]},"surface":1449.7,"population":198,"departement":{"code":"2B","nom":"Haute-Corse"},"region":{"code":"94","nom":"Corse"}},{"nom":"Parata","code":"2B202","codesPostaux":["20229"],"centre":{"type":"Point","coordinates":[9.4174,42.3658]},"surface":279.49,"population":22,"departement":{"code":"2B","nom":"Haute-Corse"},"region":{"code":"94","nom":"Corse"}},{"nom":"Patrimonio","code":"2B205","codesPostaux":["20253"],"centre":{"type":"Point","coordinates":[9.3647,42.7092]},"surface":1748.41,"population":897,"departement":{"code":"2B","nom":"Haute-Corse"},"region":{"code":"94","nom":"Corse"}},{"nom":"Penta-Acquatella","code":"2B206","codesPostaux":["20290"],"centre":{"type":"Point","coordinates":[9.3729,42.4651]},"surface":306.39,"population":41,"departement":{"code":"2B","nom":"Haute-Corse"},"region":{"code":"94","nom":"Corse"}},{"nom":"Penta-di-Casinca","code":"2B207","codesPostaux":["20213"],"centre":{"type":"Point","coordinates":[9.4888,42.4565]},"surface":1887.74,"population":3671,"departement":{"code":"2B","nom":"Haute-Corse"},"region":{"code":"94","nom":"Corse"}},{"nom":"Perelli","code":"2B208","codesPostaux":["20234"],"centre":{"type":"Point","coordinates":[9.3876,42.3145]},"surface":620.14,"population":109,"departement":{"code":"2B","nom":"Haute-Corse"},"region":{"code":"94","nom":"Corse"}},{"nom":"Pero-Casevecchie","code":"2B210","codesPostaux":["20230"],"centre":{"type":"Point","coordinates":[9.464,42.4168]},"surface":463.37,"population":109,"departement":{"code":"2B","nom":"Haute-Corse"},"region":{"code":"94","nom":"Corse"}},{"nom":"Pianello","code":"2B213","codesPostaux":["20272"],"centre":{"type":"Point","coordinates":[9.3577,42.3004]},"surface":1695.91,"population":53,"departement":{"code":"2B","nom":"Haute-Corse"},"region":{"code":"94","nom":"Corse"}},{"nom":"Piano","code":"2B214","codesPostaux":["20215"],"centre":{"type":"Point","coordinates":[9.3964,42.4407]},"surface":342.86,"population":17,"departement":{"code":"2B","nom":"Haute-Corse"},"region":{"code":"94","nom":"Corse"}},{"nom":"Piazzali","code":"2B216","codesPostaux":["20234"],"centre":{"type":"Point","coordinates":[9.4046,42.3196]},"surface":82.86,"population":19,"departement":{"code":"2B","nom":"Haute-Corse"},"region":{"code":"94","nom":"Corse"}},{"nom":"Piazzole","code":"2B217","codesPostaux":["20229"],"centre":{"type":"Point","coordinates":[9.4058,42.3946]},"surface":390.02,"population":50,"departement":{"code":"2B","nom":"Haute-Corse"},"region":{"code":"94","nom":"Corse"}},{"nom":"Piedicorte-di-Gaggio","code":"2B218","codesPostaux":["20251"],"centre":{"type":"Point","coordinates":[9.3223,42.2175]},"surface":2735.68,"population":114,"departement":{"code":"2B","nom":"Haute-Corse"},"region":{"code":"94","nom":"Corse"}},{"nom":"Piedicroce","code":"2B219","codesPostaux":["20229"],"centre":{"type":"Point","coordinates":[9.367,42.3847]},"surface":328.15,"population":81,"departement":{"code":"2B","nom":"Haute-Corse"},"region":{"code":"94","nom":"Corse"}},{"nom":"Piedigriggio","code":"2B220","codesPostaux":["20218"],"centre":{"type":"Point","coordinates":[9.1798,42.4456]},"surface":1051.18,"population":164,"departement":{"code":"2B","nom":"Haute-Corse"},"region":{"code":"94","nom":"Corse"}},{"nom":"Piedipartino","code":"2B221","codesPostaux":["20229"],"centre":{"type":"Point","coordinates":[9.3483,42.3569]},"surface":330.17,"population":19,"departement":{"code":"2B","nom":"Haute-Corse"},"region":{"code":"94","nom":"Corse"}},{"nom":"Pie-d'Orezza","code":"2B222","codesPostaux":["20229"],"centre":{"type":"Point","coordinates":[9.3404,42.3756]},"surface":577.56,"population":35,"departement":{"code":"2B","nom":"Haute-Corse"},"region":{"code":"94","nom":"Corse"}},{"nom":"Pietralba","code":"2B223","codesPostaux":["20218"],"centre":{"type":"Point","coordinates":[9.1778,42.5427]},"surface":3885.87,"population":507,"departement":{"code":"2B","nom":"Haute-Corse"},"region":{"code":"94","nom":"Corse"}},{"nom":"Pietracorbara","code":"2B224","codesPostaux":["20233"],"centre":{"type":"Point","coordinates":[9.4361,42.8459]},"surface":2619.75,"population":652,"departement":{"code":"2B","nom":"Haute-Corse"},"region":{"code":"94","nom":"Corse"}},{"nom":"Pietra-di-Verde","code":"2B225","codesPostaux":["20230"],"centre":{"type":"Point","coordinates":[9.4443,42.2898]},"surface":872.58,"population":102,"departement":{"code":"2B","nom":"Haute-Corse"},"region":{"code":"94","nom":"Corse"}},{"nom":"Pietraserena","code":"2B226","codesPostaux":["20251"],"centre":{"type":"Point","coordinates":[9.36,42.2346]},"surface":675.38,"population":62,"departement":{"code":"2B","nom":"Haute-Corse"},"region":{"code":"94","nom":"Corse"}},{"nom":"Pietricaggio","code":"2B227","codesPostaux":["20234"],"centre":{"type":"Point","coordinates":[9.378,42.3283]},"surface":532.08,"population":32,"departement":{"code":"2B","nom":"Haute-Corse"},"region":{"code":"94","nom":"Corse"}},{"nom":"Pietroso","code":"2B229","codesPostaux":["20242"],"centre":{"type":"Point","coordinates":[9.3123,42.1231]},"surface":2590.41,"population":334,"departement":{"code":"2B","nom":"Haute-Corse"},"region":{"code":"94","nom":"Corse"}},{"nom":"Piève","code":"2B230","codesPostaux":["20246"],"centre":{"type":"Point","coordinates":[9.2838,42.5991]},"surface":1962.45,"population":115,"departement":{"code":"2B","nom":"Haute-Corse"},"region":{"code":"94","nom":"Corse"}},{"nom":"Pigna","code":"2B231","codesPostaux":["20220"],"centre":{"type":"Point","coordinates":[8.9,42.6003]},"surface":221.12,"population":128,"departement":{"code":"2B","nom":"Haute-Corse"},"region":{"code":"94","nom":"Corse"}},{"nom":"Pino","code":"2B233","codesPostaux":["20228"],"centre":{"type":"Point","coordinates":[9.3518,42.9063]},"surface":720.05,"population":148,"departement":{"code":"2B","nom":"Haute-Corse"},"region":{"code":"94","nom":"Corse"}},{"nom":"Piobetta","code":"2B234","codesPostaux":["20234"],"centre":{"type":"Point","coordinates":[9.3693,42.3409]},"surface":504.67,"population":20,"departement":{"code":"2B","nom":"Haute-Corse"},"region":{"code":"94","nom":"Corse"}},{"nom":"Pioggiola","code":"2B235","codesPostaux":["20259"],"centre":{"type":"Point","coordinates":[8.9696,42.5251]},"surface":1863.42,"population":87,"departement":{"code":"2B","nom":"Haute-Corse"},"region":{"code":"94","nom":"Corse"}},{"nom":"Poggio-di-Nazza","code":"2B236","codesPostaux":["20240"],"centre":{"type":"Point","coordinates":[9.2998,42.0539]},"surface":3282.06,"population":187,"departement":{"code":"2B","nom":"Haute-Corse"},"region":{"code":"94","nom":"Corse"}},{"nom":"Poggio-di-Venaco","code":"2B238","codesPostaux":["20250"],"centre":{"type":"Point","coordinates":[9.2048,42.269]},"surface":1331.2,"population":211,"departement":{"code":"2B","nom":"Haute-Corse"},"region":{"code":"94","nom":"Corse"}},{"nom":"Poggio-d'Oletta","code":"2B239","codesPostaux":["20232"],"centre":{"type":"Point","coordinates":[9.3566,42.6558]},"surface":1605.78,"population":215,"departement":{"code":"2B","nom":"Haute-Corse"},"region":{"code":"94","nom":"Corse"}},{"nom":"Poggio-Marinaccio","code":"2B241","codesPostaux":["20237"],"centre":{"type":"Point","coordinates":[9.3493,42.4374]},"surface":290.56,"population":38,"departement":{"code":"2B","nom":"Haute-Corse"},"region":{"code":"94","nom":"Corse"}},{"nom":"Poggio-Mezzana","code":"2B242","codesPostaux":["20230"],"centre":{"type":"Point","coordinates":[9.5121,42.4009]},"surface":891.09,"population":885,"departement":{"code":"2B","nom":"Haute-Corse"},"region":{"code":"94","nom":"Corse"}},{"nom":"Polveroso","code":"2B243","codesPostaux":["20229"],"centre":{"type":"Point","coordinates":[9.3625,42.4011]},"surface":198.06,"population":31,"departement":{"code":"2B","nom":"Haute-Corse"},"region":{"code":"94","nom":"Corse"}},{"nom":"Popolasca","code":"2B244","codesPostaux":["20218"],"centre":{"type":"Point","coordinates":[9.1328,42.4379]},"surface":1045.99,"population":41,"departement":{"code":"2B","nom":"Haute-Corse"},"region":{"code":"94","nom":"Corse"}},{"nom":"Porri","code":"2B245","codesPostaux":["20215"],"centre":{"type":"Point","coordinates":[9.4445,42.4486]},"surface":454.28,"population":44,"departement":{"code":"2B","nom":"Haute-Corse"},"region":{"code":"94","nom":"Corse"}},{"nom":"La Porta","code":"2B246","codesPostaux":["20237"],"centre":{"type":"Point","coordinates":[9.3602,42.4271]},"surface":512.86,"population":187,"departement":{"code":"2B","nom":"Haute-Corse"},"region":{"code":"94","nom":"Corse"}},{"nom":"Prato-di-Giovellina","code":"2B248","codesPostaux":["20218"],"centre":{"type":"Point","coordinates":[9.1751,42.418]},"surface":1226.95,"population":52,"departement":{"code":"2B","nom":"Haute-Corse"},"region":{"code":"94","nom":"Corse"}},{"nom":"Prunelli-di-Casacconi","code":"2B250","codesPostaux":["20290"],"centre":{"type":"Point","coordinates":[9.4043,42.5094]},"surface":600.65,"population":151,"departement":{"code":"2B","nom":"Haute-Corse"},"region":{"code":"94","nom":"Corse"}},{"nom":"Prunelli-di-Fiumorbo","code":"2B251","codesPostaux":["20243"],"centre":{"type":"Point","coordinates":[9.3749,42.0069]},"surface":3758.47,"population":3880,"departement":{"code":"2B","nom":"Haute-Corse"},"region":{"code":"94","nom":"Corse"}},{"nom":"Pruno","code":"2B252","codesPostaux":["20213"],"centre":{"type":"Point","coordinates":[9.4473,42.4268]},"surface":637.64,"population":180,"departement":{"code":"2B","nom":"Haute-Corse"},"region":{"code":"94","nom":"Corse"}},{"nom":"Quercitello","code":"2B255","codesPostaux":["20237"],"centre":{"type":"Point","coordinates":[9.3511,42.4279]},"surface":297.3,"population":53,"departement":{"code":"2B","nom":"Haute-Corse"},"region":{"code":"94","nom":"Corse"}},{"nom":"Rapaggio","code":"2B256","codesPostaux":["20229"],"centre":{"type":"Point","coordinates":[9.3847,42.3768]},"surface":256.15,"population":32,"departement":{"code":"2B","nom":"Haute-Corse"},"region":{"code":"94","nom":"Corse"}},{"nom":"Rapale","code":"2B257","codesPostaux":["20246"],"centre":{"type":"Point","coordinates":[9.2972,42.625]},"surface":1008.73,"population":162,"departement":{"code":"2B","nom":"Haute-Corse"},"region":{"code":"94","nom":"Corse"}},{"nom":"Riventosa","code":"2B260","codesPostaux":["20250"],"centre":{"type":"Point","coordinates":[9.2061,42.2484]},"surface":590.02,"population":145,"departement":{"code":"2B","nom":"Haute-Corse"},"region":{"code":"94","nom":"Corse"}},{"nom":"Rogliano","code":"2B261","codesPostaux":["20247","20248"],"centre":{"type":"Point","coordinates":[9.4323,42.974]},"surface":2672.58,"population":530,"departement":{"code":"2B","nom":"Haute-Corse"},"region":{"code":"94","nom":"Corse"}},{"nom":"Rospigliani","code":"2B263","codesPostaux":["20242"],"centre":{"type":"Point","coordinates":[9.2387,42.1922]},"surface":987.05,"population":70,"departement":{"code":"2B","nom":"Haute-Corse"},"region":{"code":"94","nom":"Corse"}},{"nom":"Rusio","code":"2B264","codesPostaux":["20244"],"centre":{"type":"Point","coordinates":[9.2572,42.3501]},"surface":861.58,"population":65,"departement":{"code":"2B","nom":"Haute-Corse"},"region":{"code":"94","nom":"Corse"}},{"nom":"Rutali","code":"2B265","codesPostaux":["20239"],"centre":{"type":"Point","coordinates":[9.3829,42.5809]},"surface":1748.52,"population":531,"departement":{"code":"2B","nom":"Haute-Corse"},"region":{"code":"94","nom":"Corse"}},{"nom":"Saliceto","code":"2B267","codesPostaux":["20218"],"centre":{"type":"Point","coordinates":[9.262,42.4126]},"surface":1254.81,"population":46,"departement":{"code":"2B","nom":"Haute-Corse"},"region":{"code":"94","nom":"Corse"}},{"nom":"Scata","code":"2B273","codesPostaux":["20213"],"centre":{"type":"Point","coordinates":[9.4042,42.4225]},"surface":281.26,"population":41,"departement":{"code":"2B","nom":"Haute-Corse"},"region":{"code":"94","nom":"Corse"}},{"nom":"Scolca","code":"2B274","codesPostaux":["20290"],"centre":{"type":"Point","coordinates":[9.3675,42.5389]},"surface":687.65,"population":92,"departement":{"code":"2B","nom":"Haute-Corse"},"region":{"code":"94","nom":"Corse"}},{"nom":"Sermano","code":"2B275","codesPostaux":["20212"],"centre":{"type":"Point","coordinates":[9.2637,42.3155]},"surface":763.75,"population":72,"departement":{"code":"2B","nom":"Haute-Corse"},"region":{"code":"94","nom":"Corse"}},{"nom":"Serra-di-Fiumorbo","code":"2B277","codesPostaux":["20243"],"centre":{"type":"Point","coordinates":[9.3352,41.9668]},"surface":4360.81,"population":365,"departement":{"code":"2B","nom":"Haute-Corse"},"region":{"code":"94","nom":"Corse"}},{"nom":"Silvareccio","code":"2B280","codesPostaux":["20215"],"centre":{"type":"Point","coordinates":[9.4166,42.4514]},"surface":479.69,"population":99,"departement":{"code":"2B","nom":"Haute-Corse"},"region":{"code":"94","nom":"Corse"}},{"nom":"Sisco","code":"2B281","codesPostaux":["20233"],"centre":{"type":"Point","coordinates":[9.4389,42.8152]},"surface":2487.63,"population":1182,"departement":{"code":"2B","nom":"Haute-Corse"},"region":{"code":"94","nom":"Corse"}},{"nom":"Solaro","code":"2B283","codesPostaux":["20240"],"centre":{"type":"Point","coordinates":[9.3181,41.8789]},"surface":9403.37,"population":736,"departement":{"code":"2B","nom":"Haute-Corse"},"region":{"code":"94","nom":"Corse"}},{"nom":"Sorbo-Ocagnano","code":"2B286","codesPostaux":["20213"],"centre":{"type":"Point","coordinates":[9.483,42.4811]},"surface":1075.55,"population":904,"departement":{"code":"2B","nom":"Haute-Corse"},"region":{"code":"94","nom":"Corse"}},{"nom":"Sorio","code":"2B287","codesPostaux":["20246"],"centre":{"type":"Point","coordinates":[9.2449,42.5781]},"surface":1553.28,"population":118,"departement":{"code":"2B","nom":"Haute-Corse"},"region":{"code":"94","nom":"Corse"}},{"nom":"Soveria","code":"2B289","codesPostaux":["20250"],"centre":{"type":"Point","coordinates":[9.1425,42.3473]},"surface":1212.78,"population":109,"departement":{"code":"2B","nom":"Haute-Corse"},"region":{"code":"94","nom":"Corse"}},{"nom":"Speloncato","code":"2B290","codesPostaux":["20226"],"centre":{"type":"Point","coordinates":[8.9731,42.5757]},"surface":1763.89,"population":261,"departement":{"code":"2B","nom":"Haute-Corse"},"region":{"code":"94","nom":"Corse"}},{"nom":"Stazzona","code":"2B291","codesPostaux":["20229"],"centre":{"type":"Point","coordinates":[9.3745,42.38]},"surface":138.97,"population":38,"departement":{"code":"2B","nom":"Haute-Corse"},"region":{"code":"94","nom":"Corse"}},{"nom":"Sant'Andréa-di-Bozio","code":"2B292","codesPostaux":["20212"],"centre":{"type":"Point","coordinates":[9.2792,42.2767]},"surface":2404.5,"population":55,"departement":{"code":"2B","nom":"Haute-Corse"},"region":{"code":"94","nom":"Corse"}},{"nom":"Sant'Andréa-di-Cotone","code":"2B293","codesPostaux":["20221"],"centre":{"type":"Point","coordinates":[9.4768,42.3187]},"surface":879.27,"population":193,"departement":{"code":"2B","nom":"Haute-Corse"},"region":{"code":"94","nom":"Corse"}},{"nom":"Sant'Antonino","code":"2B296","codesPostaux":["20220"],"centre":{"type":"Point","coordinates":[8.9095,42.5861]},"surface":411.83,"population":127,"departement":{"code":"2B","nom":"Haute-Corse"},"region":{"code":"94","nom":"Corse"}},{"nom":"San-Damiano","code":"2B297","codesPostaux":["20213"],"centre":{"type":"Point","coordinates":[9.4178,42.4041]},"surface":582.66,"population":54,"departement":{"code":"2B","nom":"Haute-Corse"},"region":{"code":"94","nom":"Corse"}},{"nom":"Saint-Florent","code":"2B298","codesPostaux":["20217"],"centre":{"type":"Point","coordinates":[9.2797,42.689]},"surface":1810.73,"population":1694,"departement":{"code":"2B","nom":"Haute-Corse"},"region":{"code":"94","nom":"Corse"}},{"nom":"San-Gavino-d'Ampugnani","code":"2B299","codesPostaux":["20213"],"centre":{"type":"Point","coordinates":[9.4266,42.4173]},"surface":320.38,"population":103,"departement":{"code":"2B","nom":"Haute-Corse"},"region":{"code":"94","nom":"Corse"}},{"nom":"San-Gavino-di-Tenda","code":"2B301","codesPostaux":["20246"],"centre":{"type":"Point","coordinates":[9.1688,42.6448]},"surface":5049.86,"population":64,"departement":{"code":"2B","nom":"Haute-Corse"},"region":{"code":"94","nom":"Corse"}},{"nom":"San-Giovanni-di-Moriani","code":"2B302","codesPostaux":["20230"],"centre":{"type":"Point","coordinates":[9.4607,42.3714]},"surface":1009.19,"population":102,"departement":{"code":"2B","nom":"Haute-Corse"},"region":{"code":"94","nom":"Corse"}},{"nom":"San-Giuliano","code":"2B303","codesPostaux":["20230"],"centre":{"type":"Point","coordinates":[9.5211,42.2844]},"surface":2374.6,"population":812,"departement":{"code":"2B","nom":"Haute-Corse"},"region":{"code":"94","nom":"Corse"}},{"nom":"San-Lorenzo","code":"2B304","codesPostaux":["20244"],"centre":{"type":"Point","coordinates":[9.2916,42.3907]},"surface":1015.07,"population":138,"departement":{"code":"2B","nom":"Haute-Corse"},"region":{"code":"94","nom":"Corse"}},{"nom":"San-Martino-di-Lota","code":"2B305","codesPostaux":["20200"],"centre":{"type":"Point","coordinates":[9.4289,42.7306]},"surface":957,"population":3056,"departement":{"code":"2B","nom":"Haute-Corse"},"region":{"code":"94","nom":"Corse"}},{"nom":"Santa-Lucia-di-Mercurio","code":"2B306","codesPostaux":["20250"],"centre":{"type":"Point","coordinates":[9.2217,42.3186]},"surface":2380.16,"population":115,"departement":{"code":"2B","nom":"Haute-Corse"},"region":{"code":"94","nom":"Corse"}},{"nom":"Santa-Lucia-di-Moriani","code":"2B307","codesPostaux":["20230"],"centre":{"type":"Point","coordinates":[9.5089,42.3841]},"surface":609.86,"population":1514,"departement":{"code":"2B","nom":"Haute-Corse"},"region":{"code":"94","nom":"Corse"}},{"nom":"Santa-Maria-di-Lota","code":"2B309","codesPostaux":["20200"],"centre":{"type":"Point","coordinates":[9.428,42.7544]},"surface":1321.72,"population":1973,"departement":{"code":"2B","nom":"Haute-Corse"},"region":{"code":"94","nom":"Corse"}},{"nom":"Santa-Maria-Poggio","code":"2B311","codesPostaux":["20221"],"centre":{"type":"Point","coordinates":[9.509,42.3499]},"surface":1021.15,"population":807,"departement":{"code":"2B","nom":"Haute-Corse"},"region":{"code":"94","nom":"Corse"}},{"nom":"San-Nicolao","code":"2B313","codesPostaux":["20230"],"centre":{"type":"Point","coordinates":[9.5068,42.3687]},"surface":765.6,"population":2062,"departement":{"code":"2B","nom":"Haute-Corse"},"region":{"code":"94","nom":"Corse"}},{"nom":"Santo-Pietro-di-Tenda","code":"2B314","codesPostaux":["20217","20246"],"centre":{"type":"Point","coordinates":[9.1995,42.6676]},"surface":12583.94,"population":341,"departement":{"code":"2B","nom":"Haute-Corse"},"region":{"code":"94","nom":"Corse"}},{"nom":"Santo-Pietro-di-Venaco","code":"2B315","codesPostaux":["20250"],"centre":{"type":"Point","coordinates":[9.1764,42.2472]},"surface":788.61,"population":305,"departement":{"code":"2B","nom":"Haute-Corse"},"region":{"code":"94","nom":"Corse"}},{"nom":"Santa-Reparata-di-Balagna","code":"2B316","codesPostaux":["20220"],"centre":{"type":"Point","coordinates":[8.9332,42.6038]},"surface":1013.82,"population":1024,"departement":{"code":"2B","nom":"Haute-Corse"},"region":{"code":"94","nom":"Corse"}},{"nom":"Santa-Reparata-di-Moriani","code":"2B317","codesPostaux":["20230"],"centre":{"type":"Point","coordinates":[9.4553,42.3515]},"surface":900.12,"population":52,"departement":{"code":"2B","nom":"Haute-Corse"},"region":{"code":"94","nom":"Corse"}},{"nom":"Taglio-Isolaccio","code":"2B318","codesPostaux":["20230"],"centre":{"type":"Point","coordinates":[9.5007,42.4336]},"surface":1125.94,"population":623,"departement":{"code":"2B","nom":"Haute-Corse"},"region":{"code":"94","nom":"Corse"}},{"nom":"Talasani","code":"2B319","codesPostaux":["20230"],"centre":{"type":"Point","coordinates":[9.5076,42.4163]},"surface":997.53,"population":847,"departement":{"code":"2B","nom":"Haute-Corse"},"region":{"code":"94","nom":"Corse"}},{"nom":"Tallone","code":"2B320","codesPostaux":["20270"],"centre":{"type":"Point","coordinates":[9.4697,42.1897]},"surface":6996.06,"population":288,"departement":{"code":"2B","nom":"Haute-Corse"},"region":{"code":"94","nom":"Corse"}},{"nom":"Tarrano","code":"2B321","codesPostaux":["20234"],"centre":{"type":"Point","coordinates":[9.4006,42.3438]},"surface":388.78,"population":16,"departement":{"code":"2B","nom":"Haute-Corse"},"region":{"code":"94","nom":"Corse"}},{"nom":"Tomino","code":"2B327","codesPostaux":["20248"],"centre":{"type":"Point","coordinates":[9.4448,42.9459]},"surface":584.59,"population":184,"departement":{"code":"2B","nom":"Haute-Corse"},"region":{"code":"94","nom":"Corse"}},{"nom":"Tox","code":"2B328","codesPostaux":["20270"],"centre":{"type":"Point","coordinates":[9.4436,42.2454]},"surface":1457.18,"population":96,"departement":{"code":"2B","nom":"Haute-Corse"},"region":{"code":"94","nom":"Corse"}},{"nom":"Tralonca","code":"2B329","codesPostaux":["20250"],"centre":{"type":"Point","coordinates":[9.1956,42.3389]},"surface":1566.48,"population":118,"departement":{"code":"2B","nom":"Haute-Corse"},"region":{"code":"94","nom":"Corse"}},{"nom":"Urtaca","code":"2B332","codesPostaux":["20218"],"centre":{"type":"Point","coordinates":[9.1528,42.6257]},"surface":3121.96,"population":263,"departement":{"code":"2B","nom":"Haute-Corse"},"region":{"code":"94","nom":"Corse"}},{"nom":"Vallecalle","code":"2B333","codesPostaux":["20232"],"centre":{"type":"Point","coordinates":[9.3373,42.6003]},"surface":697.26,"population":169,"departement":{"code":"2B","nom":"Haute-Corse"},"region":{"code":"94","nom":"Corse"}},{"nom":"Valle-d'Alesani","code":"2B334","codesPostaux":["20234"],"centre":{"type":"Point","coordinates":[9.4318,42.3269]},"surface":961.99,"population":124,"departement":{"code":"2B","nom":"Haute-Corse"},"region":{"code":"94","nom":"Corse"}},{"nom":"Valle-di-Campoloro","code":"2B335","codesPostaux":["20221"],"centre":{"type":"Point","coordinates":[9.511,42.3335]},"surface":568.94,"population":336,"departement":{"code":"2B","nom":"Haute-Corse"},"region":{"code":"94","nom":"Corse"}},{"nom":"Valle-di-Rostino","code":"2B337","codesPostaux":["20235"],"centre":{"type":"Point","coordinates":[9.2592,42.46]},"surface":1560.18,"population":167,"departement":{"code":"2B","nom":"Haute-Corse"},"region":{"code":"94","nom":"Corse"}},{"nom":"Valle-d'Orezza","code":"2B338","codesPostaux":["20229"],"centre":{"type":"Point","coordinates":[9.4058,42.3636]},"surface":403.54,"population":25,"departement":{"code":"2B","nom":"Haute-Corse"},"region":{"code":"94","nom":"Corse"}},{"nom":"Vallica","code":"2B339","codesPostaux":["20259"],"centre":{"type":"Point","coordinates":[9.0582,42.5167]},"surface":1210.25,"population":29,"departement":{"code":"2B","nom":"Haute-Corse"},"region":{"code":"94","nom":"Corse"}},{"nom":"Velone-Orneto","code":"2B340","codesPostaux":["20230"],"centre":{"type":"Point","coordinates":[9.4545,42.3874]},"surface":1225.46,"population":101,"departement":{"code":"2B","nom":"Haute-Corse"},"region":{"code":"94","nom":"Corse"}},{"nom":"Venaco","code":"2B341","codesPostaux":["20231"],"centre":{"type":"Point","coordinates":[9.1455,42.2129]},"surface":5358.43,"population":644,"departement":{"code":"2B","nom":"Haute-Corse"},"region":{"code":"94","nom":"Corse"}},{"nom":"Ventiseri","code":"2B342","codesPostaux":["20240"],"centre":{"type":"Point","coordinates":[9.3552,41.9386]},"surface":4701.74,"population":2629,"departement":{"code":"2B","nom":"Haute-Corse"},"region":{"code":"94","nom":"Corse"}},{"nom":"Venzolasca","code":"2B343","codesPostaux":["20215"],"centre":{"type":"Point","coordinates":[9.4887,42.4998]},"surface":1652.18,"population":1874,"departement":{"code":"2B","nom":"Haute-Corse"},"region":{"code":"94","nom":"Corse"}},{"nom":"Verdèse","code":"2B344","codesPostaux":["20229"],"centre":{"type":"Point","coordinates":[9.3738,42.3935]},"surface":99.05,"population":42,"departement":{"code":"2B","nom":"Haute-Corse"},"region":{"code":"94","nom":"Corse"}},{"nom":"Vescovato","code":"2B346","codesPostaux":["20215"],"centre":{"type":"Point","coordinates":[9.4756,42.5122]},"surface":1763,"population":3406,"departement":{"code":"2B","nom":"Haute-Corse"},"region":{"code":"94","nom":"Corse"}},{"nom":"Vezzani","code":"2B347","codesPostaux":["20242"],"centre":{"type":"Point","coordinates":[9.2936,42.1501]},"surface":4626.25,"population":269,"departement":{"code":"2B","nom":"Haute-Corse"},"region":{"code":"94","nom":"Corse"}},{"nom":"Vignale","code":"2B350","codesPostaux":["20290"],"centre":{"type":"Point","coordinates":[9.3997,42.539]},"surface":1082.01,"population":222,"departement":{"code":"2B","nom":"Haute-Corse"},"region":{"code":"94","nom":"Corse"}},{"nom":"Ville-di-Paraso","code":"2B352","codesPostaux":["20279"],"centre":{"type":"Point","coordinates":[8.9917,42.5845]},"surface":943.46,"population":205,"departement":{"code":"2B","nom":"Haute-Corse"},"region":{"code":"94","nom":"Corse"}},{"nom":"Ville-di-Pietrabugno","code":"2B353","codesPostaux":["20200"],"centre":{"type":"Point","coordinates":[9.4263,42.7165]},"surface":750.87,"population":3215,"departement":{"code":"2B","nom":"Haute-Corse"},"region":{"code":"94","nom":"Corse"}},{"nom":"Vivario","code":"2B354","codesPostaux":["20219"],"centre":{"type":"Point","coordinates":[9.1139,42.1429]},"surface":7834.25,"population":409,"departement":{"code":"2B","nom":"Haute-Corse"},"region":{"code":"94","nom":"Corse"}},{"nom":"Volpajola","code":"2B355","codesPostaux":["20290"],"centre":{"type":"Point","coordinates":[9.3699,42.5237]},"surface":1297.12,"population":418,"departement":{"code":"2B","nom":"Haute-Corse"},"region":{"code":"94","nom":"Corse"}},{"nom":"Zalana","code":"2B356","codesPostaux":["20272"],"centre":{"type":"Point","coordinates":[9.3837,42.253]},"surface":1321.22,"population":153,"departement":{"code":"2B","nom":"Haute-Corse"},"region":{"code":"94","nom":"Corse"}},{"nom":"Zilia","code":"2B361","codesPostaux":["20214"],"centre":{"type":"Point","coordinates":[8.8989,42.5181]},"surface":1398.42,"population":320,"departement":{"code":"2B","nom":"Haute-Corse"},"region":{"code":"94","nom":"Corse"}},{"nom":"Zuani","code":"2B364","codesPostaux":["20272"],"centre":{"type":"Point","coordinates":[9.342,42.2651]},"surface":517.92,"population":37,"departement":{"code":"2B","nom":"Haute-Corse"},"region":{"code":"94","nom":"Corse"}},{"nom":"San-Gavino-di-Fiumorbo","code":"2B365","codesPostaux":["20243"],"centre":{"type":"Point","coordinates":[9.2565,41.9658]},"surface":2247.12,"population":99,"departement":{"code":"2B","nom":"Haute-Corse"},"region":{"code":"94","nom":"Corse"}},{"nom":"Chisa","code":"2B366","codesPostaux":["20240"],"centre":{"type":"Point","coordinates":[9.2626,41.9132]},"surface":2953.04,"population":104,"departement":{"code":"2B","nom":"Haute-Corse"},"region":{"code":"94","nom":"Corse"}}]