[{"nom":"Ableiges","code":"95002","codesPostaux":["95450"],"centre":{"type":"Point","coordinates":[1.973,49.0873]},"surface":797.86,"population":1108,"departement":{"code":"95","nom":"Val-d'Oise"},"region":{"code":"11","nom":"Île-de-France"}},{"nom":"Aincourt","code":"95008","codesPostaux":["95510"],"centre":{"type":"Point","coordinates":[1.773,49.0733]},"surface":1009.02,"population":854,"departement":{"code":"95","nom":"Val-d'Oise"},"region":{"code":"11","nom":"Île-de-France"}},{"nom":"Ambleville","code":"95011","codesPostaux":["95420","95710"],"centre":{"type":"Point","coordinates":[1.6959,49.151]},"surface":804.93,"population":388,"departement":{"code":"95","nom":"Val-d'Oise"},"region":{"code":"11","nom":"Île-de-France"}},{"nom":"Amenucourt","code":"95012","codesPostaux":["95510"],"centre":{"type":"Point","coordinates":[1.6469,49.1084]},"surface":878,"population":212,"departement":{"code":"95","nom":"Val-d'Oise"},"region":{"code":"11","nom":"Île-de-France"}},{"nom":"Andilly","code":"95014","codesPostaux":["95580"],"centre":{"type":"Point","coordinates":[2.302,49.0098]},"surface":273.3,"population":2742,"departement":{"code":"95","nom":"Val-d'Oise"},"region":{"code":"11","nom":"Île-de-France"}},{"nom":"Argenteuil","code":"95018","codesPostaux":["95100"],"centre":{"type":"Point","coordinates":[2.2478,48.9501]},"surface":1738.98,"population":106130,"departement":{"code":"95","nom":"Val-d'Oise"},"region":{"code":"11","nom":"Île-de-France"}},{"nom":"Arnouville","code":"95019","codesPostaux":["95400"],"centre":{"type":"Point","coordinates":[2.4168,48.9867]},"surface":284.4,"population":15023,"departement":{"code":"95","nom":"Val-d'Oise"},"region":{"code":"11","nom":"Île-de-France"}},{"nom":"Arronville","code":"95023","codesPostaux":["95810"],"centre":{"type":"Point","coordinates":[2.1189,49.1734]},"surface":1588.67,"population":618,"departement":{"code":"95","nom":"Val-d'Oise"},"region":{"code":"11","nom":"Île-de-France"}},{"nom":"Arthies","code":"95024","codesPostaux":["95420"],"centre":{"type":"Point","coordinates":[1.7977,49.0935]},"surface":749.98,"population":265,"departement":{"code":"95","nom":"Val-d'Oise"},"region":{"code":"11","nom":"Île-de-France"}},{"nom":"Asnières-sur-Oise","code":"95026","codesPostaux":["95270"],"centre":{"type":"Point","coordinates":[2.3895,49.1387]},"surface":1418.1,"population":3127,"departement":{"code":"95","nom":"Val-d'Oise"},"region":{"code":"11","nom":"Île-de-France"}},{"nom":"Attainville","code":"95028","codesPostaux":["95570"],"centre":{"type":"Point","coordinates":[2.3522,49.0607]},"surface":723.93,"population":1904,"departement":{"code":"95","nom":"Val-d'Oise"},"region":{"code":"11","nom":"Île-de-France"}},{"nom":"Auvers-sur-Oise","code":"95039","codesPostaux":["95430"],"centre":{"type":"Point","coordinates":[2.1569,49.0847]},"surface":1278.32,"population":6863,"departement":{"code":"95","nom":"Val-d'Oise"},"region":{"code":"11","nom":"Île-de-France"}},{"nom":"Avernes","code":"95040","codesPostaux":["95450"],"centre":{"type":"Point","coordinates":[1.8632,49.0933]},"surface":1718.52,"population":871,"departement":{"code":"95","nom":"Val-d'Oise"},"region":{"code":"11","nom":"Île-de-France"}},{"nom":"Baillet-en-France","code":"95042","codesPostaux":["95560"],"centre":{"type":"Point","coordinates":[2.3034,49.0594]},"surface":802.67,"population":2021,"departement":{"code":"95","nom":"Val-d'Oise"},"region":{"code":"11","nom":"Île-de-France"}},{"nom":"Banthelu","code":"95046","codesPostaux":["95420"],"centre":{"type":"Point","coordinates":[1.8151,49.1258]},"surface":822.35,"population":146,"departement":{"code":"95","nom":"Val-d'Oise"},"region":{"code":"11","nom":"Île-de-France"}},{"nom":"Beauchamp","code":"95051","codesPostaux":["95250"],"centre":{"type":"Point","coordinates":[2.194,49.0136]},"surface":303.12,"population":9849,"departement":{"code":"95","nom":"Val-d'Oise"},"region":{"code":"11","nom":"Île-de-France"}},{"nom":"Beaumont-sur-Oise","code":"95052","codesPostaux":["95260"],"centre":{"type":"Point","coordinates":[2.2953,49.1372]},"surface":559.57,"population":10232,"departement":{"code":"95","nom":"Val-d'Oise"},"region":{"code":"11","nom":"Île-de-France"}},{"nom":"Le Bellay-en-Vexin","code":"95054","codesPostaux":["95750"],"centre":{"type":"Point","coordinates":[1.8762,49.1505]},"surface":514.58,"population":224,"departement":{"code":"95","nom":"Val-d'Oise"},"region":{"code":"11","nom":"Île-de-France"}},{"nom":"Bellefontaine","code":"95055","codesPostaux":["95270"],"centre":{"type":"Point","coordinates":[2.4694,49.0916]},"surface":756.14,"population":474,"departement":{"code":"95","nom":"Val-d'Oise"},"region":{"code":"11","nom":"Île-de-France"}},{"nom":"Belloy-en-France","code":"95056","codesPostaux":["95270"],"centre":{"type":"Point","coordinates":[2.37,49.091]},"surface":947.11,"population":2250,"departement":{"code":"95","nom":"Val-d'Oise"},"region":{"code":"11","nom":"Île-de-France"}},{"nom":"Bernes-sur-Oise","code":"95058","codesPostaux":["95340"],"centre":{"type":"Point","coordinates":[2.2997,49.1678]},"surface":551.17,"population":2684,"departement":{"code":"95","nom":"Val-d'Oise"},"region":{"code":"11","nom":"Île-de-France"}},{"nom":"Berville","code":"95059","codesPostaux":["95810"],"centre":{"type":"Point","coordinates":[2.0669,49.192]},"surface":851.49,"population":374,"departement":{"code":"95","nom":"Val-d'Oise"},"region":{"code":"11","nom":"Île-de-France"}},{"nom":"Bessancourt","code":"95060","codesPostaux":["95550"],"centre":{"type":"Point","coordinates":[2.1998,49.0364]},"surface":637.84,"population":8869,"departement":{"code":"95","nom":"Val-d'Oise"},"region":{"code":"11","nom":"Île-de-France"}},{"nom":"Béthemont-la-Forêt","code":"95061","codesPostaux":["95840"],"centre":{"type":"Point","coordinates":[2.2485,49.0562]},"surface":379.27,"population":435,"departement":{"code":"95","nom":"Val-d'Oise"},"region":{"code":"11","nom":"Île-de-France"}},{"nom":"Bezons","code":"95063","codesPostaux":["95870"],"centre":{"type":"Point","coordinates":[2.2147,48.925]},"surface":418.6,"population":36434,"departement":{"code":"95","nom":"Val-d'Oise"},"region":{"code":"11","nom":"Île-de-France"}},{"nom":"Boisemont","code":"95074","codesPostaux":["95000"],"centre":{"type":"Point","coordinates":[2.0033,49.0181]},"surface":200.78,"population":892,"departement":{"code":"95","nom":"Val-d'Oise"},"region":{"code":"11","nom":"Île-de-France"}},{"nom":"Boissy-l'Aillerie","code":"95078","codesPostaux":["95650"],"centre":{"type":"Point","coordinates":[2.0316,49.0821]},"surface":570.36,"population":2120,"departement":{"code":"95","nom":"Val-d'Oise"},"region":{"code":"11","nom":"Île-de-France"}},{"nom":"Bonneuil-en-France","code":"95088","codesPostaux":["95500"],"centre":{"type":"Point","coordinates":[2.4373,48.9675]},"surface":475.53,"population":1185,"departement":{"code":"95","nom":"Val-d'Oise"},"region":{"code":"11","nom":"Île-de-France"}},{"nom":"Bouffémont","code":"95091","codesPostaux":["95570"],"centre":{"type":"Point","coordinates":[2.2995,49.0406]},"surface":455.69,"population":6593,"departement":{"code":"95","nom":"Val-d'Oise"},"region":{"code":"11","nom":"Île-de-France"}},{"nom":"Bouqueval","code":"95094","codesPostaux":["95720"],"centre":{"type":"Point","coordinates":[2.4273,49.0236]},"surface":282.05,"population":314,"departement":{"code":"95","nom":"Val-d'Oise"},"region":{"code":"11","nom":"Île-de-France"}},{"nom":"Bray-et-Lû","code":"95101","codesPostaux":["95710"],"centre":{"type":"Point","coordinates":[1.6651,49.1429]},"surface":373.58,"population":954,"departement":{"code":"95","nom":"Val-d'Oise"},"region":{"code":"11","nom":"Île-de-France"}},{"nom":"Bréançon","code":"95102","codesPostaux":["95640"],"centre":{"type":"Point","coordinates":[2.0272,49.1477]},"surface":1068.17,"population":432,"departement":{"code":"95","nom":"Val-d'Oise"},"region":{"code":"11","nom":"Île-de-France"}},{"nom":"Brignancourt","code":"95110","codesPostaux":["95640"],"centre":{"type":"Point","coordinates":[1.9435,49.1389]},"surface":306.87,"population":262,"departement":{"code":"95","nom":"Val-d'Oise"},"region":{"code":"11","nom":"Île-de-France"}},{"nom":"Bruyères-sur-Oise","code":"95116","codesPostaux":["95820"],"centre":{"type":"Point","coordinates":[2.3342,49.1643]},"surface":890.7,"population":4921,"departement":{"code":"95","nom":"Val-d'Oise"},"region":{"code":"11","nom":"Île-de-France"}},{"nom":"Buhy","code":"95119","codesPostaux":["95770"],"centre":{"type":"Point","coordinates":[1.7031,49.1926]},"surface":694.25,"population":329,"departement":{"code":"95","nom":"Val-d'Oise"},"region":{"code":"11","nom":"Île-de-France"}},{"nom":"Butry-sur-Oise","code":"95120","codesPostaux":["95430"],"centre":{"type":"Point","coordinates":[2.1899,49.0833]},"surface":278.31,"population":2252,"departement":{"code":"95","nom":"Val-d'Oise"},"region":{"code":"11","nom":"Île-de-France"}},{"nom":"Cergy","code":"95127","codesPostaux":["95000","95800"],"centre":{"type":"Point","coordinates":[2.0455,49.0373]},"surface":1455.24,"population":70906,"departement":{"code":"95","nom":"Val-d'Oise"},"region":{"code":"11","nom":"Île-de-France"}},{"nom":"Champagne-sur-Oise","code":"95134","codesPostaux":["95660"],"centre":{"type":"Point","coordinates":[2.228,49.1455]},"surface":948.11,"population":5036,"departement":{"code":"95","nom":"Val-d'Oise"},"region":{"code":"11","nom":"Île-de-France"}},{"nom":"La Chapelle-en-Vexin","code":"95139","codesPostaux":["95420"],"centre":{"type":"Point","coordinates":[1.7274,49.1836]},"surface":366.94,"population":320,"departement":{"code":"95","nom":"Val-d'Oise"},"region":{"code":"11","nom":"Île-de-France"}},{"nom":"Charmont","code":"95141","codesPostaux":["95420"],"centre":{"type":"Point","coordinates":[1.7901,49.1388]},"surface":359.16,"population":32,"departement":{"code":"95","nom":"Val-d'Oise"},"region":{"code":"11","nom":"Île-de-France"}},{"nom":"Chars","code":"95142","codesPostaux":["95750"],"centre":{"type":"Point","coordinates":[1.9304,49.1572]},"surface":1687.52,"population":2006,"departement":{"code":"95","nom":"Val-d'Oise"},"region":{"code":"11","nom":"Île-de-France"}},{"nom":"Châtenay-en-France","code":"95144","codesPostaux":["95190"],"centre":{"type":"Point","coordinates":[2.462,49.0652]},"surface":307.21,"population":68,"departement":{"code":"95","nom":"Val-d'Oise"},"region":{"code":"11","nom":"Île-de-France"}},{"nom":"Chaumontel","code":"95149","codesPostaux":["95270"],"centre":{"type":"Point","coordinates":[2.4367,49.1277]},"surface":424.99,"population":3332,"departement":{"code":"95","nom":"Val-d'Oise"},"region":{"code":"11","nom":"Île-de-France"}},{"nom":"Chaussy","code":"95150","codesPostaux":["95710"],"centre":{"type":"Point","coordinates":[1.7075,49.1153]},"surface":1478.85,"population":631,"departement":{"code":"95","nom":"Val-d'Oise"},"region":{"code":"11","nom":"Île-de-France"}},{"nom":"Chauvry","code":"95151","codesPostaux":["95560"],"centre":{"type":"Point","coordinates":[2.2689,49.0558]},"surface":501.49,"population":297,"departement":{"code":"95","nom":"Val-d'Oise"},"region":{"code":"11","nom":"Île-de-France"}},{"nom":"Chennevières-lès-Louvres","code":"95154","codesPostaux":["95380"],"centre":{"type":"Point","coordinates":[2.5484,49.0412]},"surface":458.69,"population":282,"departement":{"code":"95","nom":"Val-d'Oise"},"region":{"code":"11","nom":"Île-de-France"}},{"nom":"Chérence","code":"95157","codesPostaux":["95510"],"centre":{"type":"Point","coordinates":[1.678,49.0912]},"surface":861.42,"population":137,"departement":{"code":"95","nom":"Val-d'Oise"},"region":{"code":"11","nom":"Île-de-France"}},{"nom":"Cléry-en-Vexin","code":"95166","codesPostaux":["95420"],"centre":{"type":"Point","coordinates":[1.8493,49.1317]},"surface":514.99,"population":476,"departement":{"code":"95","nom":"Val-d'Oise"},"region":{"code":"11","nom":"Île-de-France"}},{"nom":"Commeny","code":"95169","codesPostaux":["95450"],"centre":{"type":"Point","coordinates":[1.8915,49.1243]},"surface":551.28,"population":646,"departement":{"code":"95","nom":"Val-d'Oise"},"region":{"code":"11","nom":"Île-de-France"}},{"nom":"Condécourt","code":"95170","codesPostaux":["95450"],"centre":{"type":"Point","coordinates":[1.9366,49.037]},"surface":697.25,"population":564,"departement":{"code":"95","nom":"Val-d'Oise"},"region":{"code":"11","nom":"Île-de-France"}},{"nom":"Cormeilles-en-Parisis","code":"95176","codesPostaux":["95240"],"centre":{"type":"Point","coordinates":[2.201,48.9701]},"surface":842.9,"population":27292,"departement":{"code":"95","nom":"Val-d'Oise"},"region":{"code":"11","nom":"Île-de-France"}},{"nom":"Cormeilles-en-Vexin","code":"95177","codesPostaux":["95830"],"centre":{"type":"Point","coordinates":[2.0171,49.1145]},"surface":955.45,"population":1297,"departement":{"code":"95","nom":"Val-d'Oise"},"region":{"code":"11","nom":"Île-de-France"}},{"nom":"Courcelles-sur-Viosne","code":"95181","codesPostaux":["95650"],"centre":{"type":"Point","coordinates":[1.9952,49.0738]},"surface":362.18,"population":310,"departement":{"code":"95","nom":"Val-d'Oise"},"region":{"code":"11","nom":"Île-de-France"}},{"nom":"Courdimanche","code":"95183","codesPostaux":["95800"],"centre":{"type":"Point","coordinates":[1.9999,49.0421]},"surface":563.98,"population":7311,"departement":{"code":"95","nom":"Val-d'Oise"},"region":{"code":"11","nom":"Île-de-France"}},{"nom":"Deuil-la-Barre","code":"95197","codesPostaux":["95170"],"centre":{"type":"Point","coordinates":[2.327,48.9704]},"surface":375.28,"population":23099,"departement":{"code":"95","nom":"Val-d'Oise"},"region":{"code":"11","nom":"Île-de-France"}},{"nom":"Domont","code":"95199","codesPostaux":["95330"],"centre":{"type":"Point","coordinates":[2.3243,49.0289]},"surface":851.66,"population":16065,"departement":{"code":"95","nom":"Val-d'Oise"},"region":{"code":"11","nom":"Île-de-France"}},{"nom":"Eaubonne","code":"95203","codesPostaux":["95600"],"centre":{"type":"Point","coordinates":[2.2781,48.9912]},"surface":441.14,"population":26211,"departement":{"code":"95","nom":"Val-d'Oise"},"region":{"code":"11","nom":"Île-de-France"}},{"nom":"Écouen","code":"95205","codesPostaux":["95440"],"centre":{"type":"Point","coordinates":[2.3858,49.0258]},"surface":758.64,"population":7202,"departement":{"code":"95","nom":"Val-d'Oise"},"region":{"code":"11","nom":"Île-de-France"}},{"nom":"Enghien-les-Bains","code":"95210","codesPostaux":["95880"],"centre":{"type":"Point","coordinates":[2.305,48.9706]},"surface":174.81,"population":11432,"departement":{"code":"95","nom":"Val-d'Oise"},"region":{"code":"11","nom":"Île-de-France"}},{"nom":"Ennery","code":"95211","codesPostaux":["95300"],"centre":{"type":"Point","coordinates":[2.1089,49.0767]},"surface":746.72,"population":2243,"departement":{"code":"95","nom":"Val-d'Oise"},"region":{"code":"11","nom":"Île-de-France"}},{"nom":"Épiais-lès-Louvres","code":"95212","codesPostaux":["95380"],"centre":{"type":"Point","coordinates":[2.5475,49.0322]},"surface":346.21,"population":156,"departement":{"code":"95","nom":"Val-d'Oise"},"region":{"code":"11","nom":"Île-de-France"}},{"nom":"Épiais-Rhus","code":"95213","codesPostaux":["95810"],"centre":{"type":"Point","coordinates":[2.0703,49.1249]},"surface":1045.76,"population":603,"departement":{"code":"95","nom":"Val-d'Oise"},"region":{"code":"11","nom":"Île-de-France"}},{"nom":"Épinay-Champlâtreux","code":"95214","codesPostaux":["95270"],"centre":{"type":"Point","coordinates":[2.4071,49.0908]},"surface":359.89,"population":57,"departement":{"code":"95","nom":"Val-d'Oise"},"region":{"code":"11","nom":"Île-de-France"}},{"nom":"Éragny","code":"95218","codesPostaux":["95610"],"centre":{"type":"Point","coordinates":[2.1002,49.0224]},"surface":471.96,"population":18436,"departement":{"code":"95","nom":"Val-d'Oise"},"region":{"code":"11","nom":"Île-de-France"}},{"nom":"Ermont","code":"95219","codesPostaux":["95120"],"centre":{"type":"Point","coordinates":[2.258,48.9891]},"surface":415.42,"population":29489,"departement":{"code":"95","nom":"Val-d'Oise"},"region":{"code":"11","nom":"Île-de-France"}},{"nom":"Ézanville","code":"95229","codesPostaux":["95460"],"centre":{"type":"Point","coordinates":[2.3617,49.0382]},"surface":517.7,"population":9858,"departement":{"code":"95","nom":"Val-d'Oise"},"region":{"code":"11","nom":"Île-de-France"}},{"nom":"Fontenay-en-Parisis","code":"95241","codesPostaux":["95190"],"centre":{"type":"Point","coordinates":[2.4468,49.0483]},"surface":1103.04,"population":2219,"departement":{"code":"95","nom":"Val-d'Oise"},"region":{"code":"11","nom":"Île-de-France"}},{"nom":"Fosses","code":"95250","codesPostaux":["95470"],"centre":{"type":"Point","coordinates":[2.5043,49.1003]},"surface":362.58,"population":10570,"departement":{"code":"95","nom":"Val-d'Oise"},"region":{"code":"11","nom":"Île-de-France"}},{"nom":"Franconville","code":"95252","codesPostaux":["95130"],"centre":{"type":"Point","coordinates":[2.2235,48.9879]},"surface":622.54,"population":37754,"departement":{"code":"95","nom":"Val-d'Oise"},"region":{"code":"11","nom":"Île-de-France"}},{"nom":"Frémainville","code":"95253","codesPostaux":["95450"],"centre":{"type":"Point","coordinates":[1.8685,49.0663]},"surface":561.42,"population":507,"departement":{"code":"95","nom":"Val-d'Oise"},"region":{"code":"11","nom":"Île-de-France"}},{"nom":"Frémécourt","code":"95254","codesPostaux":["95830"],"centre":{"type":"Point","coordinates":[1.9937,49.1221]},"surface":432,"population":526,"departement":{"code":"95","nom":"Val-d'Oise"},"region":{"code":"11","nom":"Île-de-France"}},{"nom":"Frépillon","code":"95256","codesPostaux":["95740"],"centre":{"type":"Point","coordinates":[2.2021,49.0498]},"surface":337.68,"population":3317,"departement":{"code":"95","nom":"Val-d'Oise"},"region":{"code":"11","nom":"Île-de-France"}},{"nom":"La Frette-sur-Seine","code":"95257","codesPostaux":["95530"],"centre":{"type":"Point","coordinates":[2.1759,48.9728]},"surface":203.85,"population":4570,"departement":{"code":"95","nom":"Val-d'Oise"},"region":{"code":"11","nom":"Île-de-France"}},{"nom":"Frouville","code":"95258","codesPostaux":["95690"],"centre":{"type":"Point","coordinates":[2.1459,49.1575]},"surface":746.58,"population":347,"departement":{"code":"95","nom":"Val-d'Oise"},"region":{"code":"11","nom":"Île-de-France"}},{"nom":"Garges-lès-Gonesse","code":"95268","codesPostaux":["95140"],"centre":{"type":"Point","coordinates":[2.4035,48.9696]},"surface":546.37,"population":41791,"departement":{"code":"95","nom":"Val-d'Oise"},"region":{"code":"11","nom":"Île-de-France"}},{"nom":"Genainville","code":"95270","codesPostaux":["95420"],"centre":{"type":"Point","coordinates":[1.7558,49.1142]},"surface":1059.12,"population":522,"departement":{"code":"95","nom":"Val-d'Oise"},"region":{"code":"11","nom":"Île-de-France"}},{"nom":"Génicourt","code":"95271","codesPostaux":["95650"],"centre":{"type":"Point","coordinates":[2.0626,49.0946]},"surface":643.43,"population":514,"departement":{"code":"95","nom":"Val-d'Oise"},"region":{"code":"11","nom":"Île-de-France"}},{"nom":"Gonesse","code":"95277","codesPostaux":["95500"],"centre":{"type":"Point","coordinates":[2.4602,48.9856]},"surface":2029.8,"population":27707,"departement":{"code":"95","nom":"Val-d'Oise"},"region":{"code":"11","nom":"Île-de-France"}},{"nom":"Goussainville","code":"95280","codesPostaux":["95190"],"centre":{"type":"Point","coordinates":[2.4683,49.0266]},"surface":1141.9,"population":31301,"departement":{"code":"95","nom":"Val-d'Oise"},"region":{"code":"11","nom":"Île-de-France"}},{"nom":"Grisy-les-Plâtres","code":"95287","codesPostaux":["95810"],"centre":{"type":"Point","coordinates":[2.0486,49.1306]},"surface":716.01,"population":709,"departement":{"code":"95","nom":"Val-d'Oise"},"region":{"code":"11","nom":"Île-de-France"}},{"nom":"Groslay","code":"95288","codesPostaux":["95410"],"centre":{"type":"Point","coordinates":[2.3514,48.9852]},"surface":308.19,"population":8453,"departement":{"code":"95","nom":"Val-d'Oise"},"region":{"code":"11","nom":"Île-de-France"}},{"nom":"Guiry-en-Vexin","code":"95295","codesPostaux":["95450"],"centre":{"type":"Point","coordinates":[1.8556,49.116]},"surface":618.93,"population":161,"departement":{"code":"95","nom":"Val-d'Oise"},"region":{"code":"11","nom":"Île-de-France"}},{"nom":"Haravilliers","code":"95298","codesPostaux":["95640"],"centre":{"type":"Point","coordinates":[2.0377,49.1763]},"surface":1102.48,"population":589,"departement":{"code":"95","nom":"Val-d'Oise"},"region":{"code":"11","nom":"Île-de-France"}},{"nom":"Haute-Isle","code":"95301","codesPostaux":["95780"],"centre":{"type":"Point","coordinates":[1.6675,49.0848]},"surface":251.81,"population":293,"departement":{"code":"95","nom":"Val-d'Oise"},"region":{"code":"11","nom":"Île-de-France"}},{"nom":"Le Heaulme","code":"95303","codesPostaux":["95640"],"centre":{"type":"Point","coordinates":[2.0007,49.167]},"surface":196.54,"population":207,"departement":{"code":"95","nom":"Val-d'Oise"},"region":{"code":"11","nom":"Île-de-France"}},{"nom":"Hédouville","code":"95304","codesPostaux":["95690"],"centre":{"type":"Point","coordinates":[2.179,49.1584]},"surface":533.58,"population":278,"departement":{"code":"95","nom":"Val-d'Oise"},"region":{"code":"11","nom":"Île-de-France"}},{"nom":"Herblay-sur-Seine","code":"95306","codesPostaux":["95220"],"centre":{"type":"Point","coordinates":[2.1556,49.0052]},"surface":1258.64,"population":31779,"departement":{"code":"95","nom":"Val-d'Oise"},"region":{"code":"11","nom":"Île-de-France"}},{"nom":"Hérouville-en-Vexin","code":"95308","codesPostaux":["95300"],"centre":{"type":"Point","coordinates":[2.1283,49.1047]},"surface":848.29,"population":584,"departement":{"code":"95","nom":"Val-d'Oise"},"region":{"code":"11","nom":"Île-de-France"}},{"nom":"Hodent","code":"95309","codesPostaux":["95420"],"centre":{"type":"Point","coordinates":[1.7624,49.1425]},"surface":442.78,"population":225,"departement":{"code":"95","nom":"Val-d'Oise"},"region":{"code":"11","nom":"Île-de-France"}},{"nom":"L'Isle-Adam","code":"95313","codesPostaux":["95290"],"centre":{"type":"Point","coordinates":[2.2352,49.1078]},"surface":1566.94,"population":12493,"departement":{"code":"95","nom":"Val-d'Oise"},"region":{"code":"11","nom":"Île-de-France"}},{"nom":"Jagny-sous-Bois","code":"95316","codesPostaux":["95850"],"centre":{"type":"Point","coordinates":[2.4424,49.0817]},"surface":423.51,"population":269,"departement":{"code":"95","nom":"Val-d'Oise"},"region":{"code":"11","nom":"Île-de-France"}},{"nom":"Jouy-le-Moutier","code":"95323","codesPostaux":["95280"],"centre":{"type":"Point","coordinates":[2.0357,49.0118]},"surface":730.62,"population":17854,"departement":{"code":"95","nom":"Val-d'Oise"},"region":{"code":"11","nom":"Île-de-France"}},{"nom":"Labbeville","code":"95328","codesPostaux":["95690"],"centre":{"type":"Point","coordinates":[2.1355,49.1349]},"surface":804.46,"population":641,"departement":{"code":"95","nom":"Val-d'Oise"},"region":{"code":"11","nom":"Île-de-France"}},{"nom":"Lassy","code":"95331","codesPostaux":["95270"],"centre":{"type":"Point","coordinates":[2.4373,49.0953]},"surface":196.05,"population":196,"departement":{"code":"95","nom":"Val-d'Oise"},"region":{"code":"11","nom":"Île-de-France"}},{"nom":"Livilliers","code":"95341","codesPostaux":["95300"],"centre":{"type":"Point","coordinates":[2.0947,49.1001]},"surface":655.95,"population":389,"departement":{"code":"95","nom":"Val-d'Oise"},"region":{"code":"11","nom":"Île-de-France"}},{"nom":"Longuesse","code":"95348","codesPostaux":["95450"],"centre":{"type":"Point","coordinates":[1.9294,49.0622]},"surface":851.91,"population":496,"departement":{"code":"95","nom":"Val-d'Oise"},"region":{"code":"11","nom":"Île-de-France"}},{"nom":"Louvres","code":"95351","codesPostaux":["95380"],"centre":{"type":"Point","coordinates":[2.5011,49.0444]},"surface":1137.74,"population":12560,"departement":{"code":"95","nom":"Val-d'Oise"},"region":{"code":"11","nom":"Île-de-France"}},{"nom":"Luzarches","code":"95352","codesPostaux":["95270"],"centre":{"type":"Point","coordinates":[2.4457,49.1168]},"surface":2048.54,"population":5008,"departement":{"code":"95","nom":"Val-d'Oise"},"region":{"code":"11","nom":"Île-de-France"}},{"nom":"Maffliers","code":"95353","codesPostaux":["95560"],"centre":{"type":"Point","coordinates":[2.3116,49.0864]},"surface":685.35,"population":1856,"departement":{"code":"95","nom":"Val-d'Oise"},"region":{"code":"11","nom":"Île-de-France"}},{"nom":"Magny-en-Vexin","code":"95355","codesPostaux":["95420"],"centre":{"type":"Point","coordinates":[1.8058,49.162]},"surface":1451.98,"population":5779,"departement":{"code":"95","nom":"Val-d'Oise"},"region":{"code":"11","nom":"Île-de-France"}},{"nom":"Mareil-en-France","code":"95365","codesPostaux":["95850"],"centre":{"type":"Point","coordinates":[2.4179,49.0699]},"surface":698.32,"population":734,"departement":{"code":"95","nom":"Val-d'Oise"},"region":{"code":"11","nom":"Île-de-France"}},{"nom":"Margency","code":"95369","codesPostaux":["95580"],"centre":{"type":"Point","coordinates":[2.2892,49.0017]},"surface":72.45,"population":3012,"departement":{"code":"95","nom":"Val-d'Oise"},"region":{"code":"11","nom":"Île-de-France"}},{"nom":"Marines","code":"95370","codesPostaux":["95640"],"centre":{"type":"Point","coordinates":[1.9825,49.1499]},"surface":822.15,"population":3594,"departement":{"code":"95","nom":"Val-d'Oise"},"region":{"code":"11","nom":"Île-de-France"}},{"nom":"Marly-la-Ville","code":"95371","codesPostaux":["95670"],"centre":{"type":"Point","coordinates":[2.5069,49.0805]},"surface":877.29,"population":6022,"departement":{"code":"95","nom":"Val-d'Oise"},"region":{"code":"11","nom":"Île-de-France"}},{"nom":"Maudétour-en-Vexin","code":"95379","codesPostaux":["95420"],"centre":{"type":"Point","coordinates":[1.7775,49.1093]},"surface":665.72,"population":208,"departement":{"code":"95","nom":"Val-d'Oise"},"region":{"code":"11","nom":"Île-de-France"}},{"nom":"Menouville","code":"95387","codesPostaux":["95810"],"centre":{"type":"Point","coordinates":[2.1092,49.1522]},"surface":279.8,"population":62,"departement":{"code":"95","nom":"Val-d'Oise"},"region":{"code":"11","nom":"Île-de-France"}},{"nom":"Menucourt","code":"95388","codesPostaux":["95180"],"centre":{"type":"Point","coordinates":[1.974,49.0273]},"surface":371.13,"population":6184,"departement":{"code":"95","nom":"Val-d'Oise"},"region":{"code":"11","nom":"Île-de-France"}},{"nom":"Mériel","code":"95392","codesPostaux":["95630"],"centre":{"type":"Point","coordinates":[2.2125,49.0772]},"surface":533.34,"population":5347,"departement":{"code":"95","nom":"Val-d'Oise"},"region":{"code":"11","nom":"Île-de-France"}},{"nom":"Méry-sur-Oise","code":"95394","codesPostaux":["95540"],"centre":{"type":"Point","coordinates":[2.173,49.0518]},"surface":987.7,"population":9983,"departement":{"code":"95","nom":"Val-d'Oise"},"region":{"code":"11","nom":"Île-de-France"}},{"nom":"Le Mesnil-Aubry","code":"95395","codesPostaux":["95720"],"centre":{"type":"Point","coordinates":[2.3948,49.0539]},"surface":673.06,"population":914,"departement":{"code":"95","nom":"Val-d'Oise"},"region":{"code":"11","nom":"Île-de-France"}},{"nom":"Moisselles","code":"95409","codesPostaux":["95570"],"centre":{"type":"Point","coordinates":[2.3373,49.0451]},"surface":148.4,"population":1261,"departement":{"code":"95","nom":"Val-d'Oise"},"region":{"code":"11","nom":"Île-de-France"}},{"nom":"Montgeroult","code":"95422","codesPostaux":["95650"],"centre":{"type":"Point","coordinates":[2.0095,49.0899]},"surface":499.66,"population":361,"departement":{"code":"95","nom":"Val-d'Oise"},"region":{"code":"11","nom":"Île-de-France"}},{"nom":"Montigny-lès-Cormeilles","code":"95424","codesPostaux":["95370"],"centre":{"type":"Point","coordinates":[2.1937,48.9934]},"surface":405.67,"population":22457,"departement":{"code":"95","nom":"Val-d'Oise"},"region":{"code":"11","nom":"Île-de-France"}},{"nom":"Montlignon","code":"95426","codesPostaux":["95680"],"centre":{"type":"Point","coordinates":[2.2882,49.0157]},"surface":284,"population":3038,"departement":{"code":"95","nom":"Val-d'Oise"},"region":{"code":"11","nom":"Île-de-France"}},{"nom":"Montmagny","code":"95427","codesPostaux":["95360"],"centre":{"type":"Point","coordinates":[2.3471,48.9677]},"surface":291.52,"population":15105,"departement":{"code":"95","nom":"Val-d'Oise"},"region":{"code":"11","nom":"Île-de-France"}},{"nom":"Montmorency","code":"95428","codesPostaux":["95160"],"centre":{"type":"Point","coordinates":[2.322,48.9922]},"surface":519.63,"population":21763,"departement":{"code":"95","nom":"Val-d'Oise"},"region":{"code":"11","nom":"Île-de-France"}},{"nom":"Montreuil-sur-Epte","code":"95429","codesPostaux":["95770"],"centre":{"type":"Point","coordinates":[1.6894,49.1689]},"surface":732.75,"population":377,"departement":{"code":"95","nom":"Val-d'Oise"},"region":{"code":"11","nom":"Île-de-France"}},{"nom":"Montsoult","code":"95430","codesPostaux":["95560"],"centre":{"type":"Point","coordinates":[2.3025,49.0716]},"surface":385.97,"population":4023,"departement":{"code":"95","nom":"Val-d'Oise"},"region":{"code":"11","nom":"Île-de-France"}},{"nom":"Mours","code":"95436","codesPostaux":["95260"],"centre":{"type":"Point","coordinates":[2.2572,49.1315]},"surface":247.88,"population":1693,"departement":{"code":"95","nom":"Val-d'Oise"},"region":{"code":"11","nom":"Île-de-France"}},{"nom":"Moussy","code":"95438","codesPostaux":["95640"],"centre":{"type":"Point","coordinates":[1.9082,49.1355]},"surface":477.16,"population":108,"departement":{"code":"95","nom":"Val-d'Oise"},"region":{"code":"11","nom":"Île-de-France"}},{"nom":"Nerville-la-Forêt","code":"95445","codesPostaux":["95590"],"centre":{"type":"Point","coordinates":[2.2768,49.0882]},"surface":669.68,"population":756,"departement":{"code":"95","nom":"Val-d'Oise"},"region":{"code":"11","nom":"Île-de-France"}},{"nom":"Nesles-la-Vallée","code":"95446","codesPostaux":["95690"],"centre":{"type":"Point","coordinates":[2.1672,49.1339]},"surface":1347.16,"population":1842,"departement":{"code":"95","nom":"Val-d'Oise"},"region":{"code":"11","nom":"Île-de-France"}},{"nom":"Neuilly-en-Vexin","code":"95447","codesPostaux":["95640"],"centre":{"type":"Point","coordinates":[1.9809,49.174]},"surface":299.57,"population":240,"departement":{"code":"95","nom":"Val-d'Oise"},"region":{"code":"11","nom":"Île-de-France"}},{"nom":"Neuville-sur-Oise","code":"95450","codesPostaux":["95000"],"centre":{"type":"Point","coordinates":[2.0607,49.0177]},"surface":426.02,"population":2058,"departement":{"code":"95","nom":"Val-d'Oise"},"region":{"code":"11","nom":"Île-de-France"}},{"nom":"Nointel","code":"95452","codesPostaux":["95590"],"centre":{"type":"Point","coordinates":[2.2952,49.1294]},"surface":323.72,"population":903,"departement":{"code":"95","nom":"Val-d'Oise"},"region":{"code":"11","nom":"Île-de-France"}},{"nom":"Noisy-sur-Oise","code":"95456","codesPostaux":["95270"],"centre":{"type":"Point","coordinates":[2.3272,49.1343]},"surface":380.5,"population":549,"departement":{"code":"95","nom":"Val-d'Oise"},"region":{"code":"11","nom":"Île-de-France"}},{"nom":"Nucourt","code":"95459","codesPostaux":["95420"],"centre":{"type":"Point","coordinates":[1.8582,49.1584]},"surface":770.52,"population":719,"departement":{"code":"95","nom":"Val-d'Oise"},"region":{"code":"11","nom":"Île-de-France"}},{"nom":"Omerville","code":"95462","codesPostaux":["95420"],"centre":{"type":"Point","coordinates":[1.7183,49.1404]},"surface":1230.96,"population":327,"departement":{"code":"95","nom":"Val-d'Oise"},"region":{"code":"11","nom":"Île-de-France"}},{"nom":"Osny","code":"95476","codesPostaux":["95520"],"centre":{"type":"Point","coordinates":[2.0618,49.0668]},"surface":1230.75,"population":17954,"departement":{"code":"95","nom":"Val-d'Oise"},"region":{"code":"11","nom":"Île-de-France"}},{"nom":"Parmain","code":"95480","codesPostaux":["95620"],"centre":{"type":"Point","coordinates":[2.1991,49.125]},"surface":886.03,"population":5655,"departement":{"code":"95","nom":"Val-d'Oise"},"region":{"code":"11","nom":"Île-de-France"}},{"nom":"Le Perchay","code":"95483","codesPostaux":["95450"],"centre":{"type":"Point","coordinates":[1.928,49.1154]},"surface":546.68,"population":504,"departement":{"code":"95","nom":"Val-d'Oise"},"region":{"code":"11","nom":"Île-de-France"}},{"nom":"Persan","code":"95487","codesPostaux":["95340"],"centre":{"type":"Point","coordinates":[2.2672,49.1479]},"surface":517.6,"population":14359,"departement":{"code":"95","nom":"Val-d'Oise"},"region":{"code":"11","nom":"Île-de-France"}},{"nom":"Pierrelaye","code":"95488","codesPostaux":["95220","95480"],"centre":{"type":"Point","coordinates":[2.1629,49.0185]},"surface":896.53,"population":10130,"departement":{"code":"95","nom":"Val-d'Oise"},"region":{"code":"11","nom":"Île-de-France"}},{"nom":"Piscop","code":"95489","codesPostaux":["95350"],"centre":{"type":"Point","coordinates":[2.3421,49.0162]},"surface":414.72,"population":768,"departement":{"code":"95","nom":"Val-d'Oise"},"region":{"code":"11","nom":"Île-de-France"}},{"nom":"Le Plessis-Bouchard","code":"95491","codesPostaux":["95130"],"centre":{"type":"Point","coordinates":[2.2339,49.003]},"surface":265.89,"population":8518,"departement":{"code":"95","nom":"Val-d'Oise"},"region":{"code":"11","nom":"Île-de-France"}},{"nom":"Le Plessis-Gassot","code":"95492","codesPostaux":["95720"],"centre":{"type":"Point","coordinates":[2.4168,49.0362]},"surface":415.29,"population":102,"departement":{"code":"95","nom":"Val-d'Oise"},"region":{"code":"11","nom":"Île-de-France"}},{"nom":"Le Plessis-Luzarches","code":"95493","codesPostaux":["95270"],"centre":{"type":"Point","coordinates":[2.4567,49.0955]},"surface":91.45,"population":152,"departement":{"code":"95","nom":"Val-d'Oise"},"region":{"code":"11","nom":"Île-de-France"}},{"nom":"Pontoise","code":"95500","codesPostaux":["95000","95300"],"centre":{"type":"Point","coordinates":[2.0996,49.0488]},"surface":716.3,"population":31970,"departement":{"code":"95","nom":"Val-d'Oise"},"region":{"code":"11","nom":"Île-de-France"}},{"nom":"Presles","code":"95504","codesPostaux":["95590"],"centre":{"type":"Point","coordinates":[2.2876,49.1094]},"surface":1017.92,"population":4017,"departement":{"code":"95","nom":"Val-d'Oise"},"region":{"code":"11","nom":"Île-de-France"}},{"nom":"Puiseux-en-France","code":"95509","codesPostaux":["95380"],"centre":{"type":"Point","coordinates":[2.4896,49.0703]},"surface":520.23,"population":3765,"departement":{"code":"95","nom":"Val-d'Oise"},"region":{"code":"11","nom":"Île-de-France"}},{"nom":"Puiseux-Pontoise","code":"95510","codesPostaux":["95650"],"centre":{"type":"Point","coordinates":[2.0135,49.0659]},"surface":387.94,"population":603,"departement":{"code":"95","nom":"Val-d'Oise"},"region":{"code":"11","nom":"Île-de-France"}},{"nom":"La Roche-Guyon","code":"95523","codesPostaux":["95780"],"centre":{"type":"Point","coordinates":[1.6337,49.0899]},"surface":466.65,"population":399,"departement":{"code":"95","nom":"Val-d'Oise"},"region":{"code":"11","nom":"Île-de-France"}},{"nom":"Roissy-en-France","code":"95527","codesPostaux":["95700"],"centre":{"type":"Point","coordinates":[2.5188,49.0036]},"surface":1418.51,"population":2674,"departement":{"code":"95","nom":"Val-d'Oise"},"region":{"code":"11","nom":"Île-de-France"}},{"nom":"Ronquerolles","code":"95529","codesPostaux":["95340"],"centre":{"type":"Point","coordinates":[2.2111,49.1674]},"surface":477.62,"population":907,"departement":{"code":"95","nom":"Val-d'Oise"},"region":{"code":"11","nom":"Île-de-France"}},{"nom":"Sagy","code":"95535","codesPostaux":["95450"],"centre":{"type":"Point","coordinates":[1.9674,49.0531]},"surface":1055.43,"population":1096,"departement":{"code":"95","nom":"Val-d'Oise"},"region":{"code":"11","nom":"Île-de-France"}},{"nom":"Saint-Brice-sous-Forêt","code":"95539","codesPostaux":["95350"],"centre":{"type":"Point","coordinates":[2.3453,49.0034]},"surface":599.52,"population":15063,"departement":{"code":"95","nom":"Val-d'Oise"},"region":{"code":"11","nom":"Île-de-France"}},{"nom":"Saint-Clair-sur-Epte","code":"95541","codesPostaux":["95770"],"centre":{"type":"Point","coordinates":[1.7047,49.211]},"surface":1232.55,"population":964,"departement":{"code":"95","nom":"Val-d'Oise"},"region":{"code":"11","nom":"Île-de-France"}},{"nom":"Saint-Cyr-en-Arthies","code":"95543","codesPostaux":["95510"],"centre":{"type":"Point","coordinates":[1.7416,49.0604]},"surface":392.84,"population":236,"departement":{"code":"95","nom":"Val-d'Oise"},"region":{"code":"11","nom":"Île-de-France"}},{"nom":"Saint-Gervais","code":"95554","codesPostaux":["95420"],"centre":{"type":"Point","coordinates":[1.7583,49.1655]},"surface":1343.11,"population":878,"departement":{"code":"95","nom":"Val-d'Oise"},"region":{"code":"11","nom":"Île-de-France"}},{"nom":"Saint-Gratien","code":"95555","codesPostaux":["95210"],"centre":{"type":"Point","coordinates":[2.285,48.9679]},"surface":272.27,"population":21336,"departement":{"code":"95","nom":"Val-d'Oise"},"region":{"code":"11","nom":"Île-de-France"}},{"nom":"Saint-Leu-la-Forêt","code":"95563","codesPostaux":["95320"],"centre":{"type":"Point","coordinates":[2.243,49.0211]},"surface":522.44,"population":16138,"departement":{"code":"95","nom":"Val-d'Oise"},"region":{"code":"11","nom":"Île-de-France"}},{"nom":"Saint-Martin-du-Tertre","code":"95566","codesPostaux":["95270"],"centre":{"type":"Point","coordinates":[2.3353,49.1008]},"surface":1172.07,"population":2689,"departement":{"code":"95","nom":"Val-d'Oise"},"region":{"code":"11","nom":"Île-de-France"}},{"nom":"Saint-Ouen-l'Aumône","code":"95572","codesPostaux":["95310"],"centre":{"type":"Point","coordinates":[2.1293,49.045]},"surface":1399.18,"population":25578,"departement":{"code":"95","nom":"Val-d'Oise"},"region":{"code":"11","nom":"Île-de-France"}},{"nom":"Saint-Prix","code":"95574","codesPostaux":["95390"],"centre":{"type":"Point","coordinates":[2.2748,49.0191]},"surface":791.25,"population":7612,"departement":{"code":"95","nom":"Val-d'Oise"},"region":{"code":"11","nom":"Île-de-France"}},{"nom":"Saint-Witz","code":"95580","codesPostaux":["95470"],"centre":{"type":"Point","coordinates":[2.5533,49.0844]},"surface":763.84,"population":2724,"departement":{"code":"95","nom":"Val-d'Oise"},"region":{"code":"11","nom":"Île-de-France"}},{"nom":"Sannois","code":"95582","codesPostaux":["95110"],"centre":{"type":"Point","coordinates":[2.2509,48.9731]},"surface":477.31,"population":26924,"departement":{"code":"95","nom":"Val-d'Oise"},"region":{"code":"11","nom":"Île-de-France"}},{"nom":"Santeuil","code":"95584","codesPostaux":["95640"],"centre":{"type":"Point","coordinates":[1.9563,49.1312]},"surface":537.31,"population":658,"departement":{"code":"95","nom":"Val-d'Oise"},"region":{"code":"11","nom":"Île-de-France"}},{"nom":"Sarcelles","code":"95585","codesPostaux":["95200"],"centre":{"type":"Point","coordinates":[2.3858,48.9925]},"surface":841.98,"population":59173,"departement":{"code":"95","nom":"Val-d'Oise"},"region":{"code":"11","nom":"Île-de-France"}},{"nom":"Seraincourt","code":"95592","codesPostaux":["95450"],"centre":{"type":"Point","coordinates":[1.8798,49.0401]},"surface":1137.54,"population":1305,"departement":{"code":"95","nom":"Val-d'Oise"},"region":{"code":"11","nom":"Île-de-France"}},{"nom":"Seugy","code":"95594","codesPostaux":["95270"],"centre":{"type":"Point","coordinates":[2.3956,49.1224]},"surface":171.44,"population":1044,"departement":{"code":"95","nom":"Val-d'Oise"},"region":{"code":"11","nom":"Île-de-France"}},{"nom":"Soisy-sous-Montmorency","code":"95598","codesPostaux":["95230"],"centre":{"type":"Point","coordinates":[2.3003,48.9888]},"surface":395.42,"population":18008,"departement":{"code":"95","nom":"Val-d'Oise"},"region":{"code":"11","nom":"Île-de-France"}},{"nom":"Survilliers","code":"95604","codesPostaux":["95470"],"centre":{"type":"Point","coordinates":[2.5451,49.1077]},"surface":544.34,"population":4091,"departement":{"code":"95","nom":"Val-d'Oise"},"region":{"code":"11","nom":"Île-de-France"}},{"nom":"Taverny","code":"95607","codesPostaux":["95150"],"centre":{"type":"Point","coordinates":[2.2179,49.0274]},"surface":1042.2,"population":27593,"departement":{"code":"95","nom":"Val-d'Oise"},"region":{"code":"11","nom":"Île-de-France"}},{"nom":"Théméricourt","code":"95610","codesPostaux":["95450"],"centre":{"type":"Point","coordinates":[1.9064,49.0882]},"surface":755.19,"population":283,"departement":{"code":"95","nom":"Val-d'Oise"},"region":{"code":"11","nom":"Île-de-France"}},{"nom":"Theuville","code":"95611","codesPostaux":["95810"],"centre":{"type":"Point","coordinates":[2.0678,49.1567]},"surface":499.75,"population":53,"departement":{"code":"95","nom":"Val-d'Oise"},"region":{"code":"11","nom":"Île-de-France"}},{"nom":"Le Thillay","code":"95612","codesPostaux":["95500"],"centre":{"type":"Point","coordinates":[2.4673,49.003]},"surface":399.04,"population":4560,"departement":{"code":"95","nom":"Val-d'Oise"},"region":{"code":"11","nom":"Île-de-France"}},{"nom":"Us","code":"95625","codesPostaux":["95450"],"centre":{"type":"Point","coordinates":[1.9562,49.1053]},"surface":1097.58,"population":1374,"departement":{"code":"95","nom":"Val-d'Oise"},"region":{"code":"11","nom":"Île-de-France"}},{"nom":"Vallangoujard","code":"95627","codesPostaux":["95810"],"centre":{"type":"Point","coordinates":[2.1078,49.1323]},"surface":756.27,"population":625,"departement":{"code":"95","nom":"Val-d'Oise"},"region":{"code":"11","nom":"Île-de-France"}},{"nom":"Valmondois","code":"95628","codesPostaux":["95760"],"centre":{"type":"Point","coordinates":[2.1841,49.0977]},"surface":460.04,"population":1208,"departement":{"code":"95","nom":"Val-d'Oise"},"region":{"code":"11","nom":"Île-de-France"}},{"nom":"Vaudherland","code":"95633","codesPostaux":["95500"],"centre":{"type":"Point","coordinates":[2.4864,49.0005]},"surface":9.71,"population":104,"departement":{"code":"95","nom":"Val-d'Oise"},"region":{"code":"11","nom":"Île-de-France"}},{"nom":"Vauréal","code":"95637","codesPostaux":["95490"],"centre":{"type":"Point","coordinates":[2.0254,49.0293]},"surface":374.37,"population":16079,"departement":{"code":"95","nom":"Val-d'Oise"},"region":{"code":"11","nom":"Île-de-France"}},{"nom":"Vémars","code":"95641","codesPostaux":["95470"],"centre":{"type":"Point","coordinates":[2.5706,49.0602]},"surface":823.35,"population":3124,"departement":{"code":"95","nom":"Val-d'Oise"},"region":{"code":"11","nom":"Île-de-France"}},{"nom":"Vétheuil","code":"95651","codesPostaux":["95510"],"centre":{"type":"Point","coordinates":[1.7097,49.0619]},"surface":438.72,"population":849,"departement":{"code":"95","nom":"Val-d'Oise"},"region":{"code":"11","nom":"Île-de-France"}},{"nom":"Viarmes","code":"95652","codesPostaux":["95270"],"centre":{"type":"Point","coordinates":[2.3836,49.1229]},"surface":827.6,"population":5558,"departement":{"code":"95","nom":"Val-d'Oise"},"region":{"code":"11","nom":"Île-de-France"}},{"nom":"Vienne-en-Arthies","code":"95656","codesPostaux":["95510"],"centre":{"type":"Point","coordinates":[1.7236,49.0655]},"surface":377.86,"population":379,"departement":{"code":"95","nom":"Val-d'Oise"},"region":{"code":"11","nom":"Île-de-France"}},{"nom":"Vigny","code":"95658","codesPostaux":["95450"],"centre":{"type":"Point","coordinates":[1.9296,49.0811]},"surface":679.68,"population":1137,"departement":{"code":"95","nom":"Val-d'Oise"},"region":{"code":"11","nom":"Île-de-France"}},{"nom":"Villaines-sous-Bois","code":"95660","codesPostaux":["95570"],"centre":{"type":"Point","coordinates":[2.3548,49.0751]},"surface":188.78,"population":778,"departement":{"code":"95","nom":"Val-d'Oise"},"region":{"code":"11","nom":"Île-de-France"}},{"nom":"Villeron","code":"95675","codesPostaux":["95380"],"centre":{"type":"Point","coordinates":[2.5348,49.059]},"surface":562.14,"population":1766,"departement":{"code":"95","nom":"Val-d'Oise"},"region":{"code":"11","nom":"Île-de-France"}},{"nom":"Villers-en-Arthies","code":"95676","codesPostaux":["95510"],"centre":{"type":"Point","coordinates":[1.7322,49.0864]},"surface":831.78,"population":498,"departement":{"code":"95","nom":"Val-d'Oise"},"region":{"code":"11","nom":"Île-de-France"}},{"nom":"Villiers-Adam","code":"95678","codesPostaux":["95840"],"centre":{"type":"Point","coordinates":[2.2383,49.0704]},"surface":984.74,"population":858,"departement":{"code":"95","nom":"Val-d'Oise"},"region":{"code":"11","nom":"Île-de-France"}},{"nom":"Villiers-le-Bel","code":"95680","codesPostaux":["95400"],"centre":{"type":"Point","coordinates":[2.4036,49.008]},"surface":731.25,"population":30053,"departement":{"code":"95","nom":"Val-d'Oise"},"region":{"code":"11","nom":"Île-de-France"}},{"nom":"Villiers-le-Sec","code":"95682","codesPostaux":["95720"],"centre":{"type":"Point","coordinates":[2.3862,49.0751]},"surface":324.13,"population":205,"departement":{"code":"95","nom":"Val-d'Oise"},"region":{"code":"11","nom":"Île-de-France"}},{"nom":"Wy-dit-Joli-Village","code":"95690","codesPostaux":["95420"],"centre":{"type":"Point","coordinates":[1.8249,49.0964]},"surface":847.24,"population":326,"departement":{"code":"95","nom":"Val-d'Oise"},"region":{"code":"11","nom":"Île-de-France"}}]