[{"nom":"Antony","code":"92002","codesPostaux":["92160"],"centre":{"type":"Point","coordinates":[2.2976,48.7507]},"surface":956.17,"population":64263,"departement":{"code":"92","nom":"Hauts-de-Seine"},"region":{"code":"11","nom":"Île-de-France"}},{"nom":"Asnières-sur-Seine","code":"92004","codesPostaux":["92600"],"centre":{"type":"Point","coordinates":[2.2935,48.9181]},"surface":482.12,"population":93941,"departement":{"code":"92","nom":"Hauts-de-Seine"},"region":{"code":"11","nom":"Île-de-France"}},{"nom":"Bagneux","code":"92007","codesPostaux":["92220"],"centre":{"type":"Point","coordinates":[2.3093,48.798]},"surface":418.4,"population":44572,"departement":{"code":"92","nom":"Hauts-de-Seine"},"region":{"code":"11","nom":"Île-de-France"}},{"nom":"Bois-Colombes","code":"92009","codesPostaux":["92270"],"centre":{"type":"Point","coordinates":[2.2688,48.9151]},"surface":192.51,"population":28909,"departement":{"code":"92","nom":"Hauts-de-Seine"},"region":{"code":"11","nom":"Île-de-France"}},{"nom":"Boulogne-Billancourt","code":"92012","codesPostaux":["92100"],"centre":{"type":"Point","coordinates":[2.2429,48.8375]},"surface":615.22,"population":119019,"departement":{"code":"92","nom":"Hauts-de-Seine"},"region":{"code":"11","nom":"Île-de-France"}},{"nom":"Bourg-la-Reine","code":"92014","codesPostaux":["92340"],"centre":{"type":"Point","coordinates":[2.3167,48.7801]},"surface":185.83,"population":21019,"departement":{"code":"92","nom":"Hauts-de-Seine"},"region":{"code":"11","nom":"Île-de-France"}},{"nom":"Châtenay-Malabry","code":"92019","codesPostaux":["92290"],"centre":{"type":"Point","coordinates":[2.2603,48.7697]},"surface":636.5,"population":35825,"departement":{"code":"92","nom":"Hauts-de-Seine"},"region":{"code":"11","nom":"Île-de-France"}},{"nom":"Châtillon","code":"92020","codesPostaux":["92320"],"centre":{"type":"Point","coordinates":[2.2887,48.8031]},"surface":292.37,"population":36705,"departement":{"code":"92","nom":"Hauts-de-Seine"},"region":{"code":"11","nom":"Île-de-France"}},{"nom":"Chaville","code":"92022","codesPostaux":["92370"],"centre":{"type":"Point","coordinates":[2.191,48.8091]},"surface":357.45,"population":20594,"departement":{"code":"92","nom":"Hauts-de-Seine"},"region":{"code":"11","nom":"Île-de-France"}},{"nom":"Clamart","code":"92023","codesPostaux":["92140"],"centre":{"type":"Point","coordinates":[2.2518,48.7957]},"surface":875.91,"population":58576,"departement":{"code":"92","nom":"Hauts-de-Seine"},"region":{"code":"11","nom":"Île-de-France"}},{"nom":"Clichy","code":"92024","codesPostaux":["92110"],"centre":{"type":"Point","coordinates":[2.3041,48.9041]},"surface":307.94,"population":64410,"departement":{"code":"92","nom":"Hauts-de-Seine"},"region":{"code":"11","nom":"Île-de-France"}},{"nom":"Colombes","code":"92025","codesPostaux":["92700"],"centre":{"type":"Point","coordinates":[2.2469,48.9218]},"surface":777.84,"population":91053,"departement":{"code":"92","nom":"Hauts-de-Seine"},"region":{"code":"11","nom":"Île-de-France"}},{"nom":"Courbevoie","code":"92026","codesPostaux":["92400"],"centre":{"type":"Point","coordinates":[2.2574,48.8976]},"surface":416.04,"population":82902,"departement":{"code":"92","nom":"Hauts-de-Seine"},"region":{"code":"11","nom":"Île-de-France"}},{"nom":"Fontenay-aux-Roses","code":"92032","codesPostaux":["92260"],"centre":{"type":"Point","coordinates":[2.2876,48.7895]},"surface":253.04,"population":24070,"departement":{"code":"92","nom":"Hauts-de-Seine"},"region":{"code":"11","nom":"Île-de-France"}},{"nom":"Garches","code":"92033","codesPostaux":["92380"],"centre":{"type":"Point","coordinates":[2.1861,48.8469]},"surface":272.07,"population":17743,"departement":{"code":"92","nom":"Hauts-de-Seine"},"region":{"code":"11","nom":"Île-de-France"}},{"nom":"La Garenne-Colombes","code":"92035","codesPostaux":["92250"],"centre":{"type":"Point","coordinates":[2.2437,48.9071]},"surface":178.12,"population":30197,"departement":{"code":"92","nom":"Hauts-de-Seine"},"region":{"code":"11","nom":"Île-de-France"}},{"nom":"Gennevilliers","code":"92036","codesPostaux":["92230"],"centre":{"type":"Point","coordinates":[2.288,48.9319]},"surface":1162.71,"population":50979,"departement":{"code":"92","nom":"Hauts-de-Seine"},"region":{"code":"11","nom":"Île-de-France"}},{"nom":"Issy-les-Moulineaux","code":"92040","codesPostaux":["92130"],"centre":{"type":"Point","coordinates":[2.2628,48.824]},"surface":424.49,"population":67669,"departement":{"code":"92","nom":"Hauts-de-Seine"},"region":{"code":"11","nom":"Île-de-France"}},{"nom":"Levallois-Perret","code":"92044","codesPostaux":["92300"],"centre":{"type":"Point","coordinates":[2.2874,48.8946]},"surface":241.57,"population":68092,"departement":{"code":"92","nom":"Hauts-de-Seine"},"region":{"code":"11","nom":"Île-de-France"}},{"nom":"Malakoff","code":"92046","codesPostaux":["92240"],"centre":{"type":"Point","coordinates":[2.2943,48.817]},"surface":207.15,"population":30557,"departement":{"code":"92","nom":"Hauts-de-Seine"},"region":{"code":"11","nom":"Île-de-France"}},{"nom":"Marnes-la-Coquette","code":"92047","codesPostaux":["92430"],"centre":{"type":"Point","coordinates":[2.1689,48.8286]},"surface":347.42,"population":1752,"departement":{"code":"92","nom":"Hauts-de-Seine"},"region":{"code":"11","nom":"Île-de-France"}},{"nom":"Meudon","code":"92048","codesPostaux":["92190","92360"],"centre":{"type":"Point","coordinates":[2.2288,48.8028]},"surface":994.19,"population":46334,"departement":{"code":"92","nom":"Hauts-de-Seine"},"region":{"code":"11","nom":"Île-de-France"}},{"nom":"Montrouge","code":"92049","codesPostaux":["92120"],"centre":{"type":"Point","coordinates":[2.3163,48.8159]},"surface":207.06,"population":46324,"departement":{"code":"92","nom":"Hauts-de-Seine"},"region":{"code":"11","nom":"Île-de-France"}},{"nom":"Nanterre","code":"92050","codesPostaux":["92000"],"centre":{"type":"Point","coordinates":[2.2018,48.8974]},"surface":1222.48,"population":97783,"departement":{"code":"92","nom":"Hauts-de-Seine"},"region":{"code":"11","nom":"Île-de-France"}},{"nom":"Neuilly-sur-Seine","code":"92051","codesPostaux":["92200"],"centre":{"type":"Point","coordinates":[2.2651,48.8862]},"surface":371.71,"population":59538,"departement":{"code":"92","nom":"Hauts-de-Seine"},"region":{"code":"11","nom":"Île-de-France"}},{"nom":"Le Plessis-Robinson","code":"92060","codesPostaux":["92350"],"centre":{"type":"Point","coordinates":[2.2592,48.7815]},"surface":340.7,"population":28848,"departement":{"code":"92","nom":"Hauts-de-Seine"},"region":{"code":"11","nom":"Île-de-France"}},{"nom":"Puteaux","code":"92062","codesPostaux":["92800"],"centre":{"type":"Point","coordinates":[2.2384,48.8824]},"surface":318.99,"population":44002,"departement":{"code":"92","nom":"Hauts-de-Seine"},"region":{"code":"11","nom":"Île-de-France"}},{"nom":"Rueil-Malmaison","code":"92063","codesPostaux":["92500"],"centre":{"type":"Point","coordinates":[2.1806,48.8717]},"surface":1452.83,"population":82874,"departement":{"code":"92","nom":"Hauts-de-Seine"},"region":{"code":"11","nom":"Île-de-France"}},{"nom":"Saint-Cloud","code":"92064","codesPostaux":["92210"],"centre":{"type":"Point","coordinates":[2.2032,48.844]},"surface":750.91,"population":29855,"departement":{"code":"92","nom":"Hauts-de-Seine"},"region":{"code":"11","nom":"Île-de-France"}},{"nom":"Sceaux","code":"92071","codesPostaux":["92330"],"centre":{"type":"Point","coordinates":[2.2963,48.776]},"surface":359.74,"population":20884,"departement":{"code":"92","nom":"Hauts-de-Seine"},"region":{"code":"11","nom":"Île-de-France"}},{"nom":"Sèvres","code":"92072","codesPostaux":["92310"],"centre":{"type":"Point","coordinates":[2.2056,48.8223]},"surface":392.74,"population":22303,"departement":{"code":"92","nom":"Hauts-de-Seine"},"region":{"code":"11","nom":"Île-de-France"}},{"nom":"Suresnes","code":"92073","codesPostaux":["92150"],"centre":{"type":"Point","coordinates":[2.2183,48.871]},"surface":379.65,"population":48956,"departement":{"code":"92","nom":"Hauts-de-Seine"},"region":{"code":"11","nom":"Île-de-France"}},{"nom":"Vanves","code":"92075","codesPostaux":["92170"],"centre":{"type":"Point","coordinates":[2.2869,48.8214]},"surface":155.5,"population":28622,"departement":{"code":"92","nom":"Hauts-de-Seine"},"region":{"code":"11","nom":"Île-de-France"}},{"nom":"Vaucresson","code":"92076","codesPostaux":["92420"],"centre":{"type":"Point","coordinates":[2.1628,48.8377]},"surface":309.44,"population":8432,"departement":{"code":"92","nom":"Hauts-de-Seine"},"region":{"code":"11","nom":"Île-de-France"}},{"nom":"Ville-d'Avray","code":"92077","codesPostaux":["92410"],"centre":{"type":"Point","coordinates":[2.1759,48.8215]},"surface":369.08,"population":11089,"departement":{"code":"92","nom":"Hauts-de-Seine"},"region":{"code":"11","nom":"Île-de-France"}},{"nom":"Villeneuve-la-Garenne","code":"92078","codesPostaux":["92390"],"centre":{"type":"Point","coordinates":[2.3231,48.9354]},"surface":320.02,"population":26021,"departement":{"code":"92","nom":"Hauts-de-Seine"},"region":{"code":"11","nom":"Île-de-France"}}]