[{"nom":"Agnat","code":"43001","codesPostaux":["43100"],"centre":{"type":"Point","coordinates":[3.4542,45.3435]},"surface":1985.37,"population":170,"departement":{"code":"43","nom":"Haute-Loire"},"region":{"code":"84","nom":"Auvergne-Rhône-Alpes"}},{"nom":"Aiguilhe","code":"43002","codesPostaux":["43000"],"centre":{"type":"Point","coordinates":[3.8851,45.0528]},"surface":110.08,"population":1498,"departement":{"code":"43","nom":"Haute-Loire"},"region":{"code":"84","nom":"Auvergne-Rhône-Alpes"}},{"nom":"Allègre","code":"43003","codesPostaux":["43270"],"centre":{"type":"Point","coordinates":[3.6877,45.1861]},"surface":2395.19,"population":922,"departement":{"code":"43","nom":"Haute-Loire"},"region":{"code":"84","nom":"Auvergne-Rhône-Alpes"}},{"nom":"Alleyrac","code":"43004","codesPostaux":["43150"],"centre":{"type":"Point","coordinates":[3.9898,44.8953]},"surface":1144.91,"population":117,"departement":{"code":"43","nom":"Haute-Loire"},"region":{"code":"84","nom":"Auvergne-Rhône-Alpes"}},{"nom":"Alleyras","code":"43005","codesPostaux":["43580"],"centre":{"type":"Point","coordinates":[3.6829,44.9114]},"surface":2505.36,"population":152,"departement":{"code":"43","nom":"Haute-Loire"},"region":{"code":"84","nom":"Auvergne-Rhône-Alpes"}},{"nom":"Ally","code":"43006","codesPostaux":["43380"],"centre":{"type":"Point","coordinates":[3.3184,45.15]},"surface":3114.67,"population":123,"departement":{"code":"43","nom":"Haute-Loire"},"region":{"code":"84","nom":"Auvergne-Rhône-Alpes"}},{"nom":"Araules","code":"43007","codesPostaux":["43200"],"centre":{"type":"Point","coordinates":[4.1739,45.0655]},"surface":3175.4,"population":620,"departement":{"code":"43","nom":"Haute-Loire"},"region":{"code":"84","nom":"Auvergne-Rhône-Alpes"}},{"nom":"Arlempdes","code":"43008","codesPostaux":["43490"],"centre":{"type":"Point","coordinates":[3.9068,44.8677]},"surface":1378.41,"population":156,"departement":{"code":"43","nom":"Haute-Loire"},"region":{"code":"84","nom":"Auvergne-Rhône-Alpes"}},{"nom":"Arlet","code":"43009","codesPostaux":["43380"],"centre":{"type":"Point","coordinates":[3.4076,45.1112]},"surface":583.25,"population":24,"departement":{"code":"43","nom":"Haute-Loire"},"region":{"code":"84","nom":"Auvergne-Rhône-Alpes"}},{"nom":"Arsac-en-Velay","code":"43010","codesPostaux":["43700"],"centre":{"type":"Point","coordinates":[3.9533,44.9914]},"surface":1199.36,"population":1219,"departement":{"code":"43","nom":"Haute-Loire"},"region":{"code":"84","nom":"Auvergne-Rhône-Alpes"}},{"nom":"Aubazat","code":"43011","codesPostaux":["43380"],"centre":{"type":"Point","coordinates":[3.4501,45.1265]},"surface":1655.65,"population":175,"departement":{"code":"43","nom":"Haute-Loire"},"region":{"code":"84","nom":"Auvergne-Rhône-Alpes"}},{"nom":"Aurec-sur-Loire","code":"43012","codesPostaux":["43110"],"centre":{"type":"Point","coordinates":[4.2034,45.3668]},"surface":2297.81,"population":6164,"departement":{"code":"43","nom":"Haute-Loire"},"region":{"code":"84","nom":"Auvergne-Rhône-Alpes"}},{"nom":"Vissac-Auteyrac","code":"43013","codesPostaux":["43300"],"centre":{"type":"Point","coordinates":[3.629,45.1145]},"surface":1759.64,"population":302,"departement":{"code":"43","nom":"Haute-Loire"},"region":{"code":"84","nom":"Auvergne-Rhône-Alpes"}},{"nom":"Autrac","code":"43014","codesPostaux":["43450"],"centre":{"type":"Point","coordinates":[3.1282,45.335]},"surface":846.48,"population":50,"departement":{"code":"43","nom":"Haute-Loire"},"region":{"code":"84","nom":"Auvergne-Rhône-Alpes"}},{"nom":"Auvers","code":"43015","codesPostaux":["43300"],"centre":{"type":"Point","coordinates":[3.395,44.9984]},"surface":2121.5,"population":48,"departement":{"code":"43","nom":"Haute-Loire"},"region":{"code":"84","nom":"Auvergne-Rhône-Alpes"}},{"nom":"Auzon","code":"43016","codesPostaux":["43390"],"centre":{"type":"Point","coordinates":[3.3795,45.3876]},"surface":1703.92,"population":858,"departement":{"code":"43","nom":"Haute-Loire"},"region":{"code":"84","nom":"Auvergne-Rhône-Alpes"}},{"nom":"Azérat","code":"43017","codesPostaux":["43390"],"centre":{"type":"Point","coordinates":[3.3957,45.3532]},"surface":1814.46,"population":294,"departement":{"code":"43","nom":"Haute-Loire"},"region":{"code":"84","nom":"Auvergne-Rhône-Alpes"}},{"nom":"Bains","code":"43018","codesPostaux":["43370"],"centre":{"type":"Point","coordinates":[3.7643,44.9914]},"surface":3771.28,"population":1378,"departement":{"code":"43","nom":"Haute-Loire"},"region":{"code":"84","nom":"Auvergne-Rhône-Alpes"}},{"nom":"Barges","code":"43019","codesPostaux":["43340"],"centre":{"type":"Point","coordinates":[3.8888,44.8331]},"surface":709.34,"population":100,"departement":{"code":"43","nom":"Haute-Loire"},"region":{"code":"84","nom":"Auvergne-Rhône-Alpes"}},{"nom":"Bas-en-Basset","code":"43020","codesPostaux":["43210"],"centre":{"type":"Point","coordinates":[4.1076,45.3168]},"surface":4699.42,"population":4638,"departement":{"code":"43","nom":"Haute-Loire"},"region":{"code":"84","nom":"Auvergne-Rhône-Alpes"}},{"nom":"Beaulieu","code":"43021","codesPostaux":["43800"],"centre":{"type":"Point","coordinates":[3.9515,45.14]},"surface":2264.17,"population":1096,"departement":{"code":"43","nom":"Haute-Loire"},"region":{"code":"84","nom":"Auvergne-Rhône-Alpes"}},{"nom":"Beaumont","code":"43022","codesPostaux":["43100"],"centre":{"type":"Point","coordinates":[3.3281,45.3121]},"surface":1226.33,"population":268,"departement":{"code":"43","nom":"Haute-Loire"},"region":{"code":"84","nom":"Auvergne-Rhône-Alpes"}},{"nom":"Beaune-sur-Arzon","code":"43023","codesPostaux":["43500"],"centre":{"type":"Point","coordinates":[3.821,45.2892]},"surface":1450.69,"population":227,"departement":{"code":"43","nom":"Haute-Loire"},"region":{"code":"84","nom":"Auvergne-Rhône-Alpes"}},{"nom":"Beaux","code":"43024","codesPostaux":["43200"],"centre":{"type":"Point","coordinates":[4.0843,45.1959]},"surface":1686.59,"population":886,"departement":{"code":"43","nom":"Haute-Loire"},"region":{"code":"84","nom":"Auvergne-Rhône-Alpes"}},{"nom":"Beauzac","code":"43025","codesPostaux":["43590"],"centre":{"type":"Point","coordinates":[4.0953,45.2528]},"surface":3584.83,"population":2954,"departement":{"code":"43","nom":"Haute-Loire"},"region":{"code":"84","nom":"Auvergne-Rhône-Alpes"}},{"nom":"Bellevue-la-Montagne","code":"43026","codesPostaux":["43350"],"centre":{"type":"Point","coordinates":[3.816,45.2102]},"surface":3296.7,"population":461,"departement":{"code":"43","nom":"Haute-Loire"},"region":{"code":"84","nom":"Auvergne-Rhône-Alpes"}},{"nom":"Berbezit","code":"43027","codesPostaux":["43160"],"centre":{"type":"Point","coordinates":[3.5864,45.2885]},"surface":1047.53,"population":45,"departement":{"code":"43","nom":"Haute-Loire"},"region":{"code":"84","nom":"Auvergne-Rhône-Alpes"}},{"nom":"Bessamorel","code":"43028","codesPostaux":["43200"],"centre":{"type":"Point","coordinates":[4.0797,45.1281]},"surface":743.05,"population":432,"departement":{"code":"43","nom":"Haute-Loire"},"region":{"code":"84","nom":"Auvergne-Rhône-Alpes"}},{"nom":"La Besseyre-Saint-Mary","code":"43029","codesPostaux":["43170"],"centre":{"type":"Point","coordinates":[3.4115,44.9763]},"surface":2172.39,"population":103,"departement":{"code":"43","nom":"Haute-Loire"},"region":{"code":"84","nom":"Auvergne-Rhône-Alpes"}},{"nom":"Blanzac","code":"43030","codesPostaux":["43350"],"centre":{"type":"Point","coordinates":[3.8566,45.1125]},"surface":866.85,"population":464,"departement":{"code":"43","nom":"Haute-Loire"},"region":{"code":"84","nom":"Auvergne-Rhône-Alpes"}},{"nom":"Blassac","code":"43031","codesPostaux":["43380"],"centre":{"type":"Point","coordinates":[3.3858,45.1623]},"surface":1229.03,"population":126,"departement":{"code":"43","nom":"Haute-Loire"},"region":{"code":"84","nom":"Auvergne-Rhône-Alpes"}},{"nom":"Blavozy","code":"43032","codesPostaux":["43700"],"centre":{"type":"Point","coordinates":[3.9721,45.0623]},"surface":630.31,"population":1724,"departement":{"code":"43","nom":"Haute-Loire"},"region":{"code":"84","nom":"Auvergne-Rhône-Alpes"}},{"nom":"Blesle","code":"43033","codesPostaux":["43450"],"centre":{"type":"Point","coordinates":[3.1762,45.3107]},"surface":2990.19,"population":611,"departement":{"code":"43","nom":"Haute-Loire"},"region":{"code":"84","nom":"Auvergne-Rhône-Alpes"}},{"nom":"Boisset","code":"43034","codesPostaux":["43500"],"centre":{"type":"Point","coordinates":[3.9817,45.3117]},"surface":1419.17,"population":394,"departement":{"code":"43","nom":"Haute-Loire"},"region":{"code":"84","nom":"Auvergne-Rhône-Alpes"}},{"nom":"Bonneval","code":"43035","codesPostaux":["43160"],"centre":{"type":"Point","coordinates":[3.7333,45.3059]},"surface":1470.79,"population":92,"departement":{"code":"43","nom":"Haute-Loire"},"region":{"code":"84","nom":"Auvergne-Rhône-Alpes"}},{"nom":"Borne","code":"43036","codesPostaux":["43350"],"centre":{"type":"Point","coordinates":[3.7921,45.0946]},"surface":545.7,"population":403,"departement":{"code":"43","nom":"Haute-Loire"},"region":{"code":"84","nom":"Auvergne-Rhône-Alpes"}},{"nom":"Le Bouchet-Saint-Nicolas","code":"43037","codesPostaux":["43510"],"centre":{"type":"Point","coordinates":[3.7876,44.8853]},"surface":1936.51,"population":267,"departement":{"code":"43","nom":"Haute-Loire"},"region":{"code":"84","nom":"Auvergne-Rhône-Alpes"}},{"nom":"Bournoncle-Saint-Pierre","code":"43038","codesPostaux":["43360"],"centre":{"type":"Point","coordinates":[3.3277,45.343]},"surface":1619.43,"population":1075,"departement":{"code":"43","nom":"Haute-Loire"},"region":{"code":"84","nom":"Auvergne-Rhône-Alpes"}},{"nom":"Le Brignon","code":"43039","codesPostaux":["43370"],"centre":{"type":"Point","coordinates":[3.8773,44.9143]},"surface":3490.79,"population":617,"departement":{"code":"43","nom":"Haute-Loire"},"region":{"code":"84","nom":"Auvergne-Rhône-Alpes"}},{"nom":"Brioude","code":"43040","codesPostaux":["43100"],"centre":{"type":"Point","coordinates":[3.3847,45.2968]},"surface":1351.61,"population":6527,"departement":{"code":"43","nom":"Haute-Loire"},"region":{"code":"84","nom":"Auvergne-Rhône-Alpes"}},{"nom":"Brives-Charensac","code":"43041","codesPostaux":["43700"],"centre":{"type":"Point","coordinates":[3.9222,45.0437]},"surface":472.93,"population":4244,"departement":{"code":"43","nom":"Haute-Loire"},"region":{"code":"84","nom":"Auvergne-Rhône-Alpes"}},{"nom":"Cayres","code":"43042","codesPostaux":["43510"],"centre":{"type":"Point","coordinates":[3.8062,44.9201]},"surface":2916.72,"population":674,"departement":{"code":"43","nom":"Haute-Loire"},"region":{"code":"84","nom":"Auvergne-Rhône-Alpes"}},{"nom":"Céaux-d'Allègre","code":"43043","codesPostaux":["43270"],"centre":{"type":"Point","coordinates":[3.7583,45.1827]},"surface":3255.8,"population":487,"departement":{"code":"43","nom":"Haute-Loire"},"region":{"code":"84","nom":"Auvergne-Rhône-Alpes"}},{"nom":"Cerzat","code":"43044","codesPostaux":["43380"],"centre":{"type":"Point","coordinates":[3.4698,45.1585]},"surface":1047.06,"population":220,"departement":{"code":"43","nom":"Haute-Loire"},"region":{"code":"84","nom":"Auvergne-Rhône-Alpes"}},{"nom":"Ceyssac","code":"43045","codesPostaux":["43000"],"centre":{"type":"Point","coordinates":[3.8335,45.035]},"surface":1093.11,"population":442,"departement":{"code":"43","nom":"Haute-Loire"},"region":{"code":"84","nom":"Auvergne-Rhône-Alpes"}},{"nom":"Chadrac","code":"43046","codesPostaux":["43770"],"centre":{"type":"Point","coordinates":[3.9013,45.0602]},"surface":247.6,"population":2542,"departement":{"code":"43","nom":"Haute-Loire"},"region":{"code":"84","nom":"Auvergne-Rhône-Alpes"}},{"nom":"Chadron","code":"43047","codesPostaux":["43150"],"centre":{"type":"Point","coordinates":[3.939,44.9501]},"surface":1368.07,"population":346,"departement":{"code":"43","nom":"Haute-Loire"},"region":{"code":"84","nom":"Auvergne-Rhône-Alpes"}},{"nom":"La Chaise-Dieu","code":"43048","codesPostaux":["43160"],"centre":{"type":"Point","coordinates":[3.691,45.3213]},"surface":1356.33,"population":594,"departement":{"code":"43","nom":"Haute-Loire"},"region":{"code":"84","nom":"Auvergne-Rhône-Alpes"}},{"nom":"Chamalières-sur-Loire","code":"43049","codesPostaux":["43800"],"centre":{"type":"Point","coordinates":[3.984,45.1883]},"surface":1371.62,"population":506,"departement":{"code":"43","nom":"Haute-Loire"},"region":{"code":"84","nom":"Auvergne-Rhône-Alpes"}},{"nom":"Chambezon","code":"43050","codesPostaux":["43410"],"centre":{"type":"Point","coordinates":[3.2393,45.3821]},"surface":514.77,"population":125,"departement":{"code":"43","nom":"Haute-Loire"},"region":{"code":"84","nom":"Auvergne-Rhône-Alpes"}},{"nom":"Le Chambon-sur-Lignon","code":"43051","codesPostaux":["43400"],"centre":{"type":"Point","coordinates":[4.3252,45.0541]},"surface":4175.76,"population":2501,"departement":{"code":"43","nom":"Haute-Loire"},"region":{"code":"84","nom":"Auvergne-Rhône-Alpes"}},{"nom":"Champagnac-le-Vieux","code":"43052","codesPostaux":["43440"],"centre":{"type":"Point","coordinates":[3.5057,45.3535]},"surface":2080.81,"population":191,"departement":{"code":"43","nom":"Haute-Loire"},"region":{"code":"84","nom":"Auvergne-Rhône-Alpes"}},{"nom":"Champclause","code":"43053","codesPostaux":["43260","43430"],"centre":{"type":"Point","coordinates":[4.1618,45.0276]},"surface":2210.6,"population":201,"departement":{"code":"43","nom":"Haute-Loire"},"region":{"code":"84","nom":"Auvergne-Rhône-Alpes"}},{"nom":"Chanaleilles","code":"43054","codesPostaux":["43170"],"centre":{"type":"Point","coordinates":[3.4881,44.8531]},"surface":4859.94,"population":173,"departement":{"code":"43","nom":"Haute-Loire"},"region":{"code":"84","nom":"Auvergne-Rhône-Alpes"}},{"nom":"Chaniat","code":"43055","codesPostaux":["43100"],"centre":{"type":"Point","coordinates":[3.472,45.3173]},"surface":1399.81,"population":164,"departement":{"code":"43","nom":"Haute-Loire"},"region":{"code":"84","nom":"Auvergne-Rhône-Alpes"}},{"nom":"Chanteuges","code":"43056","codesPostaux":["43300"],"centre":{"type":"Point","coordinates":[3.5341,45.0712]},"surface":1620.54,"population":403,"departement":{"code":"43","nom":"Haute-Loire"},"region":{"code":"84","nom":"Auvergne-Rhône-Alpes"}},{"nom":"La Chapelle-Bertin","code":"43057","codesPostaux":["43270"],"centre":{"type":"Point","coordinates":[3.6502,45.2173]},"surface":1136.33,"population":50,"departement":{"code":"43","nom":"Haute-Loire"},"region":{"code":"84","nom":"Auvergne-Rhône-Alpes"}},{"nom":"La Chapelle-d'Aurec","code":"43058","codesPostaux":["43120"],"centre":{"type":"Point","coordinates":[4.1954,45.3295]},"surface":1168.01,"population":1115,"departement":{"code":"43","nom":"Haute-Loire"},"region":{"code":"84","nom":"Auvergne-Rhône-Alpes"}},{"nom":"La Chapelle-Geneste","code":"43059","codesPostaux":["43160"],"centre":{"type":"Point","coordinates":[3.6741,45.3534]},"surface":1806.41,"population":110,"departement":{"code":"43","nom":"Haute-Loire"},"region":{"code":"84","nom":"Auvergne-Rhône-Alpes"}},{"nom":"Charraix","code":"43060","codesPostaux":["43300"],"centre":{"type":"Point","coordinates":[3.5613,45.0233]},"surface":977.94,"population":67,"departement":{"code":"43","nom":"Haute-Loire"},"region":{"code":"84","nom":"Auvergne-Rhône-Alpes"}},{"nom":"Chaspinhac","code":"43061","codesPostaux":["43700"],"centre":{"type":"Point","coordinates":[3.9361,45.0902]},"surface":1645.21,"population":875,"departement":{"code":"43","nom":"Haute-Loire"},"region":{"code":"84","nom":"Auvergne-Rhône-Alpes"}},{"nom":"Chaspuzac","code":"43062","codesPostaux":["43320"],"centre":{"type":"Point","coordinates":[3.7509,45.0647]},"surface":1005.05,"population":876,"departement":{"code":"43","nom":"Haute-Loire"},"region":{"code":"84","nom":"Auvergne-Rhône-Alpes"}},{"nom":"Chassagnes","code":"43063","codesPostaux":["43230"],"centre":{"type":"Point","coordinates":[3.5501,45.2168]},"surface":1221.76,"population":160,"departement":{"code":"43","nom":"Haute-Loire"},"region":{"code":"84","nom":"Auvergne-Rhône-Alpes"}},{"nom":"Chassignolles","code":"43064","codesPostaux":["43440"],"centre":{"type":"Point","coordinates":[3.4857,45.4028]},"surface":1819.49,"population":64,"departement":{"code":"43","nom":"Haute-Loire"},"region":{"code":"84","nom":"Auvergne-Rhône-Alpes"}},{"nom":"Chastel","code":"43065","codesPostaux":["43300"],"centre":{"type":"Point","coordinates":[3.3202,45.0639]},"surface":2789.2,"population":122,"departement":{"code":"43","nom":"Haute-Loire"},"region":{"code":"84","nom":"Auvergne-Rhône-Alpes"}},{"nom":"Chaudeyrolles","code":"43066","codesPostaux":["43430"],"centre":{"type":"Point","coordinates":[4.1954,44.9449]},"surface":1889.91,"population":129,"departement":{"code":"43","nom":"Haute-Loire"},"region":{"code":"84","nom":"Auvergne-Rhône-Alpes"}},{"nom":"Chavaniac-Lafayette","code":"43067","codesPostaux":["43230"],"centre":{"type":"Point","coordinates":[3.5843,45.1575]},"surface":846.18,"population":273,"departement":{"code":"43","nom":"Haute-Loire"},"region":{"code":"84","nom":"Auvergne-Rhône-Alpes"}},{"nom":"Chazelles","code":"43068","codesPostaux":["43300"],"centre":{"type":"Point","coordinates":[3.49,45.023]},"surface":491.95,"population":32,"departement":{"code":"43","nom":"Haute-Loire"},"region":{"code":"84","nom":"Auvergne-Rhône-Alpes"}},{"nom":"Chenereilles","code":"43069","codesPostaux":["43190"],"centre":{"type":"Point","coordinates":[4.2383,45.138]},"surface":1456.37,"population":287,"departement":{"code":"43","nom":"Haute-Loire"},"region":{"code":"84","nom":"Auvergne-Rhône-Alpes"}},{"nom":"Chilhac","code":"43070","codesPostaux":["43380"],"centre":{"type":"Point","coordinates":[3.4368,45.1576]},"surface":409.47,"population":176,"departement":{"code":"43","nom":"Haute-Loire"},"region":{"code":"84","nom":"Auvergne-Rhône-Alpes"}},{"nom":"Chomelix","code":"43071","codesPostaux":["43500"],"centre":{"type":"Point","coordinates":[3.82,45.2611]},"surface":2688.04,"population":457,"departement":{"code":"43","nom":"Haute-Loire"},"region":{"code":"84","nom":"Auvergne-Rhône-Alpes"}},{"nom":"La Chomette","code":"43072","codesPostaux":["43230"],"centre":{"type":"Point","coordinates":[3.4681,45.2277]},"surface":707.32,"population":143,"departement":{"code":"43","nom":"Haute-Loire"},"region":{"code":"84","nom":"Auvergne-Rhône-Alpes"}},{"nom":"Cistrières","code":"43073","codesPostaux":["43160"],"centre":{"type":"Point","coordinates":[3.6124,45.3301]},"surface":2212.33,"population":136,"departement":{"code":"43","nom":"Haute-Loire"},"region":{"code":"84","nom":"Auvergne-Rhône-Alpes"}},{"nom":"Cohade","code":"43074","codesPostaux":["43100"],"centre":{"type":"Point","coordinates":[3.3728,45.3372]},"surface":1010.04,"population":893,"departement":{"code":"43","nom":"Haute-Loire"},"region":{"code":"84","nom":"Auvergne-Rhône-Alpes"}},{"nom":"Collat","code":"43075","codesPostaux":["43230"],"centre":{"type":"Point","coordinates":[3.5969,45.2461]},"surface":1034.16,"population":77,"departement":{"code":"43","nom":"Haute-Loire"},"region":{"code":"84","nom":"Auvergne-Rhône-Alpes"}},{"nom":"Connangles","code":"43076","codesPostaux":["43160"],"centre":{"type":"Point","coordinates":[3.6483,45.2988]},"surface":2199.41,"population":131,"departement":{"code":"43","nom":"Haute-Loire"},"region":{"code":"84","nom":"Auvergne-Rhône-Alpes"}},{"nom":"Costaros","code":"43077","codesPostaux":["43490"],"centre":{"type":"Point","coordinates":[3.8456,44.8919]},"surface":387.03,"population":553,"departement":{"code":"43","nom":"Haute-Loire"},"region":{"code":"84","nom":"Auvergne-Rhône-Alpes"}},{"nom":"Coubon","code":"43078","codesPostaux":["43700"],"centre":{"type":"Point","coordinates":[3.9242,44.9966]},"surface":2264.74,"population":3140,"departement":{"code":"43","nom":"Haute-Loire"},"region":{"code":"84","nom":"Auvergne-Rhône-Alpes"}},{"nom":"Couteuges","code":"43079","codesPostaux":["43230"],"centre":{"type":"Point","coordinates":[3.4951,45.1837]},"surface":1056.69,"population":286,"departement":{"code":"43","nom":"Haute-Loire"},"region":{"code":"84","nom":"Auvergne-Rhône-Alpes"}},{"nom":"Craponne-sur-Arzon","code":"43080","codesPostaux":["43500"],"centre":{"type":"Point","coordinates":[3.8572,45.3332]},"surface":3339.84,"population":1998,"departement":{"code":"43","nom":"Haute-Loire"},"region":{"code":"84","nom":"Auvergne-Rhône-Alpes"}},{"nom":"Cronce","code":"43082","codesPostaux":["43300"],"centre":{"type":"Point","coordinates":[3.3572,45.0756]},"surface":1634.29,"population":71,"departement":{"code":"43","nom":"Haute-Loire"},"region":{"code":"84","nom":"Auvergne-Rhône-Alpes"}},{"nom":"Cubelles","code":"43083","codesPostaux":["43170"],"centre":{"type":"Point","coordinates":[3.5589,44.9986]},"surface":1213.55,"population":154,"departement":{"code":"43","nom":"Haute-Loire"},"region":{"code":"84","nom":"Auvergne-Rhône-Alpes"}},{"nom":"Cussac-sur-Loire","code":"43084","codesPostaux":["43370"],"centre":{"type":"Point","coordinates":[3.8785,44.9855]},"surface":1026.41,"population":1653,"departement":{"code":"43","nom":"Haute-Loire"},"region":{"code":"84","nom":"Auvergne-Rhône-Alpes"}},{"nom":"Desges","code":"43085","codesPostaux":["43300"],"centre":{"type":"Point","coordinates":[3.4429,45.0224]},"surface":1686.11,"population":57,"departement":{"code":"43","nom":"Haute-Loire"},"region":{"code":"84","nom":"Auvergne-Rhône-Alpes"}},{"nom":"Domeyrat","code":"43086","codesPostaux":["43230"],"centre":{"type":"Point","coordinates":[3.505,45.2443]},"surface":952.73,"population":176,"departement":{"code":"43","nom":"Haute-Loire"},"region":{"code":"84","nom":"Auvergne-Rhône-Alpes"}},{"nom":"Dunières","code":"43087","codesPostaux":["43220"],"centre":{"type":"Point","coordinates":[4.3426,45.216]},"surface":3469.72,"population":2670,"departement":{"code":"43","nom":"Haute-Loire"},"region":{"code":"84","nom":"Auvergne-Rhône-Alpes"}},{"nom":"Espalem","code":"43088","codesPostaux":["43450"],"centre":{"type":"Point","coordinates":[3.2376,45.3067]},"surface":1472.19,"population":329,"departement":{"code":"43","nom":"Haute-Loire"},"region":{"code":"84","nom":"Auvergne-Rhône-Alpes"}},{"nom":"Espaly-Saint-Marcel","code":"43089","codesPostaux":["43000"],"centre":{"type":"Point","coordinates":[3.8554,45.0442]},"surface":627.63,"population":3585,"departement":{"code":"43","nom":"Haute-Loire"},"region":{"code":"84","nom":"Auvergne-Rhône-Alpes"}},{"nom":"Esplantas-Vazeilles","code":"43090","codesPostaux":["43170","43580"],"centre":{"type":"Point","coordinates":[3.5586,44.9038]},"surface":1722.17,"population":126,"departement":{"code":"43","nom":"Haute-Loire"},"region":{"code":"84","nom":"Auvergne-Rhône-Alpes"}},{"nom":"Les Estables","code":"43091","codesPostaux":["43150"],"centre":{"type":"Point","coordinates":[4.1361,44.9076]},"surface":3382.16,"population":321,"departement":{"code":"43","nom":"Haute-Loire"},"region":{"code":"84","nom":"Auvergne-Rhône-Alpes"}},{"nom":"Fay-sur-Lignon","code":"43092","codesPostaux":["43430"],"centre":{"type":"Point","coordinates":[4.2108,44.9839]},"surface":1336.07,"population":335,"departement":{"code":"43","nom":"Haute-Loire"},"region":{"code":"84","nom":"Auvergne-Rhône-Alpes"}},{"nom":"Félines","code":"43093","codesPostaux":["43160"],"centre":{"type":"Point","coordinates":[3.7485,45.2599]},"surface":2055.57,"population":298,"departement":{"code":"43","nom":"Haute-Loire"},"region":{"code":"84","nom":"Auvergne-Rhône-Alpes"}},{"nom":"Ferrussac","code":"43094","codesPostaux":["43300"],"centre":{"type":"Point","coordinates":[3.4086,45.0815]},"surface":1727.77,"population":77,"departement":{"code":"43","nom":"Haute-Loire"},"region":{"code":"84","nom":"Auvergne-Rhône-Alpes"}},{"nom":"Fix-Saint-Geneys","code":"43095","codesPostaux":["43320"],"centre":{"type":"Point","coordinates":[3.6632,45.1403]},"surface":807.33,"population":143,"departement":{"code":"43","nom":"Haute-Loire"},"region":{"code":"84","nom":"Auvergne-Rhône-Alpes"}},{"nom":"Fontannes","code":"43096","codesPostaux":["43100"],"centre":{"type":"Point","coordinates":[3.4335,45.2855]},"surface":994.94,"population":875,"departement":{"code":"43","nom":"Haute-Loire"},"region":{"code":"84","nom":"Auvergne-Rhône-Alpes"}},{"nom":"Freycenet-la-Cuche","code":"43097","codesPostaux":["43150"],"centre":{"type":"Point","coordinates":[4.0939,44.8959]},"surface":1626.16,"population":105,"departement":{"code":"43","nom":"Haute-Loire"},"region":{"code":"84","nom":"Auvergne-Rhône-Alpes"}},{"nom":"Freycenet-la-Tour","code":"43098","codesPostaux":["43150"],"centre":{"type":"Point","coordinates":[4.0742,44.9374]},"surface":800.11,"population":117,"departement":{"code":"43","nom":"Haute-Loire"},"region":{"code":"84","nom":"Auvergne-Rhône-Alpes"}},{"nom":"Frugerès-les-Mines","code":"43099","codesPostaux":["43250"],"centre":{"type":"Point","coordinates":[3.3082,45.3868]},"surface":106.68,"population":548,"departement":{"code":"43","nom":"Haute-Loire"},"region":{"code":"84","nom":"Auvergne-Rhône-Alpes"}},{"nom":"Frugières-le-Pin","code":"43100","codesPostaux":["43230"],"centre":{"type":"Point","coordinates":[3.4961,45.2717]},"surface":1164.45,"population":185,"departement":{"code":"43","nom":"Haute-Loire"},"region":{"code":"84","nom":"Auvergne-Rhône-Alpes"}},{"nom":"Goudet","code":"43101","codesPostaux":["43150"],"centre":{"type":"Point","coordinates":[3.9242,44.8954]},"surface":445.34,"population":85,"departement":{"code":"43","nom":"Haute-Loire"},"region":{"code":"84","nom":"Auvergne-Rhône-Alpes"}},{"nom":"Grazac","code":"43102","codesPostaux":["43200"],"centre":{"type":"Point","coordinates":[4.1782,45.1911]},"surface":2174.97,"population":1152,"departement":{"code":"43","nom":"Haute-Loire"},"region":{"code":"84","nom":"Auvergne-Rhône-Alpes"}},{"nom":"Grenier-Montgon","code":"43103","codesPostaux":["43450"],"centre":{"type":"Point","coordinates":[3.2123,45.2864]},"surface":512.6,"population":112,"departement":{"code":"43","nom":"Haute-Loire"},"region":{"code":"84","nom":"Auvergne-Rhône-Alpes"}},{"nom":"Grèzes","code":"43104","codesPostaux":["43170"],"centre":{"type":"Point","coordinates":[3.4677,44.9123]},"surface":3573.62,"population":182,"departement":{"code":"43","nom":"Haute-Loire"},"region":{"code":"84","nom":"Auvergne-Rhône-Alpes"}},{"nom":"Javaugues","code":"43105","codesPostaux":["43100"],"centre":{"type":"Point","coordinates":[3.4918,45.292]},"surface":698.73,"population":174,"departement":{"code":"43","nom":"Haute-Loire"},"region":{"code":"84","nom":"Auvergne-Rhône-Alpes"}},{"nom":"Jax","code":"43106","codesPostaux":["43230"],"centre":{"type":"Point","coordinates":[3.6213,45.1718]},"surface":1241.73,"population":145,"departement":{"code":"43","nom":"Haute-Loire"},"region":{"code":"84","nom":"Auvergne-Rhône-Alpes"}},{"nom":"Josat","code":"43107","codesPostaux":["43230"],"centre":{"type":"Point","coordinates":[3.6126,45.2162]},"surface":1245.81,"population":84,"departement":{"code":"43","nom":"Haute-Loire"},"region":{"code":"84","nom":"Auvergne-Rhône-Alpes"}},{"nom":"Jullianges","code":"43108","codesPostaux":["43500"],"centre":{"type":"Point","coordinates":[3.7822,45.3059]},"surface":1855.85,"population":426,"departement":{"code":"43","nom":"Haute-Loire"},"region":{"code":"84","nom":"Auvergne-Rhône-Alpes"}},{"nom":"Lafarre","code":"43109","codesPostaux":["43490"],"centre":{"type":"Point","coordinates":[3.9953,44.8352]},"surface":1294.45,"population":86,"departement":{"code":"43","nom":"Haute-Loire"},"region":{"code":"84","nom":"Auvergne-Rhône-Alpes"}},{"nom":"Lamothe","code":"43110","codesPostaux":["43100"],"centre":{"type":"Point","coordinates":[3.4309,45.3159]},"surface":1248.79,"population":819,"departement":{"code":"43","nom":"Haute-Loire"},"region":{"code":"84","nom":"Auvergne-Rhône-Alpes"}},{"nom":"Landos","code":"43111","codesPostaux":["43340"],"centre":{"type":"Point","coordinates":[3.8422,44.848]},"surface":3687.58,"population":873,"departement":{"code":"43","nom":"Haute-Loire"},"region":{"code":"84","nom":"Auvergne-Rhône-Alpes"}},{"nom":"Langeac","code":"43112","codesPostaux":["43300"],"centre":{"type":"Point","coordinates":[3.4775,45.0759]},"surface":3400.1,"population":3499,"departement":{"code":"43","nom":"Haute-Loire"},"region":{"code":"84","nom":"Auvergne-Rhône-Alpes"}},{"nom":"Lantriac","code":"43113","codesPostaux":["43260"],"centre":{"type":"Point","coordinates":[4.0078,44.9903]},"surface":2316.97,"population":1921,"departement":{"code":"43","nom":"Haute-Loire"},"region":{"code":"84","nom":"Auvergne-Rhône-Alpes"}},{"nom":"Lapte","code":"43114","codesPostaux":["43200"],"centre":{"type":"Point","coordinates":[4.2455,45.1822]},"surface":3122.85,"population":1806,"departement":{"code":"43","nom":"Haute-Loire"},"region":{"code":"84","nom":"Auvergne-Rhône-Alpes"}},{"nom":"Laussonne","code":"43115","codesPostaux":["43150"],"centre":{"type":"Point","coordinates":[4.0492,44.9673]},"surface":2505.49,"population":1011,"departement":{"code":"43","nom":"Haute-Loire"},"region":{"code":"84","nom":"Auvergne-Rhône-Alpes"}},{"nom":"Laval-sur-Doulon","code":"43116","codesPostaux":["43440"],"centre":{"type":"Point","coordinates":[3.5657,45.3568]},"surface":1250.22,"population":59,"departement":{"code":"43","nom":"Haute-Loire"},"region":{"code":"84","nom":"Auvergne-Rhône-Alpes"}},{"nom":"Lavaudieu","code":"43117","codesPostaux":["43100"],"centre":{"type":"Point","coordinates":[3.4558,45.2632]},"surface":1761.7,"population":243,"departement":{"code":"43","nom":"Haute-Loire"},"region":{"code":"84","nom":"Auvergne-Rhône-Alpes"}},{"nom":"Lavoûte-Chilhac","code":"43118","codesPostaux":["43380"],"centre":{"type":"Point","coordinates":[3.4118,45.1562]},"surface":364.32,"population":254,"departement":{"code":"43","nom":"Haute-Loire"},"region":{"code":"84","nom":"Auvergne-Rhône-Alpes"}},{"nom":"Lavoûte-sur-Loire","code":"43119","codesPostaux":["43800"],"centre":{"type":"Point","coordinates":[3.9049,45.1197]},"surface":1051.96,"population":805,"departement":{"code":"43","nom":"Haute-Loire"},"region":{"code":"84","nom":"Auvergne-Rhône-Alpes"}},{"nom":"Lempdes-sur-Allagnon","code":"43120","codesPostaux":["43410"],"centre":{"type":"Point","coordinates":[3.279,45.3792]},"surface":1042.25,"population":1293,"departement":{"code":"43","nom":"Haute-Loire"},"region":{"code":"84","nom":"Auvergne-Rhône-Alpes"}},{"nom":"Léotoing","code":"43121","codesPostaux":["43410"],"centre":{"type":"Point","coordinates":[3.242,45.3502]},"surface":1974.89,"population":226,"departement":{"code":"43","nom":"Haute-Loire"},"region":{"code":"84","nom":"Auvergne-Rhône-Alpes"}},{"nom":"Lissac","code":"43122","codesPostaux":["43350"],"centre":{"type":"Point","coordinates":[3.7553,45.1355]},"surface":1211.44,"population":294,"departement":{"code":"43","nom":"Haute-Loire"},"region":{"code":"84","nom":"Auvergne-Rhône-Alpes"}},{"nom":"Lorlanges","code":"43123","codesPostaux":["43360"],"centre":{"type":"Point","coordinates":[3.261,45.3249]},"surface":1463.59,"population":425,"departement":{"code":"43","nom":"Haute-Loire"},"region":{"code":"84","nom":"Auvergne-Rhône-Alpes"}},{"nom":"Loudes","code":"43124","codesPostaux":["43320"],"centre":{"type":"Point","coordinates":[3.7455,45.0984]},"surface":2503.33,"population":944,"departement":{"code":"43","nom":"Haute-Loire"},"region":{"code":"84","nom":"Auvergne-Rhône-Alpes"}},{"nom":"Lubilhac","code":"43125","codesPostaux":["43100"],"centre":{"type":"Point","coordinates":[3.2564,45.2459]},"surface":2423.04,"population":105,"departement":{"code":"43","nom":"Haute-Loire"},"region":{"code":"84","nom":"Auvergne-Rhône-Alpes"}},{"nom":"Malrevers","code":"43126","codesPostaux":["43800"],"centre":{"type":"Point","coordinates":[3.9609,45.0968]},"surface":1420.16,"population":763,"departement":{"code":"43","nom":"Haute-Loire"},"region":{"code":"84","nom":"Auvergne-Rhône-Alpes"}},{"nom":"Malvalette","code":"43127","codesPostaux":["43210"],"centre":{"type":"Point","coordinates":[4.1521,45.3592]},"surface":2099.38,"population":887,"departement":{"code":"43","nom":"Haute-Loire"},"region":{"code":"84","nom":"Auvergne-Rhône-Alpes"}},{"nom":"Malvières","code":"43128","codesPostaux":["43160"],"centre":{"type":"Point","coordinates":[3.7267,45.3408]},"surface":1364.13,"population":144,"departement":{"code":"43","nom":"Haute-Loire"},"region":{"code":"84","nom":"Auvergne-Rhône-Alpes"}},{"nom":"Le Mas-de-Tence","code":"43129","codesPostaux":["43190"],"centre":{"type":"Point","coordinates":[4.3709,45.1221]},"surface":1263.58,"population":167,"departement":{"code":"43","nom":"Haute-Loire"},"region":{"code":"84","nom":"Auvergne-Rhône-Alpes"}},{"nom":"Mazet-Saint-Voy","code":"43130","codesPostaux":["43520"],"centre":{"type":"Point","coordinates":[4.2402,45.043]},"surface":4560.1,"population":1114,"departement":{"code":"43","nom":"Haute-Loire"},"region":{"code":"84","nom":"Auvergne-Rhône-Alpes"}},{"nom":"Mazerat-Aurouze","code":"43131","codesPostaux":["43230"],"centre":{"type":"Point","coordinates":[3.5651,45.1882]},"surface":1640.59,"population":187,"departement":{"code":"43","nom":"Haute-Loire"},"region":{"code":"84","nom":"Auvergne-Rhône-Alpes"}},{"nom":"Mazeyrat-d'Allier","code":"43132","codesPostaux":["43300"],"centre":{"type":"Point","coordinates":[3.5307,45.1314]},"surface":4583.02,"population":1432,"departement":{"code":"43","nom":"Haute-Loire"},"region":{"code":"84","nom":"Auvergne-Rhône-Alpes"}},{"nom":"Mercœur","code":"43133","codesPostaux":["43100"],"centre":{"type":"Point","coordinates":[3.3131,45.1867]},"surface":2742.21,"population":146,"departement":{"code":"43","nom":"Haute-Loire"},"region":{"code":"84","nom":"Auvergne-Rhône-Alpes"}},{"nom":"Mézères","code":"43134","codesPostaux":["43800"],"centre":{"type":"Point","coordinates":[4.0127,45.1671]},"surface":871.18,"population":178,"departement":{"code":"43","nom":"Haute-Loire"},"region":{"code":"84","nom":"Auvergne-Rhône-Alpes"}},{"nom":"Le Monastier-sur-Gazeille","code":"43135","codesPostaux":["43150"],"centre":{"type":"Point","coordinates":[4.0147,44.9338]},"surface":3929.51,"population":1784,"departement":{"code":"43","nom":"Haute-Loire"},"region":{"code":"84","nom":"Auvergne-Rhône-Alpes"}},{"nom":"Monistrol-d'Allier","code":"43136","codesPostaux":["43580"],"centre":{"type":"Point","coordinates":[3.6401,44.9779]},"surface":2748.06,"population":226,"departement":{"code":"43","nom":"Haute-Loire"},"region":{"code":"84","nom":"Auvergne-Rhône-Alpes"}},{"nom":"Monistrol-sur-Loire","code":"43137","codesPostaux":["43120"],"centre":{"type":"Point","coordinates":[4.1856,45.2857]},"surface":4791.19,"population":8823,"departement":{"code":"43","nom":"Haute-Loire"},"region":{"code":"84","nom":"Auvergne-Rhône-Alpes"}},{"nom":"Monlet","code":"43138","codesPostaux":["43270"],"centre":{"type":"Point","coordinates":[3.7111,45.2271]},"surface":3534.86,"population":402,"departement":{"code":"43","nom":"Haute-Loire"},"region":{"code":"84","nom":"Auvergne-Rhône-Alpes"}},{"nom":"Montclard","code":"43139","codesPostaux":["43230"],"centre":{"type":"Point","coordinates":[3.5773,45.262]},"surface":957.9,"population":52,"departement":{"code":"43","nom":"Haute-Loire"},"region":{"code":"84","nom":"Auvergne-Rhône-Alpes"}},{"nom":"Le Monteil","code":"43140","codesPostaux":["43700"],"centre":{"type":"Point","coordinates":[3.9109,45.0663]},"surface":218.65,"population":691,"departement":{"code":"43","nom":"Haute-Loire"},"region":{"code":"84","nom":"Auvergne-Rhône-Alpes"}},{"nom":"Montfaucon-en-Velay","code":"43141","codesPostaux":["43290"],"centre":{"type":"Point","coordinates":[4.3226,45.1846]},"surface":498.57,"population":1158,"departement":{"code":"43","nom":"Haute-Loire"},"region":{"code":"84","nom":"Auvergne-Rhône-Alpes"}},{"nom":"Montregard","code":"43142","codesPostaux":["43290"],"centre":{"type":"Point","coordinates":[4.3535,45.158]},"surface":4003.88,"population":629,"departement":{"code":"43","nom":"Haute-Loire"},"region":{"code":"84","nom":"Auvergne-Rhône-Alpes"}},{"nom":"Montusclat","code":"43143","codesPostaux":["43260"],"centre":{"type":"Point","coordinates":[4.114,45.0099]},"surface":1053,"population":125,"departement":{"code":"43","nom":"Haute-Loire"},"region":{"code":"84","nom":"Auvergne-Rhône-Alpes"}},{"nom":"Moudeyres","code":"43144","codesPostaux":["43150"],"centre":{"type":"Point","coordinates":[4.1051,44.9512]},"surface":926.94,"population":115,"departement":{"code":"43","nom":"Haute-Loire"},"region":{"code":"84","nom":"Auvergne-Rhône-Alpes"}},{"nom":"Ouides","code":"43145","codesPostaux":["43510"],"centre":{"type":"Point","coordinates":[3.7415,44.904]},"surface":1079.94,"population":51,"departement":{"code":"43","nom":"Haute-Loire"},"region":{"code":"84","nom":"Auvergne-Rhône-Alpes"}},{"nom":"Paulhac","code":"43147","codesPostaux":["43100"],"centre":{"type":"Point","coordinates":[3.3394,45.2945]},"surface":867.8,"population":590,"departement":{"code":"43","nom":"Haute-Loire"},"region":{"code":"84","nom":"Auvergne-Rhône-Alpes"}},{"nom":"Paulhaguet","code":"43148","codesPostaux":["43230"],"centre":{"type":"Point","coordinates":[3.5154,45.2158]},"surface":1126.2,"population":853,"departement":{"code":"43","nom":"Haute-Loire"},"region":{"code":"84","nom":"Auvergne-Rhône-Alpes"}},{"nom":"Pébrac","code":"43149","codesPostaux":["43300"],"centre":{"type":"Point","coordinates":[3.5226,45.0288]},"surface":1741.78,"population":113,"departement":{"code":"43","nom":"Haute-Loire"},"region":{"code":"84","nom":"Auvergne-Rhône-Alpes"}},{"nom":"Le Pertuis","code":"43150","codesPostaux":["43200"],"centre":{"type":"Point","coordinates":[4.0625,45.104]},"surface":1202.95,"population":576,"departement":{"code":"43","nom":"Haute-Loire"},"region":{"code":"84","nom":"Auvergne-Rhône-Alpes"}},{"nom":"Pinols","code":"43151","codesPostaux":["43300"],"centre":{"type":"Point","coordinates":[3.3828,45.041]},"surface":3515.82,"population":181,"departement":{"code":"43","nom":"Haute-Loire"},"region":{"code":"84","nom":"Auvergne-Rhône-Alpes"}},{"nom":"Polignac","code":"43152","codesPostaux":["43000"],"centre":{"type":"Point","coordinates":[3.8599,45.0784]},"surface":3290.52,"population":2819,"departement":{"code":"43","nom":"Haute-Loire"},"region":{"code":"84","nom":"Auvergne-Rhône-Alpes"}},{"nom":"Pont-Salomon","code":"43153","codesPostaux":["43330"],"centre":{"type":"Point","coordinates":[4.2465,45.3346]},"surface":867.57,"population":1875,"departement":{"code":"43","nom":"Haute-Loire"},"region":{"code":"84","nom":"Auvergne-Rhône-Alpes"}},{"nom":"Pradelles","code":"43154","codesPostaux":["43420"],"centre":{"type":"Point","coordinates":[3.8719,44.7651]},"surface":1741.34,"population":531,"departement":{"code":"43","nom":"Haute-Loire"},"region":{"code":"84","nom":"Auvergne-Rhône-Alpes"}},{"nom":"Prades","code":"43155","codesPostaux":["43300"],"centre":{"type":"Point","coordinates":[3.5972,45.025]},"surface":493.03,"population":77,"departement":{"code":"43","nom":"Haute-Loire"},"region":{"code":"84","nom":"Auvergne-Rhône-Alpes"}},{"nom":"Présailles","code":"43156","codesPostaux":["43150"],"centre":{"type":"Point","coordinates":[4.0481,44.8916]},"surface":2231.16,"population":108,"departement":{"code":"43","nom":"Haute-Loire"},"region":{"code":"84","nom":"Auvergne-Rhône-Alpes"}},{"nom":"Le Puy-en-Velay","code":"43157","codesPostaux":["43000"],"centre":{"type":"Point","coordinates":[3.8973,45.0283]},"surface":1684.1,"population":18540,"departement":{"code":"43","nom":"Haute-Loire"},"region":{"code":"84","nom":"Auvergne-Rhône-Alpes"}},{"nom":"Queyrières","code":"43158","codesPostaux":["43260"],"centre":{"type":"Point","coordinates":[4.1008,45.0712]},"surface":1406.96,"population":363,"departement":{"code":"43","nom":"Haute-Loire"},"region":{"code":"84","nom":"Auvergne-Rhône-Alpes"}},{"nom":"Raucoules","code":"43159","codesPostaux":["43290"],"centre":{"type":"Point","coordinates":[4.2825,45.1887]},"surface":2096.48,"population":948,"departement":{"code":"43","nom":"Haute-Loire"},"region":{"code":"84","nom":"Auvergne-Rhône-Alpes"}},{"nom":"Rauret","code":"43160","codesPostaux":["43340"],"centre":{"type":"Point","coordinates":[3.7981,44.7985]},"surface":2059.88,"population":202,"departement":{"code":"43","nom":"Haute-Loire"},"region":{"code":"84","nom":"Auvergne-Rhône-Alpes"}},{"nom":"Retournac","code":"43162","codesPostaux":["43130"],"centre":{"type":"Point","coordinates":[4.0224,45.2223]},"surface":4582.39,"population":3007,"departement":{"code":"43","nom":"Haute-Loire"},"region":{"code":"84","nom":"Auvergne-Rhône-Alpes"}},{"nom":"Riotord","code":"43163","codesPostaux":["43220"],"centre":{"type":"Point","coordinates":[4.4231,45.2369]},"surface":5189.51,"population":1195,"departement":{"code":"43","nom":"Haute-Loire"},"region":{"code":"84","nom":"Auvergne-Rhône-Alpes"}},{"nom":"Roche-en-Régnier","code":"43164","codesPostaux":["43810"],"centre":{"type":"Point","coordinates":[3.9446,45.2306]},"surface":2682.29,"population":476,"departement":{"code":"43","nom":"Haute-Loire"},"region":{"code":"84","nom":"Auvergne-Rhône-Alpes"}},{"nom":"Rosières","code":"43165","codesPostaux":["43800"],"centre":{"type":"Point","coordinates":[4.006,45.1322]},"surface":2740.78,"population":1548,"departement":{"code":"43","nom":"Haute-Loire"},"region":{"code":"84","nom":"Auvergne-Rhône-Alpes"}},{"nom":"Saint-André-de-Chalencon","code":"43166","codesPostaux":["43130"],"centre":{"type":"Point","coordinates":[3.9581,45.2744]},"surface":1737.97,"population":374,"departement":{"code":"43","nom":"Haute-Loire"},"region":{"code":"84","nom":"Auvergne-Rhône-Alpes"}},{"nom":"Saint-Arcons-d'Allier","code":"43167","codesPostaux":["43300"],"centre":{"type":"Point","coordinates":[3.5622,45.0847]},"surface":1615.22,"population":189,"departement":{"code":"43","nom":"Haute-Loire"},"region":{"code":"84","nom":"Auvergne-Rhône-Alpes"}},{"nom":"Saint-Arcons-de-Barges","code":"43168","codesPostaux":["43420"],"centre":{"type":"Point","coordinates":[3.9271,44.8341]},"surface":1538.43,"population":119,"departement":{"code":"43","nom":"Haute-Loire"},"region":{"code":"84","nom":"Auvergne-Rhône-Alpes"}},{"nom":"Saint-Austremoine","code":"43169","codesPostaux":["43380"],"centre":{"type":"Point","coordinates":[3.3532,45.119]},"surface":1160,"population":58,"departement":{"code":"43","nom":"Haute-Loire"},"region":{"code":"84","nom":"Auvergne-Rhône-Alpes"}},{"nom":"Saint-Beauzire","code":"43170","codesPostaux":["43100"],"centre":{"type":"Point","coordinates":[3.2776,45.2734]},"surface":2362.96,"population":457,"departement":{"code":"43","nom":"Haute-Loire"},"region":{"code":"84","nom":"Auvergne-Rhône-Alpes"}},{"nom":"Saint-Bérain","code":"43171","codesPostaux":["43300"],"centre":{"type":"Point","coordinates":[3.6261,45.0271]},"surface":1336.89,"population":95,"departement":{"code":"43","nom":"Haute-Loire"},"region":{"code":"84","nom":"Auvergne-Rhône-Alpes"}},{"nom":"Saint-Bonnet-le-Froid","code":"43172","codesPostaux":["43290"],"centre":{"type":"Point","coordinates":[4.433,45.1387]},"surface":1305.96,"population":232,"departement":{"code":"43","nom":"Haute-Loire"},"region":{"code":"84","nom":"Auvergne-Rhône-Alpes"}},{"nom":"Saint-Christophe-d'Allier","code":"43173","codesPostaux":["43340"],"centre":{"type":"Point","coordinates":[3.699,44.8529]},"surface":1925.26,"population":83,"departement":{"code":"43","nom":"Haute-Loire"},"region":{"code":"84","nom":"Auvergne-Rhône-Alpes"}},{"nom":"Saint-Christophe-sur-Dolaizon","code":"43174","codesPostaux":["43370"],"centre":{"type":"Point","coordinates":[3.8263,44.9906]},"surface":2723.07,"population":931,"departement":{"code":"43","nom":"Haute-Loire"},"region":{"code":"84","nom":"Auvergne-Rhône-Alpes"}},{"nom":"Saint-Cirgues","code":"43175","codesPostaux":["43380"],"centre":{"type":"Point","coordinates":[3.3773,45.1313]},"surface":1374.85,"population":165,"departement":{"code":"43","nom":"Haute-Loire"},"region":{"code":"84","nom":"Auvergne-Rhône-Alpes"}},{"nom":"Saint-Didier-en-Velay","code":"43177","codesPostaux":["43140"],"centre":{"type":"Point","coordinates":[4.2858,45.3064]},"surface":2637.5,"population":3523,"departement":{"code":"43","nom":"Haute-Loire"},"region":{"code":"84","nom":"Auvergne-Rhône-Alpes"}},{"nom":"Saint-Didier-sur-Doulon","code":"43178","codesPostaux":["43440"],"centre":{"type":"Point","coordinates":[3.5459,45.3016]},"surface":3411.5,"population":197,"departement":{"code":"43","nom":"Haute-Loire"},"region":{"code":"84","nom":"Auvergne-Rhône-Alpes"}},{"nom":"Saint-Étienne-du-Vigan","code":"43180","codesPostaux":["43420"],"centre":{"type":"Point","coordinates":[3.8383,44.7905]},"surface":947.54,"population":95,"departement":{"code":"43","nom":"Haute-Loire"},"region":{"code":"84","nom":"Auvergne-Rhône-Alpes"}},{"nom":"Saint-Étienne-Lardeyrol","code":"43181","codesPostaux":["43260"],"centre":{"type":"Point","coordinates":[4.0018,45.086]},"surface":1195.09,"population":771,"departement":{"code":"43","nom":"Haute-Loire"},"region":{"code":"84","nom":"Auvergne-Rhône-Alpes"}},{"nom":"Saint-Étienne-sur-Blesle","code":"43182","codesPostaux":["43450"],"centre":{"type":"Point","coordinates":[3.1243,45.3064]},"surface":1795.08,"population":53,"departement":{"code":"43","nom":"Haute-Loire"},"region":{"code":"84","nom":"Auvergne-Rhône-Alpes"}},{"nom":"Sainte-Eugénie-de-Villeneuve","code":"43183","codesPostaux":["43230"],"centre":{"type":"Point","coordinates":[3.6317,45.1416]},"surface":637.54,"population":103,"departement":{"code":"43","nom":"Haute-Loire"},"region":{"code":"84","nom":"Auvergne-Rhône-Alpes"}},{"nom":"Saint-Ferréol-d'Auroure","code":"43184","codesPostaux":["43330"],"centre":{"type":"Point","coordinates":[4.2597,45.3594]},"surface":1086.76,"population":2441,"departement":{"code":"43","nom":"Haute-Loire"},"region":{"code":"84","nom":"Auvergne-Rhône-Alpes"}},{"nom":"Sainte-Florine","code":"43185","codesPostaux":["43250"],"centre":{"type":"Point","coordinates":[3.3096,45.4018]},"surface":766.03,"population":3283,"departement":{"code":"43","nom":"Haute-Loire"},"region":{"code":"84","nom":"Auvergne-Rhône-Alpes"}},{"nom":"Saint-Front","code":"43186","codesPostaux":["43550"],"centre":{"type":"Point","coordinates":[4.1267,44.9627]},"surface":5201.59,"population":410,"departement":{"code":"43","nom":"Haute-Loire"},"region":{"code":"84","nom":"Auvergne-Rhône-Alpes"}},{"nom":"Saint-Geneys-près-Saint-Paulien","code":"43187","codesPostaux":["43350"],"centre":{"type":"Point","coordinates":[3.8295,45.1771]},"surface":1684.45,"population":313,"departement":{"code":"43","nom":"Haute-Loire"},"region":{"code":"84","nom":"Auvergne-Rhône-Alpes"}},{"nom":"Saint-Georges-d'Aurac","code":"43188","codesPostaux":["43230"],"centre":{"type":"Point","coordinates":[3.5585,45.1593]},"surface":1764.65,"population":469,"departement":{"code":"43","nom":"Haute-Loire"},"region":{"code":"84","nom":"Auvergne-Rhône-Alpes"}},{"nom":"Saint-Georges-Lagricol","code":"43189","codesPostaux":["43500"],"centre":{"type":"Point","coordinates":[3.8861,45.3052]},"surface":1925.17,"population":518,"departement":{"code":"43","nom":"Haute-Loire"},"region":{"code":"84","nom":"Auvergne-Rhône-Alpes"}},{"nom":"Saint-Germain-Laprade","code":"43190","codesPostaux":["43700"],"centre":{"type":"Point","coordinates":[3.9837,45.0353]},"surface":2801.92,"population":3432,"departement":{"code":"43","nom":"Haute-Loire"},"region":{"code":"84","nom":"Auvergne-Rhône-Alpes"}},{"nom":"Saint-Géron","code":"43191","codesPostaux":["43360"],"centre":{"type":"Point","coordinates":[3.2964,45.3342]},"surface":1086.76,"population":243,"departement":{"code":"43","nom":"Haute-Loire"},"region":{"code":"84","nom":"Auvergne-Rhône-Alpes"}},{"nom":"Saint-Haon","code":"43192","codesPostaux":["43340"],"centre":{"type":"Point","coordinates":[3.7554,44.8548]},"surface":3799.97,"population":276,"departement":{"code":"43","nom":"Haute-Loire"},"region":{"code":"84","nom":"Auvergne-Rhône-Alpes"}},{"nom":"Saint-Hilaire","code":"43193","codesPostaux":["43390"],"centre":{"type":"Point","coordinates":[3.4455,45.382]},"surface":1475.8,"population":157,"departement":{"code":"43","nom":"Haute-Loire"},"region":{"code":"84","nom":"Auvergne-Rhône-Alpes"}},{"nom":"Saint-Hostien","code":"43194","codesPostaux":["43260"],"centre":{"type":"Point","coordinates":[4.0509,45.0793]},"surface":1352.98,"population":697,"departement":{"code":"43","nom":"Haute-Loire"},"region":{"code":"84","nom":"Auvergne-Rhône-Alpes"}},{"nom":"Saint-Ilpize","code":"43195","codesPostaux":["43380"],"centre":{"type":"Point","coordinates":[3.4076,45.2029]},"surface":1176.52,"population":202,"departement":{"code":"43","nom":"Haute-Loire"},"region":{"code":"84","nom":"Auvergne-Rhône-Alpes"}},{"nom":"Saint-Jean-d'Aubrigoux","code":"43196","codesPostaux":["43500"],"centre":{"type":"Point","coordinates":[3.8081,45.3625]},"surface":1799.79,"population":184,"departement":{"code":"43","nom":"Haute-Loire"},"region":{"code":"84","nom":"Auvergne-Rhône-Alpes"}},{"nom":"Saint-Jean-de-Nay","code":"43197","codesPostaux":["43320"],"centre":{"type":"Point","coordinates":[3.6899,45.0677]},"surface":2896.74,"population":337,"departement":{"code":"43","nom":"Haute-Loire"},"region":{"code":"84","nom":"Auvergne-Rhône-Alpes"}},{"nom":"Saint-Jean-Lachalm","code":"43198","codesPostaux":["43510"],"centre":{"type":"Point","coordinates":[3.7222,44.9447]},"surface":3494.42,"population":306,"departement":{"code":"43","nom":"Haute-Loire"},"region":{"code":"84","nom":"Auvergne-Rhône-Alpes"}},{"nom":"Saint-Jeures","code":"43199","codesPostaux":["43200"],"centre":{"type":"Point","coordinates":[4.2117,45.1121]},"surface":3456.78,"population":1015,"departement":{"code":"43","nom":"Haute-Loire"},"region":{"code":"84","nom":"Auvergne-Rhône-Alpes"}},{"nom":"Saint-Julien-Chapteuil","code":"43200","codesPostaux":["43260"],"centre":{"type":"Point","coordinates":[4.0831,45.0275]},"surface":2861.46,"population":2019,"departement":{"code":"43","nom":"Haute-Loire"},"region":{"code":"84","nom":"Auvergne-Rhône-Alpes"}},{"nom":"Saint-Julien-d'Ance","code":"43201","codesPostaux":["43500"],"centre":{"type":"Point","coordinates":[3.9302,45.306]},"surface":1801.46,"population":245,"departement":{"code":"43","nom":"Haute-Loire"},"region":{"code":"84","nom":"Auvergne-Rhône-Alpes"}},{"nom":"Saint-Julien-des-Chazes","code":"43202","codesPostaux":["43300"],"centre":{"type":"Point","coordinates":[3.5735,45.049]},"surface":685.89,"population":52,"departement":{"code":"43","nom":"Haute-Loire"},"region":{"code":"84","nom":"Auvergne-Rhône-Alpes"}},{"nom":"Saint-Julien-du-Pinet","code":"43203","codesPostaux":["43200"],"centre":{"type":"Point","coordinates":[4.0476,45.1463]},"surface":1743.67,"population":481,"departement":{"code":"43","nom":"Haute-Loire"},"region":{"code":"84","nom":"Auvergne-Rhône-Alpes"}},{"nom":"Saint-Julien-Molhesabate","code":"43204","codesPostaux":["43220"],"centre":{"type":"Point","coordinates":[4.4303,45.1937]},"surface":2740.25,"population":162,"departement":{"code":"43","nom":"Haute-Loire"},"region":{"code":"84","nom":"Auvergne-Rhône-Alpes"}},{"nom":"Saint-Just-Malmont","code":"43205","codesPostaux":["43240"],"centre":{"type":"Point","coordinates":[4.3174,45.3434]},"surface":2419.93,"population":4239,"departement":{"code":"43","nom":"Haute-Loire"},"region":{"code":"84","nom":"Auvergne-Rhône-Alpes"}},{"nom":"Saint-Just-près-Brioude","code":"43206","codesPostaux":["43100"],"centre":{"type":"Point","coordinates":[3.3283,45.2359]},"surface":4710.9,"population":398,"departement":{"code":"43","nom":"Haute-Loire"},"region":{"code":"84","nom":"Auvergne-Rhône-Alpes"}},{"nom":"Saint-Laurent-Chabreuges","code":"43207","codesPostaux":["43100"],"centre":{"type":"Point","coordinates":[3.346,45.2776]},"surface":835.95,"population":253,"departement":{"code":"43","nom":"Haute-Loire"},"region":{"code":"84","nom":"Auvergne-Rhône-Alpes"}},{"nom":"Sainte-Marguerite","code":"43208","codesPostaux":["43230"],"centre":{"type":"Point","coordinates":[3.5837,45.2126]},"surface":538.93,"population":36,"departement":{"code":"43","nom":"Haute-Loire"},"region":{"code":"84","nom":"Auvergne-Rhône-Alpes"}},{"nom":"Saint-Martin-de-Fugères","code":"43210","codesPostaux":["43150"],"centre":{"type":"Point","coordinates":[3.9421,44.9058]},"surface":2096.99,"population":228,"departement":{"code":"43","nom":"Haute-Loire"},"region":{"code":"84","nom":"Auvergne-Rhône-Alpes"}},{"nom":"Saint-Maurice-de-Lignon","code":"43211","codesPostaux":["43200"],"centre":{"type":"Point","coordinates":[4.1394,45.2225]},"surface":3006.92,"population":2688,"departement":{"code":"43","nom":"Haute-Loire"},"region":{"code":"84","nom":"Auvergne-Rhône-Alpes"}},{"nom":"Saint-Pal-de-Chalencon","code":"43212","codesPostaux":["43500"],"centre":{"type":"Point","coordinates":[3.9642,45.3464]},"surface":2909.36,"population":1038,"departement":{"code":"43","nom":"Haute-Loire"},"region":{"code":"84","nom":"Auvergne-Rhône-Alpes"}},{"nom":"Saint-Pal-de-Mons","code":"43213","codesPostaux":["43620"],"centre":{"type":"Point","coordinates":[4.2815,45.2447]},"surface":2729.57,"population":2358,"departement":{"code":"43","nom":"Haute-Loire"},"region":{"code":"84","nom":"Auvergne-Rhône-Alpes"}},{"nom":"Saint-Pal-de-Senouire","code":"43214","codesPostaux":["43160"],"centre":{"type":"Point","coordinates":[3.6488,45.2568]},"surface":1821.32,"population":108,"departement":{"code":"43","nom":"Haute-Loire"},"region":{"code":"84","nom":"Auvergne-Rhône-Alpes"}},{"nom":"Saint-Paul-de-Tartas","code":"43215","codesPostaux":["43420"],"centre":{"type":"Point","coordinates":[3.8919,44.7959]},"surface":2773.92,"population":204,"departement":{"code":"43","nom":"Haute-Loire"},"region":{"code":"84","nom":"Auvergne-Rhône-Alpes"}},{"nom":"Saint-Paulien","code":"43216","codesPostaux":["43350"],"centre":{"type":"Point","coordinates":[3.8221,45.1341]},"surface":4054.81,"population":2439,"departement":{"code":"43","nom":"Haute-Loire"},"region":{"code":"84","nom":"Auvergne-Rhône-Alpes"}},{"nom":"Saint-Pierre-du-Champ","code":"43217","codesPostaux":["43810"],"centre":{"type":"Point","coordinates":[3.8885,45.2399]},"surface":3066.38,"population":565,"departement":{"code":"43","nom":"Haute-Loire"},"region":{"code":"84","nom":"Auvergne-Rhône-Alpes"}},{"nom":"Saint-Pierre-Eynac","code":"43218","codesPostaux":["43260"],"centre":{"type":"Point","coordinates":[4.0343,45.0426]},"surface":2418.68,"population":1288,"departement":{"code":"43","nom":"Haute-Loire"},"region":{"code":"84","nom":"Auvergne-Rhône-Alpes"}},{"nom":"Saint-Préjet-Armandon","code":"43219","codesPostaux":["43230"],"centre":{"type":"Point","coordinates":[3.5521,45.2496]},"surface":854.6,"population":105,"departement":{"code":"43","nom":"Haute-Loire"},"region":{"code":"84","nom":"Auvergne-Rhône-Alpes"}},{"nom":"Saint-Préjet-d'Allier","code":"43220","codesPostaux":["43580"],"centre":{"type":"Point","coordinates":[3.6199,44.9181]},"surface":2432.99,"population":159,"departement":{"code":"43","nom":"Haute-Loire"},"region":{"code":"84","nom":"Auvergne-Rhône-Alpes"}},{"nom":"Saint-Privat-d'Allier","code":"43221","codesPostaux":["43580"],"centre":{"type":"Point","coordinates":[3.6704,44.9958]},"surface":3851.49,"population":394,"departement":{"code":"43","nom":"Haute-Loire"},"region":{"code":"84","nom":"Auvergne-Rhône-Alpes"}},{"nom":"Saint-Privat-du-Dragon","code":"43222","codesPostaux":["43380"],"centre":{"type":"Point","coordinates":[3.4448,45.1966]},"surface":2155.47,"population":169,"departement":{"code":"43","nom":"Haute-Loire"},"region":{"code":"84","nom":"Auvergne-Rhône-Alpes"}},{"nom":"Saint-Romain-Lachalm","code":"43223","codesPostaux":["43620"],"centre":{"type":"Point","coordinates":[4.34,45.2689]},"surface":1963.21,"population":1154,"departement":{"code":"43","nom":"Haute-Loire"},"region":{"code":"84","nom":"Auvergne-Rhône-Alpes"}},{"nom":"Sainte-Sigolène","code":"43224","codesPostaux":["43600"],"centre":{"type":"Point","coordinates":[4.2265,45.2436]},"surface":3068.47,"population":6097,"departement":{"code":"43","nom":"Haute-Loire"},"region":{"code":"84","nom":"Auvergne-Rhône-Alpes"}},{"nom":"Saint-Vénérand","code":"43225","codesPostaux":["43580"],"centre":{"type":"Point","coordinates":[3.6702,44.8764]},"surface":963.74,"population":65,"departement":{"code":"43","nom":"Haute-Loire"},"region":{"code":"84","nom":"Auvergne-Rhône-Alpes"}},{"nom":"Saint-Vert","code":"43226","codesPostaux":["43440"],"centre":{"type":"Point","coordinates":[3.5456,45.3769]},"surface":2065.64,"population":108,"departement":{"code":"43","nom":"Haute-Loire"},"region":{"code":"84","nom":"Auvergne-Rhône-Alpes"}},{"nom":"Saint-Victor-Malescours","code":"43227","codesPostaux":["43140"],"centre":{"type":"Point","coordinates":[4.3259,45.2947]},"surface":1470.4,"population":798,"departement":{"code":"43","nom":"Haute-Loire"},"region":{"code":"84","nom":"Auvergne-Rhône-Alpes"}},{"nom":"Saint-Victor-sur-Arlanc","code":"43228","codesPostaux":["43500"],"centre":{"type":"Point","coordinates":[3.7813,45.3358]},"surface":1176.5,"population":92,"departement":{"code":"43","nom":"Haute-Loire"},"region":{"code":"84","nom":"Auvergne-Rhône-Alpes"}},{"nom":"Saint-Vidal","code":"43229","codesPostaux":["43320"],"centre":{"type":"Point","coordinates":[3.8002,45.0752]},"surface":794.94,"population":608,"departement":{"code":"43","nom":"Haute-Loire"},"region":{"code":"84","nom":"Auvergne-Rhône-Alpes"}},{"nom":"Saint-Vincent","code":"43230","codesPostaux":["43800"],"centre":{"type":"Point","coordinates":[3.8961,45.1525]},"surface":2092.57,"population":1089,"departement":{"code":"43","nom":"Haute-Loire"},"region":{"code":"84","nom":"Auvergne-Rhône-Alpes"}},{"nom":"Salettes","code":"43231","codesPostaux":["43150"],"centre":{"type":"Point","coordinates":[3.9741,44.8655]},"surface":2061.61,"population":156,"departement":{"code":"43","nom":"Haute-Loire"},"region":{"code":"84","nom":"Auvergne-Rhône-Alpes"}},{"nom":"Salzuit","code":"43232","codesPostaux":["43230"],"centre":{"type":"Point","coordinates":[3.4813,45.2092]},"surface":806.62,"population":330,"departement":{"code":"43","nom":"Haute-Loire"},"region":{"code":"84","nom":"Auvergne-Rhône-Alpes"}},{"nom":"Sanssac-l'Église","code":"43233","codesPostaux":["43320"],"centre":{"type":"Point","coordinates":[3.7947,45.0451]},"surface":1569.74,"population":1080,"departement":{"code":"43","nom":"Haute-Loire"},"region":{"code":"84","nom":"Auvergne-Rhône-Alpes"}},{"nom":"Saugues","code":"43234","codesPostaux":["43170"],"centre":{"type":"Point","coordinates":[3.5213,44.9508]},"surface":7905.19,"population":1652,"departement":{"code":"43","nom":"Haute-Loire"},"region":{"code":"84","nom":"Auvergne-Rhône-Alpes"}},{"nom":"La Séauve-sur-Semène","code":"43236","codesPostaux":["43140"],"centre":{"type":"Point","coordinates":[4.2502,45.2962]},"surface":815.98,"population":1456,"departement":{"code":"43","nom":"Haute-Loire"},"region":{"code":"84","nom":"Auvergne-Rhône-Alpes"}},{"nom":"Sembadel","code":"43237","codesPostaux":["43160"],"centre":{"type":"Point","coordinates":[3.694,45.273]},"surface":1866.3,"population":247,"departement":{"code":"43","nom":"Haute-Loire"},"region":{"code":"84","nom":"Auvergne-Rhône-Alpes"}},{"nom":"Séneujols","code":"43238","codesPostaux":["43510"],"centre":{"type":"Point","coordinates":[3.7857,44.9575]},"surface":1228.86,"population":323,"departement":{"code":"43","nom":"Haute-Loire"},"region":{"code":"84","nom":"Auvergne-Rhône-Alpes"}},{"nom":"Siaugues-Sainte-Marie","code":"43239","codesPostaux":["43300"],"centre":{"type":"Point","coordinates":[3.6287,45.0787]},"surface":4075.65,"population":839,"departement":{"code":"43","nom":"Haute-Loire"},"region":{"code":"84","nom":"Auvergne-Rhône-Alpes"}},{"nom":"Solignac-sous-Roche","code":"43240","codesPostaux":["43130"],"centre":{"type":"Point","coordinates":[3.9985,45.2523]},"surface":877.26,"population":270,"departement":{"code":"43","nom":"Haute-Loire"},"region":{"code":"84","nom":"Auvergne-Rhône-Alpes"}},{"nom":"Solignac-sur-Loire","code":"43241","codesPostaux":["43370"],"centre":{"type":"Point","coordinates":[3.8779,44.9569]},"surface":2418.36,"population":1289,"departement":{"code":"43","nom":"Haute-Loire"},"region":{"code":"84","nom":"Auvergne-Rhône-Alpes"}},{"nom":"Tailhac","code":"43242","codesPostaux":["43300"],"centre":{"type":"Point","coordinates":[3.4604,45.0542]},"surface":1262.04,"population":59,"departement":{"code":"43","nom":"Haute-Loire"},"region":{"code":"84","nom":"Auvergne-Rhône-Alpes"}},{"nom":"Tence","code":"43244","codesPostaux":["43190"],"centre":{"type":"Point","coordinates":[4.304,45.1169]},"surface":5242.17,"population":3111,"departement":{"code":"43","nom":"Haute-Loire"},"region":{"code":"84","nom":"Auvergne-Rhône-Alpes"}},{"nom":"Thoras","code":"43245","codesPostaux":["43170","43580"],"centre":{"type":"Point","coordinates":[3.5807,44.8658]},"surface":4520.9,"population":243,"departement":{"code":"43","nom":"Haute-Loire"},"region":{"code":"84","nom":"Auvergne-Rhône-Alpes"}},{"nom":"Tiranges","code":"43246","codesPostaux":["43530"],"centre":{"type":"Point","coordinates":[4.0154,45.2875]},"surface":2699.43,"population":453,"departement":{"code":"43","nom":"Haute-Loire"},"region":{"code":"84","nom":"Auvergne-Rhône-Alpes"}},{"nom":"Torsiac","code":"43247","codesPostaux":["43450"],"centre":{"type":"Point","coordinates":[3.1982,45.3509]},"surface":918.44,"population":62,"departement":{"code":"43","nom":"Haute-Loire"},"region":{"code":"84","nom":"Auvergne-Rhône-Alpes"}},{"nom":"Valprivas","code":"43249","codesPostaux":["43210"],"centre":{"type":"Point","coordinates":[4.0511,45.3209]},"surface":2239.24,"population":553,"departement":{"code":"43","nom":"Haute-Loire"},"region":{"code":"84","nom":"Auvergne-Rhône-Alpes"}},{"nom":"Vals-le-Chastel","code":"43250","codesPostaux":["43230"],"centre":{"type":"Point","coordinates":[3.5289,45.2711]},"surface":399.92,"population":39,"departement":{"code":"43","nom":"Haute-Loire"},"region":{"code":"84","nom":"Auvergne-Rhône-Alpes"}},{"nom":"Vals-près-le-Puy","code":"43251","codesPostaux":["43750"],"centre":{"type":"Point","coordinates":[3.8637,45.0229]},"surface":518.79,"population":3395,"departement":{"code":"43","nom":"Haute-Loire"},"region":{"code":"84","nom":"Auvergne-Rhône-Alpes"}},{"nom":"Varennes-Saint-Honorat","code":"43252","codesPostaux":["43270"],"centre":{"type":"Point","coordinates":[3.646,45.1767]},"surface":1190.37,"population":26,"departement":{"code":"43","nom":"Haute-Loire"},"region":{"code":"84","nom":"Auvergne-Rhône-Alpes"}},{"nom":"Les Vastres","code":"43253","codesPostaux":["43430"],"centre":{"type":"Point","coordinates":[4.2732,44.9927]},"surface":3016.06,"population":192,"departement":{"code":"43","nom":"Haute-Loire"},"region":{"code":"84","nom":"Auvergne-Rhône-Alpes"}},{"nom":"Vazeilles-Limandre","code":"43254","codesPostaux":["43320"],"centre":{"type":"Point","coordinates":[3.7003,45.1161]},"surface":1196.36,"population":268,"departement":{"code":"43","nom":"Haute-Loire"},"region":{"code":"84","nom":"Auvergne-Rhône-Alpes"}},{"nom":"Venteuges","code":"43256","codesPostaux":["43170"],"centre":{"type":"Point","coordinates":[3.4871,44.9803]},"surface":3957.55,"population":341,"departement":{"code":"43","nom":"Haute-Loire"},"region":{"code":"84","nom":"Auvergne-Rhône-Alpes"}},{"nom":"Vergezac","code":"43257","codesPostaux":["43320"],"centre":{"type":"Point","coordinates":[3.7448,45.0316]},"surface":2078.22,"population":470,"departement":{"code":"43","nom":"Haute-Loire"},"region":{"code":"84","nom":"Auvergne-Rhône-Alpes"}},{"nom":"Vergongheon","code":"43258","codesPostaux":["43360"],"centre":{"type":"Point","coordinates":[3.3301,45.3713]},"surface":1207.19,"population":1797,"departement":{"code":"43","nom":"Haute-Loire"},"region":{"code":"84","nom":"Auvergne-Rhône-Alpes"}},{"nom":"Vernassal","code":"43259","codesPostaux":["43270"],"centre":{"type":"Point","coordinates":[3.712,45.1491]},"surface":1931.99,"population":373,"departement":{"code":"43","nom":"Haute-Loire"},"region":{"code":"84","nom":"Auvergne-Rhône-Alpes"}},{"nom":"Le Vernet","code":"43260","codesPostaux":["43320"],"centre":{"type":"Point","coordinates":[3.6656,45.0389]},"surface":392.33,"population":22,"departement":{"code":"43","nom":"Haute-Loire"},"region":{"code":"84","nom":"Auvergne-Rhône-Alpes"}},{"nom":"Vézézoux","code":"43261","codesPostaux":["43390"],"centre":{"type":"Point","coordinates":[3.3477,45.4057]},"surface":714.1,"population":635,"departement":{"code":"43","nom":"Haute-Loire"},"region":{"code":"84","nom":"Auvergne-Rhône-Alpes"}},{"nom":"Vieille-Brioude","code":"43262","codesPostaux":["43100"],"centre":{"type":"Point","coordinates":[3.4013,45.2508]},"surface":2786.36,"population":1236,"departement":{"code":"43","nom":"Haute-Loire"},"region":{"code":"84","nom":"Auvergne-Rhône-Alpes"}},{"nom":"Vielprat","code":"43263","codesPostaux":["43490"],"centre":{"type":"Point","coordinates":[3.9493,44.848]},"surface":721.54,"population":70,"departement":{"code":"43","nom":"Haute-Loire"},"region":{"code":"84","nom":"Auvergne-Rhône-Alpes"}},{"nom":"Villeneuve-d'Allier","code":"43264","codesPostaux":["43380"],"centre":{"type":"Point","coordinates":[3.3752,45.2012]},"surface":1445.83,"population":280,"departement":{"code":"43","nom":"Haute-Loire"},"region":{"code":"84","nom":"Auvergne-Rhône-Alpes"}},{"nom":"Les Villettes","code":"43265","codesPostaux":["43600"],"centre":{"type":"Point","coordinates":[4.1796,45.241]},"surface":1158.36,"population":1450,"departement":{"code":"43","nom":"Haute-Loire"},"region":{"code":"84","nom":"Auvergne-Rhône-Alpes"}},{"nom":"Vorey","code":"43267","codesPostaux":["43800"],"centre":{"type":"Point","coordinates":[3.9061,45.1947]},"surface":3953.87,"population":1488,"departement":{"code":"43","nom":"Haute-Loire"},"region":{"code":"84","nom":"Auvergne-Rhône-Alpes"}},{"nom":"Yssingeaux","code":"43268","codesPostaux":["43200"],"centre":{"type":"Point","coordinates":[4.1246,45.1342]},"surface":8130.67,"population":7415,"departement":{"code":"43","nom":"Haute-Loire"},"region":{"code":"84","nom":"Auvergne-Rhône-Alpes"}}]