[{"nom":"Albaret-le-Comtal","code":"48001","codesPostaux":["48310"],"centre":{"type":"Point","coordinates":[3.1446,44.8641]},"surface":2961.75,"population":131,"departement":{"code":"48","nom":"Lozère"},"region":{"code":"76","nom":"Occitanie"}},{"nom":"Albaret-Sainte-Marie","code":"48002","codesPostaux":["48200"],"centre":{"type":"Point","coordinates":[3.2536,44.8804]},"surface":1585.48,"population":559,"departement":{"code":"48","nom":"Lozère"},"region":{"code":"76","nom":"Occitanie"}},{"nom":"Allenc","code":"48003","codesPostaux":["48190"],"centre":{"type":"Point","coordinates":[3.6778,44.55]},"surface":3899.3,"population":265,"departement":{"code":"48","nom":"Lozère"},"region":{"code":"76","nom":"Occitanie"}},{"nom":"Altier","code":"48004","codesPostaux":["48800"],"centre":{"type":"Point","coordinates":[3.8559,44.457]},"surface":5475.74,"population":213,"departement":{"code":"48","nom":"Lozère"},"region":{"code":"76","nom":"Occitanie"}},{"nom":"Antrenas","code":"48005","codesPostaux":["48100"],"centre":{"type":"Point","coordinates":[3.2544,44.5894]},"surface":1745.95,"population":331,"departement":{"code":"48","nom":"Lozère"},"region":{"code":"76","nom":"Occitanie"}},{"nom":"Arzenc-d'Apcher","code":"48007","codesPostaux":["48310"],"centre":{"type":"Point","coordinates":[3.1129,44.8448]},"surface":781.64,"population":52,"departement":{"code":"48","nom":"Lozère"},"region":{"code":"76","nom":"Occitanie"}},{"nom":"Arzenc-de-Randon","code":"48008","codesPostaux":["48170"],"centre":{"type":"Point","coordinates":[3.608,44.6598]},"surface":6971.72,"population":191,"departement":{"code":"48","nom":"Lozère"},"region":{"code":"76","nom":"Occitanie"}},{"nom":"Peyre en Aubrac","code":"48009","codesPostaux":["48130"],"centre":{"type":"Point","coordinates":[3.273,44.6923]},"surface":15339.81,"population":2296,"departement":{"code":"48","nom":"Lozère"},"region":{"code":"76","nom":"Occitanie"}},{"nom":"Auroux","code":"48010","codesPostaux":["48600"],"centre":{"type":"Point","coordinates":[3.7209,44.761]},"surface":3522.72,"population":364,"departement":{"code":"48","nom":"Lozère"},"region":{"code":"76","nom":"Occitanie"}},{"nom":"Les Monts-Verts","code":"48012","codesPostaux":["48200"],"centre":{"type":"Point","coordinates":[3.2183,44.8482]},"surface":2894.15,"population":313,"departement":{"code":"48","nom":"Lozère"},"region":{"code":"76","nom":"Occitanie"}},{"nom":"Badaroux","code":"48013","codesPostaux":["48000"],"centre":{"type":"Point","coordinates":[3.5611,44.5476]},"surface":2066.57,"population":930,"departement":{"code":"48","nom":"Lozère"},"region":{"code":"76","nom":"Occitanie"}},{"nom":"Pied-de-Borne","code":"48015","codesPostaux":["48800"],"centre":{"type":"Point","coordinates":[3.9685,44.4839]},"surface":2756.9,"population":208,"departement":{"code":"48","nom":"Lozère"},"region":{"code":"76","nom":"Occitanie"}},{"nom":"Balsièges","code":"48016","codesPostaux":["48000"],"centre":{"type":"Point","coordinates":[3.4436,44.477]},"surface":3296.73,"population":608,"departement":{"code":"48","nom":"Lozère"},"region":{"code":"76","nom":"Occitanie"}},{"nom":"Banassac-Canilhac","code":"48017","codesPostaux":["48500"],"centre":{"type":"Point","coordinates":[3.1693,44.4296]},"surface":2468.95,"population":1064,"departement":{"code":"48","nom":"Lozère"},"region":{"code":"76","nom":"Occitanie"}},{"nom":"Barjac","code":"48018","codesPostaux":["48000"],"centre":{"type":"Point","coordinates":[3.4037,44.5231]},"surface":2992.4,"population":806,"departement":{"code":"48","nom":"Lozère"},"region":{"code":"76","nom":"Occitanie"}},{"nom":"Barre-des-Cévennes","code":"48019","codesPostaux":["48400"],"centre":{"type":"Point","coordinates":[3.6746,44.2551]},"surface":3450.17,"population":200,"departement":{"code":"48","nom":"Lozère"},"region":{"code":"76","nom":"Occitanie"}},{"nom":"Bassurels","code":"48020","codesPostaux":["48400"],"centre":{"type":"Point","coordinates":[3.6013,44.1627]},"surface":4679.44,"population":62,"departement":{"code":"48","nom":"Lozère"},"region":{"code":"76","nom":"Occitanie"}},{"nom":"La Bastide-Puylaurent","code":"48021","codesPostaux":["48250"],"centre":{"type":"Point","coordinates":[3.8882,44.5662]},"surface":2393.61,"population":167,"departement":{"code":"48","nom":"Lozère"},"region":{"code":"76","nom":"Occitanie"}},{"nom":"Les Bessons","code":"48025","codesPostaux":["48200"],"centre":{"type":"Point","coordinates":[3.236,44.7747]},"surface":2341.45,"population":421,"departement":{"code":"48","nom":"Lozère"},"region":{"code":"76","nom":"Occitanie"}},{"nom":"Blavignac","code":"48026","codesPostaux":["48200"],"centre":{"type":"Point","coordinates":[3.2867,44.8691]},"surface":1379.33,"population":252,"departement":{"code":"48","nom":"Lozère"},"region":{"code":"76","nom":"Occitanie"}},{"nom":"Mont Lozère et Goulet","code":"48027","codesPostaux":["48170","48190","48250"],"centre":{"type":"Point","coordinates":[3.749,44.5099]},"surface":16720.28,"population":1098,"departement":{"code":"48","nom":"Lozère"},"region":{"code":"76","nom":"Occitanie"}},{"nom":"Les Bondons","code":"48028","codesPostaux":["48400"],"centre":{"type":"Point","coordinates":[3.6364,44.3992]},"surface":4591.16,"population":139,"departement":{"code":"48","nom":"Lozère"},"region":{"code":"76","nom":"Occitanie"}},{"nom":"Le Born","code":"48029","codesPostaux":["48000"],"centre":{"type":"Point","coordinates":[3.5569,44.5874]},"surface":3035.83,"population":156,"departement":{"code":"48","nom":"Lozère"},"region":{"code":"76","nom":"Occitanie"}},{"nom":"Brenoux","code":"48030","codesPostaux":["48000"],"centre":{"type":"Point","coordinates":[3.5332,44.4872]},"surface":1123.48,"population":384,"departement":{"code":"48","nom":"Lozère"},"region":{"code":"76","nom":"Occitanie"}},{"nom":"Brion","code":"48031","codesPostaux":["48310"],"centre":{"type":"Point","coordinates":[3.0779,44.7458]},"surface":2191.68,"population":88,"departement":{"code":"48","nom":"Lozère"},"region":{"code":"76","nom":"Occitanie"}},{"nom":"Le Buisson","code":"48032","codesPostaux":["48100"],"centre":{"type":"Point","coordinates":[3.2198,44.6301]},"surface":2432.33,"population":221,"departement":{"code":"48","nom":"Lozère"},"region":{"code":"76","nom":"Occitanie"}},{"nom":"La Canourgue","code":"48034","codesPostaux":["48500"],"centre":{"type":"Point","coordinates":[3.2583,44.4253]},"surface":10478.95,"population":2074,"departement":{"code":"48","nom":"Lozère"},"region":{"code":"76","nom":"Occitanie"}},{"nom":"Cassagnas","code":"48036","codesPostaux":["48400"],"centre":{"type":"Point","coordinates":[3.7291,44.2803]},"surface":3573.86,"population":126,"departement":{"code":"48","nom":"Lozère"},"region":{"code":"76","nom":"Occitanie"}},{"nom":"Chadenet","code":"48037","codesPostaux":["48190"],"centre":{"type":"Point","coordinates":[3.6415,44.5081]},"surface":1329.98,"population":123,"departement":{"code":"48","nom":"Lozère"},"region":{"code":"76","nom":"Occitanie"}},{"nom":"Bel-Air-Val-d'Ance","code":"48038","codesPostaux":["48600"],"centre":{"type":"Point","coordinates":[3.6279,44.8424]},"surface":4167.56,"population":532,"departement":{"code":"48","nom":"Lozère"},"region":{"code":"76","nom":"Occitanie"}},{"nom":"Chanac","code":"48039","codesPostaux":["48230"],"centre":{"type":"Point","coordinates":[3.3462,44.4549]},"surface":7179.59,"population":1404,"departement":{"code":"48","nom":"Lozère"},"region":{"code":"76","nom":"Occitanie"}},{"nom":"Chastanier","code":"48041","codesPostaux":["48300"],"centre":{"type":"Point","coordinates":[3.7508,44.7247]},"surface":1044.35,"population":76,"departement":{"code":"48","nom":"Lozère"},"region":{"code":"76","nom":"Occitanie"}},{"nom":"Chastel-Nouvel","code":"48042","codesPostaux":["48000"],"centre":{"type":"Point","coordinates":[3.4904,44.567]},"surface":3125.65,"population":938,"departement":{"code":"48","nom":"Lozère"},"region":{"code":"76","nom":"Occitanie"}},{"nom":"Châteauneuf-de-Randon","code":"48043","codesPostaux":["48170"],"centre":{"type":"Point","coordinates":[3.6877,44.6479]},"surface":2461.75,"population":516,"departement":{"code":"48","nom":"Lozère"},"region":{"code":"76","nom":"Occitanie"}},{"nom":"Chauchailles","code":"48044","codesPostaux":["48310"],"centre":{"type":"Point","coordinates":[3.0753,44.7968]},"surface":1738.31,"population":75,"departement":{"code":"48","nom":"Lozère"},"region":{"code":"76","nom":"Occitanie"}},{"nom":"Chaudeyrac","code":"48045","codesPostaux":["48170"],"centre":{"type":"Point","coordinates":[3.751,44.644]},"surface":4456.66,"population":291,"departement":{"code":"48","nom":"Lozère"},"region":{"code":"76","nom":"Occitanie"}},{"nom":"Chaulhac","code":"48046","codesPostaux":["48140"],"centre":{"type":"Point","coordinates":[3.2667,44.9195]},"surface":964.9,"population":58,"departement":{"code":"48","nom":"Lozère"},"region":{"code":"76","nom":"Occitanie"}},{"nom":"Cheylard-l'Évêque","code":"48048","codesPostaux":["48300"],"centre":{"type":"Point","coordinates":[3.8096,44.639]},"surface":2983.68,"population":65,"departement":{"code":"48","nom":"Lozère"},"region":{"code":"76","nom":"Occitanie"}},{"nom":"Bédouès-Cocurès","code":"48050","codesPostaux":["48400"],"centre":{"type":"Point","coordinates":[3.6415,44.348]},"surface":2938.73,"population":457,"departement":{"code":"48","nom":"Lozère"},"region":{"code":"76","nom":"Occitanie"}},{"nom":"Le Collet-de-Dèze","code":"48051","codesPostaux":["48160"],"centre":{"type":"Point","coordinates":[3.9209,44.2585]},"surface":2646.47,"population":684,"departement":{"code":"48","nom":"Lozère"},"region":{"code":"76","nom":"Occitanie"}},{"nom":"Cubières","code":"48053","codesPostaux":["48190"],"centre":{"type":"Point","coordinates":[3.7905,44.4718]},"surface":4873.46,"population":187,"departement":{"code":"48","nom":"Lozère"},"region":{"code":"76","nom":"Occitanie"}},{"nom":"Cubiérettes","code":"48054","codesPostaux":["48190"],"centre":{"type":"Point","coordinates":[3.7871,44.4448]},"surface":1193.16,"population":44,"departement":{"code":"48","nom":"Lozère"},"region":{"code":"76","nom":"Occitanie"}},{"nom":"Cultures","code":"48055","codesPostaux":["48230"],"centre":{"type":"Point","coordinates":[3.3822,44.4899]},"surface":392.87,"population":189,"departement":{"code":"48","nom":"Lozère"},"region":{"code":"76","nom":"Occitanie"}},{"nom":"Esclanèdes","code":"48056","codesPostaux":["48230"],"centre":{"type":"Point","coordinates":[3.3706,44.4843]},"surface":1256.49,"population":427,"departement":{"code":"48","nom":"Lozère"},"region":{"code":"76","nom":"Occitanie"}},{"nom":"La Fage-Montivernoux","code":"48058","codesPostaux":["48310"],"centre":{"type":"Point","coordinates":[3.1484,44.7504]},"surface":3757.5,"population":131,"departement":{"code":"48","nom":"Lozère"},"region":{"code":"76","nom":"Occitanie"}},{"nom":"La Fage-Saint-Julien","code":"48059","codesPostaux":["48200"],"centre":{"type":"Point","coordinates":[3.2117,44.8008]},"surface":1801.66,"population":303,"departement":{"code":"48","nom":"Lozère"},"region":{"code":"76","nom":"Occitanie"}},{"nom":"Florac Trois Rivières","code":"48061","codesPostaux":["48400"],"centre":{"type":"Point","coordinates":[3.6268,44.3189]},"surface":4776.17,"population":2100,"departement":{"code":"48","nom":"Lozère"},"region":{"code":"76","nom":"Occitanie"}},{"nom":"Fontans","code":"48063","codesPostaux":["48700"],"centre":{"type":"Point","coordinates":[3.3795,44.7434]},"surface":3403.73,"population":218,"departement":{"code":"48","nom":"Lozère"},"region":{"code":"76","nom":"Occitanie"}},{"nom":"Fournels","code":"48064","codesPostaux":["48310"],"centre":{"type":"Point","coordinates":[3.1294,44.8099]},"surface":1553.44,"population":371,"departement":{"code":"48","nom":"Lozère"},"region":{"code":"76","nom":"Occitanie"}},{"nom":"Fraissinet-de-Fourques","code":"48065","codesPostaux":["48400"],"centre":{"type":"Point","coordinates":[3.5362,44.207]},"surface":2432.67,"population":83,"departement":{"code":"48","nom":"Lozère"},"region":{"code":"76","nom":"Occitanie"}},{"nom":"Gabriac","code":"48067","codesPostaux":["48110"],"centre":{"type":"Point","coordinates":[3.7104,44.1821]},"surface":847.4,"population":102,"departement":{"code":"48","nom":"Lozère"},"region":{"code":"76","nom":"Occitanie"}},{"nom":"Gabrias","code":"48068","codesPostaux":["48100"],"centre":{"type":"Point","coordinates":[3.3848,44.5522]},"surface":2031.22,"population":158,"departement":{"code":"48","nom":"Lozère"},"region":{"code":"76","nom":"Occitanie"}},{"nom":"Gatuzières","code":"48069","codesPostaux":["48150"],"centre":{"type":"Point","coordinates":[3.5079,44.1878]},"surface":2958.48,"population":52,"departement":{"code":"48","nom":"Lozère"},"region":{"code":"76","nom":"Occitanie"}},{"nom":"Grandrieu","code":"48070","codesPostaux":["48600"],"centre":{"type":"Point","coordinates":[3.64,44.7748]},"surface":6363.73,"population":736,"departement":{"code":"48","nom":"Lozère"},"region":{"code":"76","nom":"Occitanie"}},{"nom":"Grandvals","code":"48071","codesPostaux":["48260"],"centre":{"type":"Point","coordinates":[3.0552,44.7333]},"surface":1272.66,"population":61,"departement":{"code":"48","nom":"Lozère"},"region":{"code":"76","nom":"Occitanie"}},{"nom":"Grèzes","code":"48072","codesPostaux":["48100"],"centre":{"type":"Point","coordinates":[3.3405,44.5154]},"surface":1609.57,"population":195,"departement":{"code":"48","nom":"Lozère"},"region":{"code":"76","nom":"Occitanie"}},{"nom":"Les Hermaux","code":"48073","codesPostaux":["48340"],"centre":{"type":"Point","coordinates":[3.1312,44.5182]},"surface":1763.46,"population":108,"departement":{"code":"48","nom":"Lozère"},"region":{"code":"76","nom":"Occitanie"}},{"nom":"Hures-la-Parade","code":"48074","codesPostaux":["48150"],"centre":{"type":"Point","coordinates":[3.3851,44.2479]},"surface":8877.18,"population":242,"departement":{"code":"48","nom":"Lozère"},"region":{"code":"76","nom":"Occitanie"}},{"nom":"Ispagnac","code":"48075","codesPostaux":["48320"],"centre":{"type":"Point","coordinates":[3.5315,44.4009]},"surface":5447.88,"population":895,"departement":{"code":"48","nom":"Lozère"},"region":{"code":"76","nom":"Occitanie"}},{"nom":"Julianges","code":"48077","codesPostaux":["48140"],"centre":{"type":"Point","coordinates":[3.3212,44.9368]},"surface":941.38,"population":50,"departement":{"code":"48","nom":"Lozère"},"region":{"code":"76","nom":"Occitanie"}},{"nom":"Lajo","code":"48079","codesPostaux":["48120"],"centre":{"type":"Point","coordinates":[3.4367,44.8263]},"surface":1863.21,"population":114,"departement":{"code":"48","nom":"Lozère"},"region":{"code":"76","nom":"Occitanie"}},{"nom":"Langogne","code":"48080","codesPostaux":["48300"],"centre":{"type":"Point","coordinates":[3.8318,44.7211]},"surface":3113.11,"population":2836,"departement":{"code":"48","nom":"Lozère"},"region":{"code":"76","nom":"Occitanie"}},{"nom":"Lanuéjols","code":"48081","codesPostaux":["48000"],"centre":{"type":"Point","coordinates":[3.5813,44.4895]},"surface":3354.34,"population":373,"departement":{"code":"48","nom":"Lozère"},"region":{"code":"76","nom":"Occitanie"}},{"nom":"Laubert","code":"48082","codesPostaux":["48170"],"centre":{"type":"Point","coordinates":[3.6434,44.5956]},"surface":1427.78,"population":102,"departement":{"code":"48","nom":"Lozère"},"region":{"code":"76","nom":"Occitanie"}},{"nom":"Les Laubies","code":"48083","codesPostaux":["48700"],"centre":{"type":"Point","coordinates":[3.4461,44.7001]},"surface":2309.19,"population":151,"departement":{"code":"48","nom":"Lozère"},"region":{"code":"76","nom":"Occitanie"}},{"nom":"Laval-du-Tarn","code":"48085","codesPostaux":["48500"],"centre":{"type":"Point","coordinates":[3.3511,44.3762]},"surface":3696.88,"population":108,"departement":{"code":"48","nom":"Lozère"},"region":{"code":"76","nom":"Occitanie"}},{"nom":"Luc","code":"48086","codesPostaux":["48250"],"centre":{"type":"Point","coordinates":[3.8662,44.642]},"surface":4603.06,"population":208,"departement":{"code":"48","nom":"Lozère"},"region":{"code":"76","nom":"Occitanie"}},{"nom":"Prinsuéjols-Malbouzon","code":"48087","codesPostaux":["48100","48270"],"centre":{"type":"Point","coordinates":[3.1565,44.6787]},"surface":5741.15,"population":246,"departement":{"code":"48","nom":"Lozère"},"region":{"code":"76","nom":"Occitanie"}},{"nom":"La Malène","code":"48088","codesPostaux":["48210"],"centre":{"type":"Point","coordinates":[3.3164,44.3073]},"surface":4110.42,"population":130,"departement":{"code":"48","nom":"Lozère"},"region":{"code":"76","nom":"Occitanie"}},{"nom":"Le Malzieu-Forain","code":"48089","codesPostaux":["48140"],"centre":{"type":"Point","coordinates":[3.3894,44.8715]},"surface":4954.86,"population":484,"departement":{"code":"48","nom":"Lozère"},"region":{"code":"76","nom":"Occitanie"}},{"nom":"Le Malzieu-Ville","code":"48090","codesPostaux":["48140"],"centre":{"type":"Point","coordinates":[3.3403,44.8612]},"surface":798.8,"population":745,"departement":{"code":"48","nom":"Lozère"},"region":{"code":"76","nom":"Occitanie"}},{"nom":"Marchastel","code":"48091","codesPostaux":["48260"],"centre":{"type":"Point","coordinates":[3.1077,44.6421]},"surface":3493.81,"population":44,"departement":{"code":"48","nom":"Lozère"},"region":{"code":"76","nom":"Occitanie"}},{"nom":"Marvejols","code":"48092","codesPostaux":["48100"],"centre":{"type":"Point","coordinates":[3.2878,44.5549]},"surface":1271.95,"population":4764,"departement":{"code":"48","nom":"Lozère"},"region":{"code":"76","nom":"Occitanie"}},{"nom":"Massegros Causses Gorges","code":"48094","codesPostaux":["48210","48500"],"centre":{"type":"Point","coordinates":[3.2055,44.308]},"surface":15961.58,"population":935,"departement":{"code":"48","nom":"Lozère"},"region":{"code":"76","nom":"Occitanie"}},{"nom":"Mende","code":"48095","codesPostaux":["48000"],"centre":{"type":"Point","coordinates":[3.4909,44.5349]},"surface":3692.54,"population":12464,"departement":{"code":"48","nom":"Lozère"},"region":{"code":"76","nom":"Occitanie"}},{"nom":"Meyrueis","code":"48096","codesPostaux":["48150"],"centre":{"type":"Point","coordinates":[3.4644,44.1723]},"surface":10455.67,"population":770,"departement":{"code":"48","nom":"Lozère"},"region":{"code":"76","nom":"Occitanie"}},{"nom":"Moissac-Vallée-Française","code":"48097","codesPostaux":["48110"],"centre":{"type":"Point","coordinates":[3.792,44.1587]},"surface":2701.25,"population":216,"departement":{"code":"48","nom":"Lozère"},"region":{"code":"76","nom":"Occitanie"}},{"nom":"Molezon","code":"48098","codesPostaux":["48110"],"centre":{"type":"Point","coordinates":[3.691,44.2151]},"surface":1486.06,"population":99,"departement":{"code":"48","nom":"Lozère"},"region":{"code":"76","nom":"Occitanie"}},{"nom":"Bourgs sur Colagne","code":"48099","codesPostaux":["48100"],"centre":{"type":"Point","coordinates":[3.2317,44.5323]},"surface":5326.01,"population":2091,"departement":{"code":"48","nom":"Lozère"},"region":{"code":"76","nom":"Occitanie"}},{"nom":"Montbel","code":"48100","codesPostaux":["48170"],"centre":{"type":"Point","coordinates":[3.7182,44.5992]},"surface":2358.93,"population":146,"departement":{"code":"48","nom":"Lozère"},"region":{"code":"76","nom":"Occitanie"}},{"nom":"Montrodat","code":"48103","codesPostaux":["48100"],"centre":{"type":"Point","coordinates":[3.33,44.5586]},"surface":2062.36,"population":1174,"departement":{"code":"48","nom":"Lozère"},"region":{"code":"76","nom":"Occitanie"}},{"nom":"Nasbinals","code":"48104","codesPostaux":["48260"],"centre":{"type":"Point","coordinates":[3.0462,44.646]},"surface":6341.77,"population":571,"departement":{"code":"48","nom":"Lozère"},"region":{"code":"76","nom":"Occitanie"}},{"nom":"Naussac-Fontanes","code":"48105","codesPostaux":["48300"],"centre":{"type":"Point","coordinates":[3.7986,44.7638]},"surface":2506.01,"population":372,"departement":{"code":"48","nom":"Lozère"},"region":{"code":"76","nom":"Occitanie"}},{"nom":"Noalhac","code":"48106","codesPostaux":["48310"],"centre":{"type":"Point","coordinates":[3.1159,44.8006]},"surface":1350.61,"population":94,"departement":{"code":"48","nom":"Lozère"},"region":{"code":"76","nom":"Occitanie"}},{"nom":"Palhers","code":"48107","codesPostaux":["48100"],"centre":{"type":"Point","coordinates":[3.3091,44.516]},"surface":862.24,"population":200,"departement":{"code":"48","nom":"Lozère"},"region":{"code":"76","nom":"Occitanie"}},{"nom":"La Panouse","code":"48108","codesPostaux":["48600"],"centre":{"type":"Point","coordinates":[3.5885,44.7375]},"surface":3779.45,"population":94,"departement":{"code":"48","nom":"Lozère"},"region":{"code":"76","nom":"Occitanie"}},{"nom":"Paulhac-en-Margeride","code":"48110","codesPostaux":["48140"],"centre":{"type":"Point","coordinates":[3.3853,44.9467]},"surface":1590.46,"population":87,"departement":{"code":"48","nom":"Lozère"},"region":{"code":"76","nom":"Occitanie"}},{"nom":"Pelouse","code":"48111","codesPostaux":["48000"],"centre":{"type":"Point","coordinates":[3.6095,44.577]},"surface":3328.91,"population":231,"departement":{"code":"48","nom":"Lozère"},"region":{"code":"76","nom":"Occitanie"}},{"nom":"Pierrefiche","code":"48112","codesPostaux":["48300"],"centre":{"type":"Point","coordinates":[3.7343,44.6829]},"surface":1680.37,"population":158,"departement":{"code":"48","nom":"Lozère"},"region":{"code":"76","nom":"Occitanie"}},{"nom":"Le Pompidou","code":"48115","codesPostaux":["48110"],"centre":{"type":"Point","coordinates":[3.6636,44.2062]},"surface":2310.42,"population":184,"departement":{"code":"48","nom":"Lozère"},"region":{"code":"76","nom":"Occitanie"}},{"nom":"Pont de Montvert - Sud Mont Lozère","code":"48116","codesPostaux":["48220"],"centre":{"type":"Point","coordinates":[3.7777,44.3684]},"surface":16741.45,"population":557,"departement":{"code":"48","nom":"Lozère"},"region":{"code":"76","nom":"Occitanie"}},{"nom":"Pourcharesses","code":"48117","codesPostaux":["48800"],"centre":{"type":"Point","coordinates":[3.891,44.4413]},"surface":3210.42,"population":130,"departement":{"code":"48","nom":"Lozère"},"region":{"code":"76","nom":"Occitanie"}},{"nom":"Prévenchères","code":"48119","codesPostaux":["48800"],"centre":{"type":"Point","coordinates":[3.9119,44.5144]},"surface":6160.87,"population":267,"departement":{"code":"48","nom":"Lozère"},"region":{"code":"76","nom":"Occitanie"}},{"nom":"Prunières","code":"48121","codesPostaux":["48200"],"centre":{"type":"Point","coordinates":[3.3294,44.8186]},"surface":1322.59,"population":226,"departement":{"code":"48","nom":"Lozère"},"region":{"code":"76","nom":"Occitanie"}},{"nom":"Recoules-d'Aubrac","code":"48123","codesPostaux":["48260"],"centre":{"type":"Point","coordinates":[3.0364,44.686]},"surface":2632.13,"population":165,"departement":{"code":"48","nom":"Lozère"},"region":{"code":"76","nom":"Occitanie"}},{"nom":"Recoules-de-Fumas","code":"48124","codesPostaux":["48100"],"centre":{"type":"Point","coordinates":[3.3299,44.6327]},"surface":966.8,"population":98,"departement":{"code":"48","nom":"Lozère"},"region":{"code":"76","nom":"Occitanie"}},{"nom":"Lachamp-Ribennes","code":"48126","codesPostaux":["48100","48700"],"centre":{"type":"Point","coordinates":[3.3849,44.6275]},"surface":5115.61,"population":379,"departement":{"code":"48","nom":"Lozère"},"region":{"code":"76","nom":"Occitanie"}},{"nom":"Monts-de-Randon","code":"48127","codesPostaux":["48000","48700"],"centre":{"type":"Point","coordinates":[3.4762,44.6531]},"surface":14821.96,"population":1209,"departement":{"code":"48","nom":"Lozère"},"region":{"code":"76","nom":"Occitanie"}},{"nom":"Rimeize","code":"48128","codesPostaux":["48200"],"centre":{"type":"Point","coordinates":[3.3194,44.7626]},"surface":3257.64,"population":623,"departement":{"code":"48","nom":"Lozère"},"region":{"code":"76","nom":"Occitanie"}},{"nom":"Rocles","code":"48129","codesPostaux":["48300"],"centre":{"type":"Point","coordinates":[3.7862,44.7053]},"surface":1977.24,"population":249,"departement":{"code":"48","nom":"Lozère"},"region":{"code":"76","nom":"Occitanie"}},{"nom":"Rousses","code":"48130","codesPostaux":["48400"],"centre":{"type":"Point","coordinates":[3.5697,44.1942]},"surface":2233.09,"population":115,"departement":{"code":"48","nom":"Lozère"},"region":{"code":"76","nom":"Occitanie"}},{"nom":"Le Rozier","code":"48131","codesPostaux":["48150"],"centre":{"type":"Point","coordinates":[3.2173,44.1972]},"surface":199.3,"population":126,"departement":{"code":"48","nom":"Lozère"},"region":{"code":"76","nom":"Occitanie"}},{"nom":"Saint-Alban-sur-Limagnole","code":"48132","codesPostaux":["48120"],"centre":{"type":"Point","coordinates":[3.4053,44.7972]},"surface":5113.77,"population":1385,"departement":{"code":"48","nom":"Lozère"},"region":{"code":"76","nom":"Occitanie"}},{"nom":"Saint-André-Capcèze","code":"48135","codesPostaux":["48800"],"centre":{"type":"Point","coordinates":[3.9446,44.4167]},"surface":976.55,"population":206,"departement":{"code":"48","nom":"Lozère"},"region":{"code":"76","nom":"Occitanie"}},{"nom":"Saint-André-de-Lancize","code":"48136","codesPostaux":["48240"],"centre":{"type":"Point","coordinates":[3.7945,44.2723]},"surface":2263.34,"population":151,"departement":{"code":"48","nom":"Lozère"},"region":{"code":"76","nom":"Occitanie"}},{"nom":"Saint-Bauzile","code":"48137","codesPostaux":["48000"],"centre":{"type":"Point","coordinates":[3.4969,44.4702]},"surface":2945.61,"population":585,"departement":{"code":"48","nom":"Lozère"},"region":{"code":"76","nom":"Occitanie"}},{"nom":"Saint-Bonnet-de-Chirac","code":"48138","codesPostaux":["48100"],"centre":{"type":"Point","coordinates":[3.2745,44.5021]},"surface":760.29,"population":72,"departement":{"code":"48","nom":"Lozère"},"region":{"code":"76","nom":"Occitanie"}},{"nom":"Saint Bonnet-Laval","code":"48139","codesPostaux":["48600"],"centre":{"type":"Point","coordinates":[3.7096,44.8105]},"surface":3197.85,"population":258,"departement":{"code":"48","nom":"Lozère"},"region":{"code":"76","nom":"Occitanie"}},{"nom":"Saint-Chély-d'Apcher","code":"48140","codesPostaux":["48200"],"centre":{"type":"Point","coordinates":[3.2783,44.8144]},"surface":2820.42,"population":3955,"departement":{"code":"48","nom":"Lozère"},"region":{"code":"76","nom":"Occitanie"}},{"nom":"Mas-Saint-Chély","code":"48141","codesPostaux":["48210"],"centre":{"type":"Point","coordinates":[3.4098,44.3144]},"surface":5762.04,"population":112,"departement":{"code":"48","nom":"Lozère"},"region":{"code":"76","nom":"Occitanie"}},{"nom":"Sainte-Croix-Vallée-Française","code":"48144","codesPostaux":["48110"],"centre":{"type":"Point","coordinates":[3.7452,44.1868]},"surface":1874.92,"population":303,"departement":{"code":"48","nom":"Lozère"},"region":{"code":"76","nom":"Occitanie"}},{"nom":"Saint-Denis-en-Margeride","code":"48145","codesPostaux":["48700"],"centre":{"type":"Point","coordinates":[3.4717,44.7377]},"surface":3789.77,"population":148,"departement":{"code":"48","nom":"Lozère"},"region":{"code":"76","nom":"Occitanie"}},{"nom":"Gorges du Tarn Causses","code":"48146","codesPostaux":["48210","48320"],"centre":{"type":"Point","coordinates":[3.4574,44.3635]},"surface":14493.21,"population":881,"departement":{"code":"48","nom":"Lozère"},"region":{"code":"76","nom":"Occitanie"}},{"nom":"Saint-Étienne-du-Valdonnez","code":"48147","codesPostaux":["48000"],"centre":{"type":"Point","coordinates":[3.5811,44.4449]},"surface":5604.45,"population":644,"departement":{"code":"48","nom":"Lozère"},"region":{"code":"76","nom":"Occitanie"}},{"nom":"Saint-Étienne-Vallée-Française","code":"48148","codesPostaux":["48330"],"centre":{"type":"Point","coordinates":[3.8492,44.1736]},"surface":5064.3,"population":493,"departement":{"code":"48","nom":"Lozère"},"region":{"code":"76","nom":"Occitanie"}},{"nom":"Sainte-Eulalie","code":"48149","codesPostaux":["48120"],"centre":{"type":"Point","coordinates":[3.4912,44.7831]},"surface":2148.29,"population":37,"departement":{"code":"48","nom":"Lozère"},"region":{"code":"76","nom":"Occitanie"}},{"nom":"Saint-Flour-de-Mercoire","code":"48150","codesPostaux":["48300"],"centre":{"type":"Point","coordinates":[3.8313,44.6823]},"surface":1210.92,"population":185,"departement":{"code":"48","nom":"Lozère"},"region":{"code":"76","nom":"Occitanie"}},{"nom":"Saint-Frézal-d'Albuges","code":"48151","codesPostaux":["48170"],"centre":{"type":"Point","coordinates":[3.7653,44.5785]},"surface":1735.32,"population":62,"departement":{"code":"48","nom":"Lozère"},"region":{"code":"76","nom":"Occitanie"}},{"nom":"Ventalon en Cévennes","code":"48152","codesPostaux":["48160","48240"],"centre":{"type":"Point","coordinates":[3.8764,44.2975]},"surface":2375.38,"population":253,"departement":{"code":"48","nom":"Lozère"},"region":{"code":"76","nom":"Occitanie"}},{"nom":"Saint-Gal","code":"48153","codesPostaux":["48700"],"centre":{"type":"Point","coordinates":[3.4162,44.6678]},"surface":982.33,"population":89,"departement":{"code":"48","nom":"Lozère"},"region":{"code":"76","nom":"Occitanie"}},{"nom":"Saint-Germain-de-Calberte","code":"48155","codesPostaux":["48370"],"centre":{"type":"Point","coordinates":[3.8217,44.2263]},"surface":3862.32,"population":456,"departement":{"code":"48","nom":"Lozère"},"region":{"code":"76","nom":"Occitanie"}},{"nom":"Saint-Germain-du-Teil","code":"48156","codesPostaux":["48340"],"centre":{"type":"Point","coordinates":[3.175,44.4841]},"surface":2264.7,"population":858,"departement":{"code":"48","nom":"Lozère"},"region":{"code":"76","nom":"Occitanie"}},{"nom":"Sainte-Hélène","code":"48157","codesPostaux":["48190"],"centre":{"type":"Point","coordinates":[3.6023,44.5192]},"surface":668.94,"population":97,"departement":{"code":"48","nom":"Lozère"},"region":{"code":"76","nom":"Occitanie"}},{"nom":"Saint-Hilaire-de-Lavit","code":"48158","codesPostaux":["48160"],"centre":{"type":"Point","coordinates":[3.8551,44.2521]},"surface":1032.67,"population":104,"departement":{"code":"48","nom":"Lozère"},"region":{"code":"76","nom":"Occitanie"}},{"nom":"Saint-Jean-la-Fouillouse","code":"48160","codesPostaux":["48170"],"centre":{"type":"Point","coordinates":[3.6924,44.7053]},"surface":2918.27,"population":125,"departement":{"code":"48","nom":"Lozère"},"region":{"code":"76","nom":"Occitanie"}},{"nom":"Saint-Juéry","code":"48161","codesPostaux":["48310"],"centre":{"type":"Point","coordinates":[3.0839,44.8296]},"surface":163.64,"population":51,"departement":{"code":"48","nom":"Lozère"},"region":{"code":"76","nom":"Occitanie"}},{"nom":"Saint-Julien-des-Points","code":"48163","codesPostaux":["48160"],"centre":{"type":"Point","coordinates":[3.9611,44.2595]},"surface":377.9,"population":121,"departement":{"code":"48","nom":"Lozère"},"region":{"code":"76","nom":"Occitanie"}},{"nom":"Saint-Laurent-de-Muret","code":"48165","codesPostaux":["48100"],"centre":{"type":"Point","coordinates":[3.1752,44.6001]},"surface":4586.29,"population":193,"departement":{"code":"48","nom":"Lozère"},"region":{"code":"76","nom":"Occitanie"}},{"nom":"Cans et Cévennes","code":"48166","codesPostaux":["48400"],"centre":{"type":"Point","coordinates":[3.6443,44.2834]},"surface":4376.54,"population":282,"departement":{"code":"48","nom":"Lozère"},"region":{"code":"76","nom":"Occitanie"}},{"nom":"Saint-Laurent-de-Veyrès","code":"48167","codesPostaux":["48310"],"centre":{"type":"Point","coordinates":[3.1231,44.7662]},"surface":910.48,"population":31,"departement":{"code":"48","nom":"Lozère"},"region":{"code":"76","nom":"Occitanie"}},{"nom":"Saint-Léger-de-Peyre","code":"48168","codesPostaux":["48100"],"centre":{"type":"Point","coordinates":[3.3059,44.6048]},"surface":2699.3,"population":184,"departement":{"code":"48","nom":"Lozère"},"region":{"code":"76","nom":"Occitanie"}},{"nom":"Saint-Léger-du-Malzieu","code":"48169","codesPostaux":["48140"],"centre":{"type":"Point","coordinates":[3.3143,44.8977]},"surface":1921.43,"population":212,"departement":{"code":"48","nom":"Lozère"},"region":{"code":"76","nom":"Occitanie"}},{"nom":"Saint-Martin-de-Boubaux","code":"48170","codesPostaux":["48160"],"centre":{"type":"Point","coordinates":[3.9268,44.1927]},"surface":3123.95,"population":196,"departement":{"code":"48","nom":"Lozère"},"region":{"code":"76","nom":"Occitanie"}},{"nom":"Saint-Martin-de-Lansuscle","code":"48171","codesPostaux":["48110"],"centre":{"type":"Point","coordinates":[3.7493,44.219]},"surface":1815.43,"population":191,"departement":{"code":"48","nom":"Lozère"},"region":{"code":"76","nom":"Occitanie"}},{"nom":"Saint-Michel-de-Dèze","code":"48173","codesPostaux":["48160"],"centre":{"type":"Point","coordinates":[3.881,44.247]},"surface":1403.47,"population":226,"departement":{"code":"48","nom":"Lozère"},"region":{"code":"76","nom":"Occitanie"}},{"nom":"Saint-Paul-le-Froid","code":"48174","codesPostaux":["48600"],"centre":{"type":"Point","coordinates":[3.5404,44.7932]},"surface":4401.77,"population":132,"departement":{"code":"48","nom":"Lozère"},"region":{"code":"76","nom":"Occitanie"}},{"nom":"Saint-Pierre-de-Nogaret","code":"48175","codesPostaux":["48340"],"centre":{"type":"Point","coordinates":[3.1256,44.4896]},"surface":1639.21,"population":174,"departement":{"code":"48","nom":"Lozère"},"region":{"code":"76","nom":"Occitanie"}},{"nom":"Saint-Pierre-des-Tripiers","code":"48176","codesPostaux":["48150"],"centre":{"type":"Point","coordinates":[3.2749,44.2243]},"surface":3490.26,"population":99,"departement":{"code":"48","nom":"Lozère"},"region":{"code":"76","nom":"Occitanie"}},{"nom":"Saint-Pierre-le-Vieux","code":"48177","codesPostaux":["48200"],"centre":{"type":"Point","coordinates":[3.308,44.8438]},"surface":1501.99,"population":308,"departement":{"code":"48","nom":"Lozère"},"region":{"code":"76","nom":"Occitanie"}},{"nom":"Saint-Privat-de-Vallongue","code":"48178","codesPostaux":["48240"],"centre":{"type":"Point","coordinates":[3.8341,44.2885]},"surface":2372.53,"population":274,"departement":{"code":"48","nom":"Lozère"},"region":{"code":"76","nom":"Occitanie"}},{"nom":"Saint-Privat-du-Fau","code":"48179","codesPostaux":["48140"],"centre":{"type":"Point","coordinates":[3.3597,44.917]},"surface":2242.97,"population":115,"departement":{"code":"48","nom":"Lozère"},"region":{"code":"76","nom":"Occitanie"}},{"nom":"Saint-Saturnin","code":"48181","codesPostaux":["48500"],"centre":{"type":"Point","coordinates":[3.1949,44.4059]},"surface":921.41,"population":56,"departement":{"code":"48","nom":"Lozère"},"region":{"code":"76","nom":"Occitanie"}},{"nom":"Saint-Sauveur-de-Ginestoux","code":"48182","codesPostaux":["48170"],"centre":{"type":"Point","coordinates":[3.6076,44.71]},"surface":2230.06,"population":60,"departement":{"code":"48","nom":"Lozère"},"region":{"code":"76","nom":"Occitanie"}},{"nom":"Les Salelles","code":"48185","codesPostaux":["48230"],"centre":{"type":"Point","coordinates":[3.2764,44.484]},"surface":1059.6,"population":167,"departement":{"code":"48","nom":"Lozère"},"region":{"code":"76","nom":"Occitanie"}},{"nom":"Les Salces","code":"48187","codesPostaux":["48100"],"centre":{"type":"Point","coordinates":[3.1316,44.5568]},"surface":4609.31,"population":83,"departement":{"code":"48","nom":"Lozère"},"region":{"code":"76","nom":"Occitanie"}},{"nom":"Serverette","code":"48188","codesPostaux":["48700"],"centre":{"type":"Point","coordinates":[3.3917,44.7008]},"surface":1730.05,"population":261,"departement":{"code":"48","nom":"Lozère"},"region":{"code":"76","nom":"Occitanie"}},{"nom":"Termes","code":"48190","codesPostaux":["48310"],"centre":{"type":"Point","coordinates":[3.1683,44.8219]},"surface":1747.24,"population":214,"departement":{"code":"48","nom":"Lozère"},"region":{"code":"76","nom":"Occitanie"}},{"nom":"La Tieule","code":"48191","codesPostaux":["48500"],"centre":{"type":"Point","coordinates":[3.1691,44.3828]},"surface":2415.54,"population":94,"departement":{"code":"48","nom":"Lozère"},"region":{"code":"76","nom":"Occitanie"}},{"nom":"Trélans","code":"48192","codesPostaux":["48340"],"centre":{"type":"Point","coordinates":[3.0974,44.5244]},"surface":2326.42,"population":88,"departement":{"code":"48","nom":"Lozère"},"region":{"code":"76","nom":"Occitanie"}},{"nom":"Vebron","code":"48193","codesPostaux":["48400"],"centre":{"type":"Point","coordinates":[3.5491,44.2513]},"surface":6993.8,"population":225,"departement":{"code":"48","nom":"Lozère"},"region":{"code":"76","nom":"Occitanie"}},{"nom":"Vialas","code":"48194","codesPostaux":["48220"],"centre":{"type":"Point","coordinates":[3.893,44.3466]},"surface":4943.74,"population":447,"departement":{"code":"48","nom":"Lozère"},"region":{"code":"76","nom":"Occitanie"}},{"nom":"Villefort","code":"48198","codesPostaux":["48800"],"centre":{"type":"Point","coordinates":[3.9293,44.4429]},"surface":810.09,"population":618,"departement":{"code":"48","nom":"Lozère"},"region":{"code":"76","nom":"Occitanie"}}]