[{"nom":"Ahuillé","code":"53001","codesPostaux":["53940"],"centre":{"type":"Point","coordinates":[-0.8803,48.0221]},"surface":3056.49,"population":1852,"departement":{"code":"53","nom":"Mayenne"},"region":{"code":"52","nom":"Pays de la Loire"}},{"nom":"Alexain","code":"53002","codesPostaux":["53240"],"centre":{"type":"Point","coordinates":[-0.7399,48.2327]},"surface":1642.95,"population":610,"departement":{"code":"53","nom":"Mayenne"},"region":{"code":"52","nom":"Pays de la Loire"}},{"nom":"Ambrières-les-Vallées","code":"53003","codesPostaux":["53300"],"centre":{"type":"Point","coordinates":[-0.6268,48.4242]},"surface":3839.91,"population":2619,"departement":{"code":"53","nom":"Mayenne"},"region":{"code":"52","nom":"Pays de la Loire"}},{"nom":"Andouillé","code":"53005","codesPostaux":["53240"],"centre":{"type":"Point","coordinates":[-0.7911,48.1769]},"surface":3703.12,"population":2321,"departement":{"code":"53","nom":"Mayenne"},"region":{"code":"52","nom":"Pays de la Loire"}},{"nom":"Argentré","code":"53007","codesPostaux":["53210"],"centre":{"type":"Point","coordinates":[-0.624,48.0942]},"surface":3718.63,"population":2906,"departement":{"code":"53","nom":"Mayenne"},"region":{"code":"52","nom":"Pays de la Loire"}},{"nom":"Aron","code":"53008","codesPostaux":["53440"],"centre":{"type":"Point","coordinates":[-0.5539,48.3058]},"surface":3280.41,"population":1828,"departement":{"code":"53","nom":"Mayenne"},"region":{"code":"52","nom":"Pays de la Loire"}},{"nom":"Arquenay","code":"53009","codesPostaux":["53170"],"centre":{"type":"Point","coordinates":[-0.5932,47.9816]},"surface":2537.55,"population":674,"departement":{"code":"53","nom":"Mayenne"},"region":{"code":"52","nom":"Pays de la Loire"}},{"nom":"Assé-le-Bérenger","code":"53010","codesPostaux":["53600"],"centre":{"type":"Point","coordinates":[-0.3195,48.1553]},"surface":1192.58,"population":395,"departement":{"code":"53","nom":"Mayenne"},"region":{"code":"52","nom":"Pays de la Loire"}},{"nom":"Astillé","code":"53011","codesPostaux":["53230"],"centre":{"type":"Point","coordinates":[-0.8493,47.9593]},"surface":2102.37,"population":895,"departement":{"code":"53","nom":"Mayenne"},"region":{"code":"52","nom":"Pays de la Loire"}},{"nom":"Athée","code":"53012","codesPostaux":["53400"],"centre":{"type":"Point","coordinates":[-0.9335,47.8868]},"surface":1729.52,"population":451,"departement":{"code":"53","nom":"Mayenne"},"region":{"code":"52","nom":"Pays de la Loire"}},{"nom":"Averton","code":"53013","codesPostaux":["53700"],"centre":{"type":"Point","coordinates":[-0.2035,48.3575]},"surface":4054.05,"population":552,"departement":{"code":"53","nom":"Mayenne"},"region":{"code":"52","nom":"Pays de la Loire"}},{"nom":"La Baconnière","code":"53015","codesPostaux":["53240"],"centre":{"type":"Point","coordinates":[-0.9012,48.1765]},"surface":2782.46,"population":1965,"departement":{"code":"53","nom":"Mayenne"},"region":{"code":"52","nom":"Pays de la Loire"}},{"nom":"Bais","code":"53016","codesPostaux":["53160"],"centre":{"type":"Point","coordinates":[-0.3573,48.2485]},"surface":2636.73,"population":1222,"departement":{"code":"53","nom":"Mayenne"},"region":{"code":"52","nom":"Pays de la Loire"}},{"nom":"Val-du-Maine","code":"53017","codesPostaux":["53340"],"centre":{"type":"Point","coordinates":[-0.3801,47.9362]},"surface":2397.81,"population":952,"departement":{"code":"53","nom":"Mayenne"},"region":{"code":"52","nom":"Pays de la Loire"}},{"nom":"Ballots","code":"53018","codesPostaux":["53350"],"centre":{"type":"Point","coordinates":[-1.0561,47.9026]},"surface":3606.05,"population":1278,"departement":{"code":"53","nom":"Mayenne"},"region":{"code":"52","nom":"Pays de la Loire"}},{"nom":"Bannes","code":"53019","codesPostaux":["53340"],"centre":{"type":"Point","coordinates":[-0.3491,47.9859]},"surface":836.46,"population":119,"departement":{"code":"53","nom":"Mayenne"},"region":{"code":"52","nom":"Pays de la Loire"}},{"nom":"La Bazoge-Montpinçon","code":"53021","codesPostaux":["53440"],"centre":{"type":"Point","coordinates":[-0.5853,48.2704]},"surface":850.69,"population":953,"departement":{"code":"53","nom":"Mayenne"},"region":{"code":"52","nom":"Pays de la Loire"}},{"nom":"La Bazouge-de-Chemeré","code":"53022","codesPostaux":["53170"],"centre":{"type":"Point","coordinates":[-0.5028,48.0041]},"surface":2509.63,"population":497,"departement":{"code":"53","nom":"Mayenne"},"region":{"code":"52","nom":"Pays de la Loire"}},{"nom":"La Bazouge-des-Alleux","code":"53023","codesPostaux":["53470"],"centre":{"type":"Point","coordinates":[-0.602,48.1883]},"surface":1815.84,"population":558,"departement":{"code":"53","nom":"Mayenne"},"region":{"code":"52","nom":"Pays de la Loire"}},{"nom":"Bazougers","code":"53025","codesPostaux":["53170"],"centre":{"type":"Point","coordinates":[-0.6002,48.03]},"surface":3197.21,"population":1079,"departement":{"code":"53","nom":"Mayenne"},"region":{"code":"52","nom":"Pays de la Loire"}},{"nom":"Beaulieu-sur-Oudon","code":"53026","codesPostaux":["53320"],"centre":{"type":"Point","coordinates":[-0.9848,47.9941]},"surface":2019.9,"population":483,"departement":{"code":"53","nom":"Mayenne"},"region":{"code":"52","nom":"Pays de la Loire"}},{"nom":"Beaumont-Pied-de-Bœuf","code":"53027","codesPostaux":["53290"],"centre":{"type":"Point","coordinates":[-0.4435,47.9111]},"surface":1362.3,"population":203,"departement":{"code":"53","nom":"Mayenne"},"region":{"code":"52","nom":"Pays de la Loire"}},{"nom":"Belgeard","code":"53028","codesPostaux":["53440"],"centre":{"type":"Point","coordinates":[-0.5635,48.2545]},"surface":1309.3,"population":555,"departement":{"code":"53","nom":"Mayenne"},"region":{"code":"52","nom":"Pays de la Loire"}},{"nom":"Bierné-les-Villages","code":"53029","codesPostaux":["53290"],"centre":{"type":"Point","coordinates":[-0.5633,47.7918]},"surface":4818.07,"population":1285,"departement":{"code":"53","nom":"Mayenne"},"region":{"code":"52","nom":"Pays de la Loire"}},{"nom":"Le Bignon-du-Maine","code":"53030","codesPostaux":["53170"],"centre":{"type":"Point","coordinates":[-0.6307,47.954]},"surface":1450.48,"population":322,"departement":{"code":"53","nom":"Mayenne"},"region":{"code":"52","nom":"Pays de la Loire"}},{"nom":"La Bigottière","code":"53031","codesPostaux":["53240"],"centre":{"type":"Point","coordinates":[-0.798,48.221]},"surface":1866.74,"population":489,"departement":{"code":"53","nom":"Mayenne"},"region":{"code":"52","nom":"Pays de la Loire"}},{"nom":"La Boissière","code":"53033","codesPostaux":["53800"],"centre":{"type":"Point","coordinates":[-0.9788,47.773]},"surface":631.35,"population":115,"departement":{"code":"53","nom":"Mayenne"},"region":{"code":"52","nom":"Pays de la Loire"}},{"nom":"Bonchamp-lès-Laval","code":"53034","codesPostaux":["53960"],"centre":{"type":"Point","coordinates":[-0.6996,48.0715]},"surface":2756.04,"population":6302,"departement":{"code":"53","nom":"Mayenne"},"region":{"code":"52","nom":"Pays de la Loire"}},{"nom":"Bouchamps-lès-Craon","code":"53035","codesPostaux":["53800"],"centre":{"type":"Point","coordinates":[-0.9851,47.8075]},"surface":1815.46,"population":595,"departement":{"code":"53","nom":"Mayenne"},"region":{"code":"52","nom":"Pays de la Loire"}},{"nom":"Bouère","code":"53036","codesPostaux":["53290"],"centre":{"type":"Point","coordinates":[-0.4852,47.8601]},"surface":4302.03,"population":1058,"departement":{"code":"53","nom":"Mayenne"},"region":{"code":"52","nom":"Pays de la Loire"}},{"nom":"Bouessay","code":"53037","codesPostaux":["53290"],"centre":{"type":"Point","coordinates":[-0.3939,47.8722]},"surface":935.52,"population":714,"departement":{"code":"53","nom":"Mayenne"},"region":{"code":"52","nom":"Pays de la Loire"}},{"nom":"Boulay-les-Ifs","code":"53038","codesPostaux":["53370"],"centre":{"type":"Point","coordinates":[-0.1369,48.4272]},"surface":898.22,"population":136,"departement":{"code":"53","nom":"Mayenne"},"region":{"code":"52","nom":"Pays de la Loire"}},{"nom":"Le Bourgneuf-la-Forêt","code":"53039","codesPostaux":["53410"],"centre":{"type":"Point","coordinates":[-0.9766,48.164]},"surface":2893.82,"population":1769,"departement":{"code":"53","nom":"Mayenne"},"region":{"code":"52","nom":"Pays de la Loire"}},{"nom":"Bourgon","code":"53040","codesPostaux":["53410"],"centre":{"type":"Point","coordinates":[-1.0435,48.1552]},"surface":2134.14,"population":616,"departement":{"code":"53","nom":"Mayenne"},"region":{"code":"52","nom":"Pays de la Loire"}},{"nom":"Brains-sur-les-Marches","code":"53041","codesPostaux":["53350"],"centre":{"type":"Point","coordinates":[-1.1769,47.8853]},"surface":776.86,"population":279,"departement":{"code":"53","nom":"Mayenne"},"region":{"code":"52","nom":"Pays de la Loire"}},{"nom":"Brecé","code":"53042","codesPostaux":["53120"],"centre":{"type":"Point","coordinates":[-0.7738,48.391]},"surface":3533.05,"population":821,"departement":{"code":"53","nom":"Mayenne"},"region":{"code":"52","nom":"Pays de la Loire"}},{"nom":"Brée","code":"53043","codesPostaux":["53150"],"centre":{"type":"Point","coordinates":[-0.5194,48.157]},"surface":1659.69,"population":591,"departement":{"code":"53","nom":"Mayenne"},"region":{"code":"52","nom":"Pays de la Loire"}},{"nom":"La Brûlatte","code":"53045","codesPostaux":["53410"],"centre":{"type":"Point","coordinates":[-0.9713,48.0899]},"surface":1551.42,"population":673,"departement":{"code":"53","nom":"Mayenne"},"region":{"code":"52","nom":"Pays de la Loire"}},{"nom":"Le Buret","code":"53046","codesPostaux":["53170"],"centre":{"type":"Point","coordinates":[-0.4991,47.92]},"surface":1290.36,"population":315,"departement":{"code":"53","nom":"Mayenne"},"region":{"code":"52","nom":"Pays de la Loire"}},{"nom":"Carelles","code":"53047","codesPostaux":["53120"],"centre":{"type":"Point","coordinates":[-0.9003,48.3916]},"surface":1305.49,"population":246,"departement":{"code":"53","nom":"Mayenne"},"region":{"code":"52","nom":"Pays de la Loire"}},{"nom":"Chailland","code":"53048","codesPostaux":["53420"],"centre":{"type":"Point","coordinates":[-0.8647,48.2269]},"surface":3581.03,"population":1187,"departement":{"code":"53","nom":"Mayenne"},"region":{"code":"52","nom":"Pays de la Loire"}},{"nom":"Châlons-du-Maine","code":"53049","codesPostaux":["53470"],"centre":{"type":"Point","coordinates":[-0.6484,48.1562]},"surface":984.8,"population":682,"departement":{"code":"53","nom":"Mayenne"},"region":{"code":"52","nom":"Pays de la Loire"}},{"nom":"Champéon","code":"53051","codesPostaux":["53640"],"centre":{"type":"Point","coordinates":[-0.5162,48.3588]},"surface":2098.09,"population":636,"departement":{"code":"53","nom":"Mayenne"},"region":{"code":"52","nom":"Pays de la Loire"}},{"nom":"Champfrémont","code":"53052","codesPostaux":["53370"],"centre":{"type":"Point","coordinates":[-0.1062,48.433]},"surface":1304.36,"population":282,"departement":{"code":"53","nom":"Mayenne"},"region":{"code":"52","nom":"Pays de la Loire"}},{"nom":"Champgenéteux","code":"53053","codesPostaux":["53160"],"centre":{"type":"Point","coordinates":[-0.3741,48.2938]},"surface":2523.22,"population":492,"departement":{"code":"53","nom":"Mayenne"},"region":{"code":"52","nom":"Pays de la Loire"}},{"nom":"Changé","code":"53054","codesPostaux":["53810"],"centre":{"type":"Point","coordinates":[-0.7961,48.1131]},"surface":3567.23,"population":6502,"departement":{"code":"53","nom":"Mayenne"},"region":{"code":"52","nom":"Pays de la Loire"}},{"nom":"Chantrigné","code":"53055","codesPostaux":["53300"],"centre":{"type":"Point","coordinates":[-0.5521,48.4148]},"surface":1867.47,"population":599,"departement":{"code":"53","nom":"Mayenne"},"region":{"code":"52","nom":"Pays de la Loire"}},{"nom":"La Chapelle-Anthenaise","code":"53056","codesPostaux":["53950"],"centre":{"type":"Point","coordinates":[-0.6556,48.1293]},"surface":2019.78,"population":970,"departement":{"code":"53","nom":"Mayenne"},"region":{"code":"52","nom":"Pays de la Loire"}},{"nom":"La Chapelle-au-Riboul","code":"53057","codesPostaux":["53440"],"centre":{"type":"Point","coordinates":[-0.4308,48.3191]},"surface":1308.17,"population":505,"departement":{"code":"53","nom":"Mayenne"},"region":{"code":"52","nom":"Pays de la Loire"}},{"nom":"La Chapelle-Craonnaise","code":"53058","codesPostaux":["53230"],"centre":{"type":"Point","coordinates":[-0.9044,47.8998]},"surface":1047.72,"population":308,"departement":{"code":"53","nom":"Mayenne"},"region":{"code":"52","nom":"Pays de la Loire"}},{"nom":"La Chapelle-Rainsouin","code":"53059","codesPostaux":["53150"],"centre":{"type":"Point","coordinates":[-0.5354,48.0941]},"surface":1824.48,"population":412,"departement":{"code":"53","nom":"Mayenne"},"region":{"code":"52","nom":"Pays de la Loire"}},{"nom":"Charchigné","code":"53061","codesPostaux":["53250"],"centre":{"type":"Point","coordinates":[-0.4057,48.415]},"surface":1490.02,"population":459,"departement":{"code":"53","nom":"Mayenne"},"region":{"code":"52","nom":"Pays de la Loire"}},{"nom":"Château-Gontier-sur-Mayenne","code":"53062","codesPostaux":["53200"],"centre":{"type":"Point","coordinates":[-0.701,47.821]},"surface":6826.19,"population":16584,"departement":{"code":"53","nom":"Mayenne"},"region":{"code":"52","nom":"Pays de la Loire"}},{"nom":"Châtelain","code":"53063","codesPostaux":["53200"],"centre":{"type":"Point","coordinates":[-0.5998,47.8057]},"surface":1386.42,"population":470,"departement":{"code":"53","nom":"Mayenne"},"region":{"code":"52","nom":"Pays de la Loire"}},{"nom":"Châtillon-sur-Colmont","code":"53064","codesPostaux":["53100"],"centre":{"type":"Point","coordinates":[-0.7574,48.3352]},"surface":4004.97,"population":949,"departement":{"code":"53","nom":"Mayenne"},"region":{"code":"52","nom":"Pays de la Loire"}},{"nom":"Chemazé","code":"53066","codesPostaux":["53200"],"centre":{"type":"Point","coordinates":[-0.7662,47.7782]},"surface":3869.12,"population":1352,"departement":{"code":"53","nom":"Mayenne"},"region":{"code":"52","nom":"Pays de la Loire"}},{"nom":"Chémeré-le-Roi","code":"53067","codesPostaux":["53340"],"centre":{"type":"Point","coordinates":[-0.4472,47.9758]},"surface":1535.72,"population":431,"departement":{"code":"53","nom":"Mayenne"},"region":{"code":"52","nom":"Pays de la Loire"}},{"nom":"Chérancé","code":"53068","codesPostaux":["53400"],"centre":{"type":"Point","coordinates":[-0.9265,47.8006]},"surface":871.55,"population":155,"departement":{"code":"53","nom":"Mayenne"},"region":{"code":"52","nom":"Pays de la Loire"}},{"nom":"Chevaigné-du-Maine","code":"53069","codesPostaux":["53250"],"centre":{"type":"Point","coordinates":[-0.4046,48.4393]},"surface":1324.38,"population":150,"departement":{"code":"53","nom":"Mayenne"},"region":{"code":"52","nom":"Pays de la Loire"}},{"nom":"Colombiers-du-Plessis","code":"53071","codesPostaux":["53120"],"centre":{"type":"Point","coordinates":[-0.8459,48.3873]},"surface":2145.27,"population":482,"departement":{"code":"53","nom":"Mayenne"},"region":{"code":"52","nom":"Pays de la Loire"}},{"nom":"Commer","code":"53072","codesPostaux":["53470"],"centre":{"type":"Point","coordinates":[-0.6264,48.2343]},"surface":2306.63,"population":1286,"departement":{"code":"53","nom":"Mayenne"},"region":{"code":"52","nom":"Pays de la Loire"}},{"nom":"Congrier","code":"53073","codesPostaux":["53800"],"centre":{"type":"Point","coordinates":[-1.124,47.8062]},"surface":2457.42,"population":932,"departement":{"code":"53","nom":"Mayenne"},"region":{"code":"52","nom":"Pays de la Loire"}},{"nom":"Contest","code":"53074","codesPostaux":["53100"],"centre":{"type":"Point","coordinates":[-0.6924,48.2563]},"surface":2328.34,"population":834,"departement":{"code":"53","nom":"Mayenne"},"region":{"code":"52","nom":"Pays de la Loire"}},{"nom":"Cosmes","code":"53075","codesPostaux":["53230"],"centre":{"type":"Point","coordinates":[-0.8746,47.9189]},"surface":1377.62,"population":302,"departement":{"code":"53","nom":"Mayenne"},"region":{"code":"52","nom":"Pays de la Loire"}},{"nom":"Cossé-en-Champagne","code":"53076","codesPostaux":["53340"],"centre":{"type":"Point","coordinates":[-0.3233,47.9707]},"surface":2122.26,"population":299,"departement":{"code":"53","nom":"Mayenne"},"region":{"code":"52","nom":"Pays de la Loire"}},{"nom":"Cossé-le-Vivien","code":"53077","codesPostaux":["53230"],"centre":{"type":"Point","coordinates":[-0.9284,47.9452]},"surface":4488.65,"population":3174,"departement":{"code":"53","nom":"Mayenne"},"region":{"code":"52","nom":"Pays de la Loire"}},{"nom":"Coudray","code":"53078","codesPostaux":["53200"],"centre":{"type":"Point","coordinates":[-0.6374,47.7914]},"surface":1097.21,"population":869,"departement":{"code":"53","nom":"Mayenne"},"region":{"code":"52","nom":"Pays de la Loire"}},{"nom":"Couesmes-Vaucé","code":"53079","codesPostaux":["53300"],"centre":{"type":"Point","coordinates":[-0.7093,48.4479]},"surface":1913.2,"population":379,"departement":{"code":"53","nom":"Mayenne"},"region":{"code":"52","nom":"Pays de la Loire"}},{"nom":"Couptrain","code":"53080","codesPostaux":["53250"],"centre":{"type":"Point","coordinates":[-0.2918,48.4827]},"surface":69.3,"population":103,"departement":{"code":"53","nom":"Mayenne"},"region":{"code":"52","nom":"Pays de la Loire"}},{"nom":"Courbeveille","code":"53082","codesPostaux":["53230"],"centre":{"type":"Point","coordinates":[-0.8914,47.9852]},"surface":1861.86,"population":631,"departement":{"code":"53","nom":"Mayenne"},"region":{"code":"52","nom":"Pays de la Loire"}},{"nom":"Courcité","code":"53083","codesPostaux":["53700"],"centre":{"type":"Point","coordinates":[-0.2583,48.3019]},"surface":3060.82,"population":797,"departement":{"code":"53","nom":"Mayenne"},"region":{"code":"52","nom":"Pays de la Loire"}},{"nom":"Craon","code":"53084","codesPostaux":["53400"],"centre":{"type":"Point","coordinates":[-0.9396,47.8431]},"surface":2432.25,"population":4431,"departement":{"code":"53","nom":"Mayenne"},"region":{"code":"52","nom":"Pays de la Loire"}},{"nom":"Crennes-sur-Fraubée","code":"53085","codesPostaux":["53700"],"centre":{"type":"Point","coordinates":[-0.2614,48.3858]},"surface":1268.06,"population":192,"departement":{"code":"53","nom":"Mayenne"},"region":{"code":"52","nom":"Pays de la Loire"}},{"nom":"La Croixille","code":"53086","codesPostaux":["53380"],"centre":{"type":"Point","coordinates":[-1.0391,48.1968]},"surface":2016.69,"population":629,"departement":{"code":"53","nom":"Mayenne"},"region":{"code":"52","nom":"Pays de la Loire"}},{"nom":"La Cropte","code":"53087","codesPostaux":["53170"],"centre":{"type":"Point","coordinates":[-0.4911,47.9541]},"surface":1422.6,"population":235,"departement":{"code":"53","nom":"Mayenne"},"region":{"code":"52","nom":"Pays de la Loire"}},{"nom":"Cuillé","code":"53088","codesPostaux":["53540"],"centre":{"type":"Point","coordinates":[-1.1114,47.9637]},"surface":2172.73,"population":888,"departement":{"code":"53","nom":"Mayenne"},"region":{"code":"52","nom":"Pays de la Loire"}},{"nom":"Daon","code":"53089","codesPostaux":["53200"],"centre":{"type":"Point","coordinates":[-0.6335,47.7563]},"surface":1825.25,"population":543,"departement":{"code":"53","nom":"Mayenne"},"region":{"code":"52","nom":"Pays de la Loire"}},{"nom":"Denazé","code":"53090","codesPostaux":["53400"],"centre":{"type":"Point","coordinates":[-0.881,47.8818]},"surface":927.02,"population":194,"departement":{"code":"53","nom":"Mayenne"},"region":{"code":"52","nom":"Pays de la Loire"}},{"nom":"Désertines","code":"53091","codesPostaux":["53190"],"centre":{"type":"Point","coordinates":[-0.8715,48.4697]},"surface":2605.54,"population":468,"departement":{"code":"53","nom":"Mayenne"},"region":{"code":"52","nom":"Pays de la Loire"}},{"nom":"La Dorée","code":"53093","codesPostaux":["53190"],"centre":{"type":"Point","coordinates":[-0.9649,48.4489]},"surface":1799.95,"population":286,"departement":{"code":"53","nom":"Mayenne"},"region":{"code":"52","nom":"Pays de la Loire"}},{"nom":"Entrammes","code":"53094","codesPostaux":["53260"],"centre":{"type":"Point","coordinates":[-0.7149,47.9924]},"surface":2680.64,"population":2294,"departement":{"code":"53","nom":"Mayenne"},"region":{"code":"52","nom":"Pays de la Loire"}},{"nom":"Ernée","code":"53096","codesPostaux":["53500"],"centre":{"type":"Point","coordinates":[-0.9316,48.2954]},"surface":3640.67,"population":5499,"departement":{"code":"53","nom":"Mayenne"},"region":{"code":"52","nom":"Pays de la Loire"}},{"nom":"Évron","code":"53097","codesPostaux":["53150","53600"],"centre":{"type":"Point","coordinates":[-0.4328,48.1423]},"surface":6906.53,"population":8252,"departement":{"code":"53","nom":"Mayenne"},"region":{"code":"52","nom":"Pays de la Loire"}},{"nom":"Fontaine-Couverte","code":"53098","codesPostaux":["53350"],"centre":{"type":"Point","coordinates":[-1.1344,47.9124]},"surface":2167.01,"population":420,"departement":{"code":"53","nom":"Mayenne"},"region":{"code":"52","nom":"Pays de la Loire"}},{"nom":"Forcé","code":"53099","codesPostaux":["53260"],"centre":{"type":"Point","coordinates":[-0.7058,48.0291]},"surface":504.65,"population":1099,"departement":{"code":"53","nom":"Mayenne"},"region":{"code":"52","nom":"Pays de la Loire"}},{"nom":"Fougerolles-du-Plessis","code":"53100","codesPostaux":["53190"],"centre":{"type":"Point","coordinates":[-0.9499,48.4834]},"surface":3380.98,"population":1215,"departement":{"code":"53","nom":"Mayenne"},"region":{"code":"52","nom":"Pays de la Loire"}},{"nom":"Fromentières","code":"53101","codesPostaux":["53200"],"centre":{"type":"Point","coordinates":[-0.6641,47.8711]},"surface":2217.97,"population":848,"departement":{"code":"53","nom":"Mayenne"},"region":{"code":"52","nom":"Pays de la Loire"}},{"nom":"Gastines","code":"53102","codesPostaux":["53540"],"centre":{"type":"Point","coordinates":[-1.1141,47.9407]},"surface":897.61,"population":165,"departement":{"code":"53","nom":"Mayenne"},"region":{"code":"52","nom":"Pays de la Loire"}},{"nom":"Le Genest-Saint-Isle","code":"53103","codesPostaux":["53940"],"centre":{"type":"Point","coordinates":[-0.8966,48.1029]},"surface":1876.88,"population":2166,"departement":{"code":"53","nom":"Mayenne"},"region":{"code":"52","nom":"Pays de la Loire"}},{"nom":"Gennes-Longuefuye","code":"53104","codesPostaux":["53200"],"centre":{"type":"Point","coordinates":[-0.585,47.8605]},"surface":4091.08,"population":1354,"departement":{"code":"53","nom":"Mayenne"},"region":{"code":"52","nom":"Pays de la Loire"}},{"nom":"Gesnes","code":"53105","codesPostaux":["53150"],"centre":{"type":"Point","coordinates":[-0.5944,48.1509]},"surface":1119.68,"population":249,"departement":{"code":"53","nom":"Mayenne"},"region":{"code":"52","nom":"Pays de la Loire"}},{"nom":"Gesvres","code":"53106","codesPostaux":["53370"],"centre":{"type":"Point","coordinates":[-0.1644,48.3722]},"surface":2166.38,"population":539,"departement":{"code":"53","nom":"Mayenne"},"region":{"code":"52","nom":"Pays de la Loire"}},{"nom":"Gorron","code":"53107","codesPostaux":["53120"],"centre":{"type":"Point","coordinates":[-0.7969,48.4209]},"surface":1482.68,"population":2440,"departement":{"code":"53","nom":"Mayenne"},"region":{"code":"52","nom":"Pays de la Loire"}},{"nom":"La Gravelle","code":"53108","codesPostaux":["53410"],"centre":{"type":"Point","coordinates":[-1.027,48.0768]},"surface":625.95,"population":557,"departement":{"code":"53","nom":"Mayenne"},"region":{"code":"52","nom":"Pays de la Loire"}},{"nom":"Grazay","code":"53109","codesPostaux":["53440"],"centre":{"type":"Point","coordinates":[-0.4766,48.2871]},"surface":1681.9,"population":629,"departement":{"code":"53","nom":"Mayenne"},"region":{"code":"52","nom":"Pays de la Loire"}},{"nom":"Grez-en-Bouère","code":"53110","codesPostaux":["53290"],"centre":{"type":"Point","coordinates":[-0.5403,47.8709]},"surface":2764.77,"population":980,"departement":{"code":"53","nom":"Mayenne"},"region":{"code":"52","nom":"Pays de la Loire"}},{"nom":"La Haie-Traversaine","code":"53111","codesPostaux":["53300"],"centre":{"type":"Point","coordinates":[-0.6108,48.3576]},"surface":1178.01,"population":468,"departement":{"code":"53","nom":"Mayenne"},"region":{"code":"52","nom":"Pays de la Loire"}},{"nom":"Le Ham","code":"53112","codesPostaux":["53250"],"centre":{"type":"Point","coordinates":[-0.3525,48.3767]},"surface":2511.04,"population":338,"departement":{"code":"53","nom":"Mayenne"},"region":{"code":"52","nom":"Pays de la Loire"}},{"nom":"Hambers","code":"53113","codesPostaux":["53160"],"centre":{"type":"Point","coordinates":[-0.4274,48.2534]},"surface":2612.89,"population":624,"departement":{"code":"53","nom":"Mayenne"},"region":{"code":"52","nom":"Pays de la Loire"}},{"nom":"Hardanges","code":"53114","codesPostaux":["53640"],"centre":{"type":"Point","coordinates":[-0.4091,48.3365]},"surface":1845.92,"population":169,"departement":{"code":"53","nom":"Mayenne"},"region":{"code":"52","nom":"Pays de la Loire"}},{"nom":"Hercé","code":"53115","codesPostaux":["53120"],"centre":{"type":"Point","coordinates":[-0.8638,48.4221]},"surface":1027.23,"population":297,"departement":{"code":"53","nom":"Mayenne"},"region":{"code":"52","nom":"Pays de la Loire"}},{"nom":"Le Horps","code":"53116","codesPostaux":["53640"],"centre":{"type":"Point","coordinates":[-0.4628,48.3878]},"surface":2316.28,"population":716,"departement":{"code":"53","nom":"Mayenne"},"region":{"code":"52","nom":"Pays de la Loire"}},{"nom":"Houssay","code":"53117","codesPostaux":["53360"],"centre":{"type":"Point","coordinates":[-0.7452,47.9124]},"surface":1407.17,"population":493,"departement":{"code":"53","nom":"Mayenne"},"region":{"code":"52","nom":"Pays de la Loire"}},{"nom":"Le Housseau-Brétignolles","code":"53118","codesPostaux":["53110"],"centre":{"type":"Point","coordinates":[-0.5424,48.473]},"surface":935.63,"population":231,"departement":{"code":"53","nom":"Mayenne"},"region":{"code":"52","nom":"Pays de la Loire"}},{"nom":"L'Huisserie","code":"53119","codesPostaux":["53970"],"centre":{"type":"Point","coordinates":[-0.7704,48.0147]},"surface":1512.88,"population":4672,"departement":{"code":"53","nom":"Mayenne"},"region":{"code":"52","nom":"Pays de la Loire"}},{"nom":"Izé","code":"53120","codesPostaux":["53160"],"centre":{"type":"Point","coordinates":[-0.2986,48.2237]},"surface":2846.04,"population":464,"departement":{"code":"53","nom":"Mayenne"},"region":{"code":"52","nom":"Pays de la Loire"}},{"nom":"Javron-les-Chapelles","code":"53121","codesPostaux":["53250"],"centre":{"type":"Point","coordinates":[-0.3257,48.4229]},"surface":3856.14,"population":1314,"departement":{"code":"53","nom":"Mayenne"},"region":{"code":"52","nom":"Pays de la Loire"}},{"nom":"Jublains","code":"53122","codesPostaux":["53160"],"centre":{"type":"Point","coordinates":[-0.4941,48.2442]},"surface":3646.88,"population":747,"departement":{"code":"53","nom":"Mayenne"},"region":{"code":"52","nom":"Pays de la Loire"}},{"nom":"Juvigné","code":"53123","codesPostaux":["53380"],"centre":{"type":"Point","coordinates":[-1.028,48.2342]},"surface":6251,"population":1327,"departement":{"code":"53","nom":"Mayenne"},"region":{"code":"52","nom":"Pays de la Loire"}},{"nom":"Prée-d'Anjou","code":"53124","codesPostaux":["53200"],"centre":{"type":"Point","coordinates":[-0.8273,47.8212]},"surface":4288.41,"population":1381,"departement":{"code":"53","nom":"Mayenne"},"region":{"code":"52","nom":"Pays de la Loire"}},{"nom":"Landivy","code":"53125","codesPostaux":["53190"],"centre":{"type":"Point","coordinates":[-1.0365,48.4811]},"surface":2905.52,"population":1094,"departement":{"code":"53","nom":"Mayenne"},"region":{"code":"52","nom":"Pays de la Loire"}},{"nom":"Larchamp","code":"53126","codesPostaux":["53220"],"centre":{"type":"Point","coordinates":[-1.003,48.3492]},"surface":4136.68,"population":1001,"departement":{"code":"53","nom":"Mayenne"},"region":{"code":"52","nom":"Pays de la Loire"}},{"nom":"Lassay-les-Châteaux","code":"53127","codesPostaux":["53110"],"centre":{"type":"Point","coordinates":[-0.5059,48.446]},"surface":5836.48,"population":2247,"departement":{"code":"53","nom":"Mayenne"},"region":{"code":"52","nom":"Pays de la Loire"}},{"nom":"Laubrières","code":"53128","codesPostaux":["53540"],"centre":{"type":"Point","coordinates":[-1.0691,47.9478]},"surface":854.2,"population":324,"departement":{"code":"53","nom":"Mayenne"},"region":{"code":"52","nom":"Pays de la Loire"}},{"nom":"Launay-Villiers","code":"53129","codesPostaux":["53410"],"centre":{"type":"Point","coordinates":[-1.0084,48.1363]},"surface":943.41,"population":350,"departement":{"code":"53","nom":"Mayenne"},"region":{"code":"52","nom":"Pays de la Loire"}},{"nom":"Laval","code":"53130","codesPostaux":["53000"],"centre":{"type":"Point","coordinates":[-0.7692,48.0578]},"surface":3417.6,"population":49400,"departement":{"code":"53","nom":"Mayenne"},"region":{"code":"52","nom":"Pays de la Loire"}},{"nom":"Lesbois","code":"53131","codesPostaux":["53120"],"centre":{"type":"Point","coordinates":[-0.7933,48.4519]},"surface":597.11,"population":179,"departement":{"code":"53","nom":"Mayenne"},"region":{"code":"52","nom":"Pays de la Loire"}},{"nom":"Levaré","code":"53132","codesPostaux":["53120"],"centre":{"type":"Point","coordinates":[-0.899,48.416]},"surface":1174.39,"population":269,"departement":{"code":"53","nom":"Mayenne"},"region":{"code":"52","nom":"Pays de la Loire"}},{"nom":"Lignières-Orgères","code":"53133","codesPostaux":["53140"],"centre":{"type":"Point","coordinates":[-0.2096,48.5331]},"surface":4116.76,"population":719,"departement":{"code":"53","nom":"Mayenne"},"region":{"code":"52","nom":"Pays de la Loire"}},{"nom":"Livet","code":"53134","codesPostaux":["53150"],"centre":{"type":"Point","coordinates":[-0.4613,48.1126]},"surface":1129.48,"population":191,"departement":{"code":"53","nom":"Mayenne"},"region":{"code":"52","nom":"Pays de la Loire"}},{"nom":"Livré-la-Touche","code":"53135","codesPostaux":["53400"],"centre":{"type":"Point","coordinates":[-0.995,47.8906]},"surface":3006.84,"population":729,"departement":{"code":"53","nom":"Mayenne"},"region":{"code":"52","nom":"Pays de la Loire"}},{"nom":"La Roche-Neuville","code":"53136","codesPostaux":["53200","53360"],"centre":{"type":"Point","coordinates":[-0.7363,47.8773]},"surface":2842.97,"population":1240,"departement":{"code":"53","nom":"Mayenne"},"region":{"code":"52","nom":"Pays de la Loire"}},{"nom":"Loiron-Ruillé","code":"53137","codesPostaux":["53320"],"centre":{"type":"Point","coordinates":[-0.942,48.062]},"surface":4005.72,"population":2758,"departement":{"code":"53","nom":"Mayenne"},"region":{"code":"52","nom":"Pays de la Loire"}},{"nom":"Loupfougères","code":"53139","codesPostaux":["53700"],"centre":{"type":"Point","coordinates":[-0.3541,48.3343]},"surface":1865.9,"population":408,"departement":{"code":"53","nom":"Mayenne"},"region":{"code":"52","nom":"Pays de la Loire"}},{"nom":"Louverné","code":"53140","codesPostaux":["53950"],"centre":{"type":"Point","coordinates":[-0.7119,48.1256]},"surface":2081.83,"population":4344,"departement":{"code":"53","nom":"Mayenne"},"region":{"code":"52","nom":"Pays de la Loire"}},{"nom":"Louvigné","code":"53141","codesPostaux":["53210"],"centre":{"type":"Point","coordinates":[-0.6347,48.0544]},"surface":1272.52,"population":1193,"departement":{"code":"53","nom":"Mayenne"},"region":{"code":"52","nom":"Pays de la Loire"}},{"nom":"Madré","code":"53142","codesPostaux":["53250"],"centre":{"type":"Point","coordinates":[-0.3713,48.4699]},"surface":1770.15,"population":280,"departement":{"code":"53","nom":"Mayenne"},"region":{"code":"52","nom":"Pays de la Loire"}},{"nom":"Maisoncelles-du-Maine","code":"53143","codesPostaux":["53170"],"centre":{"type":"Point","coordinates":[-0.6574,47.9677]},"surface":1596.39,"population":506,"departement":{"code":"53","nom":"Mayenne"},"region":{"code":"52","nom":"Pays de la Loire"}},{"nom":"Marcillé-la-Ville","code":"53144","codesPostaux":["53440"],"centre":{"type":"Point","coordinates":[-0.4821,48.3271]},"surface":2716.61,"population":758,"departement":{"code":"53","nom":"Mayenne"},"region":{"code":"52","nom":"Pays de la Loire"}},{"nom":"Marigné-Peuton","code":"53145","codesPostaux":["53200"],"centre":{"type":"Point","coordinates":[-0.801,47.8544]},"surface":1658.05,"population":543,"departement":{"code":"53","nom":"Mayenne"},"region":{"code":"52","nom":"Pays de la Loire"}},{"nom":"Martigné-sur-Mayenne","code":"53146","codesPostaux":["53470"],"centre":{"type":"Point","coordinates":[-0.6611,48.2014]},"surface":3186.04,"population":1902,"departement":{"code":"53","nom":"Mayenne"},"region":{"code":"52","nom":"Pays de la Loire"}},{"nom":"Mayenne","code":"53147","codesPostaux":["53100"],"centre":{"type":"Point","coordinates":[-0.614,48.3066]},"surface":2017,"population":12883,"departement":{"code":"53","nom":"Mayenne"},"region":{"code":"52","nom":"Pays de la Loire"}},{"nom":"Mée","code":"53148","codesPostaux":["53400"],"centre":{"type":"Point","coordinates":[-0.8678,47.8026]},"surface":872.42,"population":226,"departement":{"code":"53","nom":"Mayenne"},"region":{"code":"52","nom":"Pays de la Loire"}},{"nom":"Ménil","code":"53150","codesPostaux":["53200"],"centre":{"type":"Point","coordinates":[-0.6863,47.7707]},"surface":2851.79,"population":923,"departement":{"code":"53","nom":"Mayenne"},"region":{"code":"52","nom":"Pays de la Loire"}},{"nom":"Méral","code":"53151","codesPostaux":["53230"],"centre":{"type":"Point","coordinates":[-1.0187,47.9549]},"surface":2970.08,"population":1053,"departement":{"code":"53","nom":"Mayenne"},"region":{"code":"52","nom":"Pays de la Loire"}},{"nom":"Meslay-du-Maine","code":"53152","codesPostaux":["53170"],"centre":{"type":"Point","coordinates":[-0.5604,47.9451]},"surface":2451.26,"population":2779,"departement":{"code":"53","nom":"Mayenne"},"region":{"code":"52","nom":"Pays de la Loire"}},{"nom":"Mézangers","code":"53153","codesPostaux":["53600"],"centre":{"type":"Point","coordinates":[-0.4547,48.2013]},"surface":2956.61,"population":627,"departement":{"code":"53","nom":"Mayenne"},"region":{"code":"52","nom":"Pays de la Loire"}},{"nom":"Montaudin","code":"53154","codesPostaux":["53220"],"centre":{"type":"Point","coordinates":[-0.9872,48.3821]},"surface":2189.87,"population":879,"departement":{"code":"53","nom":"Mayenne"},"region":{"code":"52","nom":"Pays de la Loire"}},{"nom":"Montenay","code":"53155","codesPostaux":["53500"],"centre":{"type":"Point","coordinates":[-0.8928,48.2894]},"surface":3776.54,"population":1291,"departement":{"code":"53","nom":"Mayenne"},"region":{"code":"52","nom":"Pays de la Loire"}},{"nom":"Montflours","code":"53156","codesPostaux":["53240"],"centre":{"type":"Point","coordinates":[-0.7233,48.1714]},"surface":798.18,"population":247,"departement":{"code":"53","nom":"Mayenne"},"region":{"code":"52","nom":"Pays de la Loire"}},{"nom":"Montigné-le-Brillant","code":"53157","codesPostaux":["53970"],"centre":{"type":"Point","coordinates":[-0.8144,48.0126]},"surface":1786.72,"population":1366,"departement":{"code":"53","nom":"Mayenne"},"region":{"code":"52","nom":"Pays de la Loire"}},{"nom":"Montjean","code":"53158","codesPostaux":["53320"],"centre":{"type":"Point","coordinates":[-0.9384,48.0056]},"surface":2014.12,"population":1020,"departement":{"code":"53","nom":"Mayenne"},"region":{"code":"52","nom":"Pays de la Loire"}},{"nom":"Montreuil-Poulay","code":"53160","codesPostaux":["53640"],"centre":{"type":"Point","coordinates":[-0.5333,48.386]},"surface":1621.28,"population":373,"departement":{"code":"53","nom":"Mayenne"},"region":{"code":"52","nom":"Pays de la Loire"}},{"nom":"Montsûrs","code":"53161","codesPostaux":["53150"],"centre":{"type":"Point","coordinates":[-0.5575,48.1636]},"surface":6862.39,"population":3192,"departement":{"code":"53","nom":"Mayenne"},"region":{"code":"52","nom":"Pays de la Loire"}},{"nom":"Moulay","code":"53162","codesPostaux":["53100"],"centre":{"type":"Point","coordinates":[-0.6228,48.2662]},"surface":872.54,"population":973,"departement":{"code":"53","nom":"Mayenne"},"region":{"code":"52","nom":"Pays de la Loire"}},{"nom":"Neau","code":"53163","codesPostaux":["53150"],"centre":{"type":"Point","coordinates":[-0.474,48.1702]},"surface":1280,"population":750,"departement":{"code":"53","nom":"Mayenne"},"region":{"code":"52","nom":"Pays de la Loire"}},{"nom":"Neuilly-le-Vendin","code":"53164","codesPostaux":["53250"],"centre":{"type":"Point","coordinates":[-0.3227,48.4939]},"surface":1470.16,"population":352,"departement":{"code":"53","nom":"Mayenne"},"region":{"code":"52","nom":"Pays de la Loire"}},{"nom":"Niafles","code":"53165","codesPostaux":["53400"],"centre":{"type":"Point","coordinates":[-1.0003,47.846]},"surface":798.23,"population":344,"departement":{"code":"53","nom":"Mayenne"},"region":{"code":"52","nom":"Pays de la Loire"}},{"nom":"Nuillé-sur-Vicoin","code":"53168","codesPostaux":["53970"],"centre":{"type":"Point","coordinates":[-0.7781,47.9808]},"surface":2411.54,"population":1247,"departement":{"code":"53","nom":"Mayenne"},"region":{"code":"52","nom":"Pays de la Loire"}},{"nom":"Olivet","code":"53169","codesPostaux":["53410"],"centre":{"type":"Point","coordinates":[-0.933,48.1196]},"surface":989.26,"population":404,"departement":{"code":"53","nom":"Mayenne"},"region":{"code":"52","nom":"Pays de la Loire"}},{"nom":"Oisseau","code":"53170","codesPostaux":["53300"],"centre":{"type":"Point","coordinates":[-0.6724,48.3673]},"surface":3084.93,"population":1136,"departement":{"code":"53","nom":"Mayenne"},"region":{"code":"52","nom":"Pays de la Loire"}},{"nom":"Origné","code":"53172","codesPostaux":["53360"],"centre":{"type":"Point","coordinates":[-0.7336,47.9552]},"surface":1037.92,"population":390,"departement":{"code":"53","nom":"Mayenne"},"region":{"code":"52","nom":"Pays de la Loire"}},{"nom":"La Pallu","code":"53173","codesPostaux":["53140"],"centre":{"type":"Point","coordinates":[-0.2955,48.5056]},"surface":654.85,"population":171,"departement":{"code":"53","nom":"Mayenne"},"region":{"code":"52","nom":"Pays de la Loire"}},{"nom":"Parigné-sur-Braye","code":"53174","codesPostaux":["53100"],"centre":{"type":"Point","coordinates":[-0.6477,48.3246]},"surface":970.06,"population":848,"departement":{"code":"53","nom":"Mayenne"},"region":{"code":"52","nom":"Pays de la Loire"}},{"nom":"Parné-sur-Roc","code":"53175","codesPostaux":["53260"],"centre":{"type":"Point","coordinates":[-0.6607,48.0085]},"surface":2398.66,"population":1378,"departement":{"code":"53","nom":"Mayenne"},"region":{"code":"52","nom":"Pays de la Loire"}},{"nom":"Le Pas","code":"53176","codesPostaux":["53300"],"centre":{"type":"Point","coordinates":[-0.6969,48.4198]},"surface":2202.4,"population":517,"departement":{"code":"53","nom":"Mayenne"},"region":{"code":"52","nom":"Pays de la Loire"}},{"nom":"La Pellerine","code":"53177","codesPostaux":["53220"],"centre":{"type":"Point","coordinates":[-1.0322,48.3227]},"surface":839.3,"population":297,"departement":{"code":"53","nom":"Mayenne"},"region":{"code":"52","nom":"Pays de la Loire"}},{"nom":"Peuton","code":"53178","codesPostaux":["53360"],"centre":{"type":"Point","coordinates":[-0.8084,47.8905]},"surface":1069.03,"population":222,"departement":{"code":"53","nom":"Mayenne"},"region":{"code":"52","nom":"Pays de la Loire"}},{"nom":"Placé","code":"53179","codesPostaux":["53240"],"centre":{"type":"Point","coordinates":[-0.7767,48.267]},"surface":2569.18,"population":359,"departement":{"code":"53","nom":"Mayenne"},"region":{"code":"52","nom":"Pays de la Loire"}},{"nom":"Pommerieux","code":"53180","codesPostaux":["53400"],"centre":{"type":"Point","coordinates":[-0.8999,47.832]},"surface":2311.77,"population":667,"departement":{"code":"53","nom":"Mayenne"},"region":{"code":"52","nom":"Pays de la Loire"}},{"nom":"Pontmain","code":"53181","codesPostaux":["53220"],"centre":{"type":"Point","coordinates":[-1.0628,48.4368]},"surface":590.8,"population":809,"departement":{"code":"53","nom":"Mayenne"},"region":{"code":"52","nom":"Pays de la Loire"}},{"nom":"Port-Brillet","code":"53182","codesPostaux":["53410"],"centre":{"type":"Point","coordinates":[-0.9662,48.124]},"surface":822.12,"population":1827,"departement":{"code":"53","nom":"Mayenne"},"region":{"code":"52","nom":"Pays de la Loire"}},{"nom":"Préaux","code":"53184","codesPostaux":["53340"],"centre":{"type":"Point","coordinates":[-0.4681,47.9392]},"surface":981.08,"population":158,"departement":{"code":"53","nom":"Mayenne"},"region":{"code":"52","nom":"Pays de la Loire"}},{"nom":"Pré-en-Pail-Saint-Samson","code":"53185","codesPostaux":["53140"],"centre":{"type":"Point","coordinates":[-0.1993,48.4529]},"surface":5796.48,"population":2273,"departement":{"code":"53","nom":"Mayenne"},"region":{"code":"52","nom":"Pays de la Loire"}},{"nom":"Quelaines-Saint-Gault","code":"53186","codesPostaux":["53360"],"centre":{"type":"Point","coordinates":[-0.8042,47.924]},"surface":4265.16,"population":2152,"departement":{"code":"53","nom":"Mayenne"},"region":{"code":"52","nom":"Pays de la Loire"}},{"nom":"Ravigny","code":"53187","codesPostaux":["53370"],"centre":{"type":"Point","coordinates":[-0.0702,48.4438]},"surface":656.94,"population":232,"departement":{"code":"53","nom":"Mayenne"},"region":{"code":"52","nom":"Pays de la Loire"}},{"nom":"Renazé","code":"53188","codesPostaux":["53800"],"centre":{"type":"Point","coordinates":[-1.0363,47.7846]},"surface":1676.21,"population":2504,"departement":{"code":"53","nom":"Mayenne"},"region":{"code":"52","nom":"Pays de la Loire"}},{"nom":"Rennes-en-Grenouilles","code":"53189","codesPostaux":["53110"],"centre":{"type":"Point","coordinates":[-0.5066,48.4885]},"surface":804.27,"population":112,"departement":{"code":"53","nom":"Mayenne"},"region":{"code":"52","nom":"Pays de la Loire"}},{"nom":"Le Ribay","code":"53190","codesPostaux":["53640"],"centre":{"type":"Point","coordinates":[-0.4134,48.3802]},"surface":1714.46,"population":463,"departement":{"code":"53","nom":"Mayenne"},"region":{"code":"52","nom":"Pays de la Loire"}},{"nom":"La Roë","code":"53191","codesPostaux":["53350"],"centre":{"type":"Point","coordinates":[-1.1072,47.8932]},"surface":877.34,"population":248,"departement":{"code":"53","nom":"Mayenne"},"region":{"code":"52","nom":"Pays de la Loire"}},{"nom":"La Rouaudière","code":"53192","codesPostaux":["53390"],"centre":{"type":"Point","coordinates":[-1.1858,47.8383]},"surface":1926.88,"population":320,"departement":{"code":"53","nom":"Mayenne"},"region":{"code":"52","nom":"Pays de la Loire"}},{"nom":"Ruillé-Froid-Fonds","code":"53193","codesPostaux":["53170"],"centre":{"type":"Point","coordinates":[-0.6249,47.9044]},"surface":2381.6,"population":583,"departement":{"code":"53","nom":"Mayenne"},"region":{"code":"52","nom":"Pays de la Loire"}},{"nom":"Sacé","code":"53195","codesPostaux":["53470"],"centre":{"type":"Point","coordinates":[-0.7038,48.1795]},"surface":1247.57,"population":472,"departement":{"code":"53","nom":"Mayenne"},"region":{"code":"52","nom":"Pays de la Loire"}},{"nom":"Saint-Aignan-de-Couptrain","code":"53196","codesPostaux":["53250"],"centre":{"type":"Point","coordinates":[-0.2966,48.4575]},"surface":1726.07,"population":349,"departement":{"code":"53","nom":"Mayenne"},"region":{"code":"52","nom":"Pays de la Loire"}},{"nom":"Saint-Aignan-sur-Roë","code":"53197","codesPostaux":["53390"],"centre":{"type":"Point","coordinates":[-1.1487,47.8469]},"surface":1823.22,"population":949,"departement":{"code":"53","nom":"Mayenne"},"region":{"code":"52","nom":"Pays de la Loire"}},{"nom":"Saint-Aubin-du-Désert","code":"53198","codesPostaux":["53700"],"centre":{"type":"Point","coordinates":[-0.1886,48.3142]},"surface":1268.48,"population":227,"departement":{"code":"53","nom":"Mayenne"},"region":{"code":"52","nom":"Pays de la Loire"}},{"nom":"Saint-Aubin-Fosse-Louvain","code":"53199","codesPostaux":["53120"],"centre":{"type":"Point","coordinates":[-0.8387,48.4465]},"surface":1451.66,"population":209,"departement":{"code":"53","nom":"Mayenne"},"region":{"code":"52","nom":"Pays de la Loire"}},{"nom":"Saint-Baudelle","code":"53200","codesPostaux":["53100"],"centre":{"type":"Point","coordinates":[-0.6514,48.2871]},"surface":729.58,"population":1189,"departement":{"code":"53","nom":"Mayenne"},"region":{"code":"52","nom":"Pays de la Loire"}},{"nom":"Saint-Berthevin","code":"53201","codesPostaux":["53940"],"centre":{"type":"Point","coordinates":[-0.8462,48.0739]},"surface":3219.26,"population":7479,"departement":{"code":"53","nom":"Mayenne"},"region":{"code":"52","nom":"Pays de la Loire"}},{"nom":"Saint-Berthevin-la-Tannière","code":"53202","codesPostaux":["53220"],"centre":{"type":"Point","coordinates":[-0.9539,48.4084]},"surface":1777.98,"population":308,"departement":{"code":"53","nom":"Mayenne"},"region":{"code":"52","nom":"Pays de la Loire"}},{"nom":"Saint-Brice","code":"53203","codesPostaux":["53290"],"centre":{"type":"Point","coordinates":[-0.4388,47.8612]},"surface":1326.47,"population":517,"departement":{"code":"53","nom":"Mayenne"},"region":{"code":"52","nom":"Pays de la Loire"}},{"nom":"Saint-Calais-du-Désert","code":"53204","codesPostaux":["53140"],"centre":{"type":"Point","coordinates":[-0.2495,48.4916]},"surface":1723.43,"population":396,"departement":{"code":"53","nom":"Mayenne"},"region":{"code":"52","nom":"Pays de la Loire"}},{"nom":"Saint-Charles-la-Forêt","code":"53206","codesPostaux":["53170"],"centre":{"type":"Point","coordinates":[-0.574,47.9204]},"surface":1063.11,"population":231,"departement":{"code":"53","nom":"Mayenne"},"region":{"code":"52","nom":"Pays de la Loire"}},{"nom":"Saint-Cyr-en-Pail","code":"53208","codesPostaux":["53140"],"centre":{"type":"Point","coordinates":[-0.2518,48.4369]},"surface":2050.11,"population":500,"departement":{"code":"53","nom":"Mayenne"},"region":{"code":"52","nom":"Pays de la Loire"}},{"nom":"Saint-Cyr-le-Gravelais","code":"53209","codesPostaux":["53320"],"centre":{"type":"Point","coordinates":[-1.0041,48.0401]},"surface":2046.33,"population":567,"departement":{"code":"53","nom":"Mayenne"},"region":{"code":"52","nom":"Pays de la Loire"}},{"nom":"Saint-Denis-d'Anjou","code":"53210","codesPostaux":["53290"],"centre":{"type":"Point","coordinates":[-0.4412,47.79]},"surface":4185.31,"population":1495,"departement":{"code":"53","nom":"Mayenne"},"region":{"code":"52","nom":"Pays de la Loire"}},{"nom":"Saint-Denis-de-Gastines","code":"53211","codesPostaux":["53500"],"centre":{"type":"Point","coordinates":[-0.8738,48.3449]},"surface":4903.33,"population":1463,"departement":{"code":"53","nom":"Mayenne"},"region":{"code":"52","nom":"Pays de la Loire"}},{"nom":"Saint-Denis-du-Maine","code":"53212","codesPostaux":["53170"],"centre":{"type":"Point","coordinates":[-0.5224,47.9807]},"surface":1461.46,"population":449,"departement":{"code":"53","nom":"Mayenne"},"region":{"code":"52","nom":"Pays de la Loire"}},{"nom":"Saint-Ellier-du-Maine","code":"53213","codesPostaux":["53220"],"centre":{"type":"Point","coordinates":[-1.0408,48.4037]},"surface":1797.7,"population":508,"departement":{"code":"53","nom":"Mayenne"},"region":{"code":"52","nom":"Pays de la Loire"}},{"nom":"Saint-Erblon","code":"53214","codesPostaux":["53390"],"centre":{"type":"Point","coordinates":[-1.1578,47.7876]},"surface":555.7,"population":153,"departement":{"code":"53","nom":"Mayenne"},"region":{"code":"52","nom":"Pays de la Loire"}},{"nom":"Saint-Fraimbault-de-Prières","code":"53216","codesPostaux":["53300"],"centre":{"type":"Point","coordinates":[-0.5799,48.3472]},"surface":1693.95,"population":926,"departement":{"code":"53","nom":"Mayenne"},"region":{"code":"52","nom":"Pays de la Loire"}},{"nom":"Sainte-Gemmes-le-Robert","code":"53218","codesPostaux":["53600"],"centre":{"type":"Point","coordinates":[-0.3768,48.202]},"surface":3574.85,"population":773,"departement":{"code":"53","nom":"Mayenne"},"region":{"code":"52","nom":"Pays de la Loire"}},{"nom":"Saint-Georges-Buttavent","code":"53219","codesPostaux":["53100"],"centre":{"type":"Point","coordinates":[-0.7165,48.3046]},"surface":3703.2,"population":1367,"departement":{"code":"53","nom":"Mayenne"},"region":{"code":"52","nom":"Pays de la Loire"}},{"nom":"Saint-Georges-le-Fléchard","code":"53220","codesPostaux":["53480"],"centre":{"type":"Point","coordinates":[-0.5186,48.0338]},"surface":845.8,"population":373,"departement":{"code":"53","nom":"Mayenne"},"region":{"code":"52","nom":"Pays de la Loire"}},{"nom":"Saint-Georges-sur-Erve","code":"53221","codesPostaux":["53600"],"centre":{"type":"Point","coordinates":[-0.2974,48.1779]},"surface":2052.76,"population":393,"departement":{"code":"53","nom":"Mayenne"},"region":{"code":"52","nom":"Pays de la Loire"}},{"nom":"Saint-Germain-d'Anxure","code":"53222","codesPostaux":["53240"],"centre":{"type":"Point","coordinates":[-0.7361,48.2232]},"surface":1045.5,"population":354,"departement":{"code":"53","nom":"Mayenne"},"region":{"code":"52","nom":"Pays de la Loire"}},{"nom":"Saint-Germain-de-Coulamer","code":"53223","codesPostaux":["53700"],"centre":{"type":"Point","coordinates":[-0.1887,48.2653]},"surface":1778.95,"population":329,"departement":{"code":"53","nom":"Mayenne"},"region":{"code":"52","nom":"Pays de la Loire"}},{"nom":"Saint-Germain-le-Fouilloux","code":"53224","codesPostaux":["53240"],"centre":{"type":"Point","coordinates":[-0.8126,48.1398]},"surface":1566.75,"population":1172,"departement":{"code":"53","nom":"Mayenne"},"region":{"code":"52","nom":"Pays de la Loire"}},{"nom":"Saint-Germain-le-Guillaume","code":"53225","codesPostaux":["53240"],"centre":{"type":"Point","coordinates":[-0.8293,48.2094]},"surface":1346.98,"population":507,"departement":{"code":"53","nom":"Mayenne"},"region":{"code":"52","nom":"Pays de la Loire"}},{"nom":"Saint-Hilaire-du-Maine","code":"53226","codesPostaux":["53380"],"centre":{"type":"Point","coordinates":[-0.9235,48.2236]},"surface":3048.79,"population":797,"departement":{"code":"53","nom":"Mayenne"},"region":{"code":"52","nom":"Pays de la Loire"}},{"nom":"Blandouet-Saint Jean","code":"53228","codesPostaux":["53270"],"centre":{"type":"Point","coordinates":[-0.3608,48.048]},"surface":3649.78,"population":554,"departement":{"code":"53","nom":"Mayenne"},"region":{"code":"52","nom":"Pays de la Loire"}},{"nom":"Saint-Jean-sur-Mayenne","code":"53229","codesPostaux":["53240"],"centre":{"type":"Point","coordinates":[-0.7452,48.1422]},"surface":1803.06,"population":1732,"departement":{"code":"53","nom":"Mayenne"},"region":{"code":"52","nom":"Pays de la Loire"}},{"nom":"Saint-Julien-du-Terroux","code":"53230","codesPostaux":["53110"],"centre":{"type":"Point","coordinates":[-0.4095,48.4826]},"surface":1143.05,"population":258,"departement":{"code":"53","nom":"Mayenne"},"region":{"code":"52","nom":"Pays de la Loire"}},{"nom":"Saint-Léger","code":"53232","codesPostaux":["53480"],"centre":{"type":"Point","coordinates":[-0.4495,48.0847]},"surface":1716.57,"population":312,"departement":{"code":"53","nom":"Mayenne"},"region":{"code":"52","nom":"Pays de la Loire"}},{"nom":"Saint-Loup-du-Dorat","code":"53233","codesPostaux":["53290"],"centre":{"type":"Point","coordinates":[-0.4225,47.8823]},"surface":825.91,"population":338,"departement":{"code":"53","nom":"Mayenne"},"region":{"code":"52","nom":"Pays de la Loire"}},{"nom":"Saint-Loup-du-Gast","code":"53234","codesPostaux":["53300"],"centre":{"type":"Point","coordinates":[-0.5855,48.387]},"surface":1001.02,"population":313,"departement":{"code":"53","nom":"Mayenne"},"region":{"code":"52","nom":"Pays de la Loire"}},{"nom":"Sainte-Marie-du-Bois","code":"53235","codesPostaux":["53110"],"centre":{"type":"Point","coordinates":[-0.4846,48.4674]},"surface":1140.37,"population":226,"departement":{"code":"53","nom":"Mayenne"},"region":{"code":"52","nom":"Pays de la Loire"}},{"nom":"Saint-Mars-du-Désert","code":"53236","codesPostaux":["53700"],"centre":{"type":"Point","coordinates":[-0.1819,48.2955]},"surface":1186.62,"population":162,"departement":{"code":"53","nom":"Mayenne"},"region":{"code":"52","nom":"Pays de la Loire"}},{"nom":"Saint-Mars-sur-Colmont","code":"53237","codesPostaux":["53300"],"centre":{"type":"Point","coordinates":[-0.707,48.3855]},"surface":1671.67,"population":440,"departement":{"code":"53","nom":"Mayenne"},"region":{"code":"52","nom":"Pays de la Loire"}},{"nom":"Saint-Mars-sur-la-Futaie","code":"53238","codesPostaux":["53220"],"centre":{"type":"Point","coordinates":[-1.0095,48.4319]},"surface":2239.86,"population":522,"departement":{"code":"53","nom":"Mayenne"},"region":{"code":"52","nom":"Pays de la Loire"}},{"nom":"Saint-Martin-du-Limet","code":"53240","codesPostaux":["53800"],"centre":{"type":"Point","coordinates":[-1.0294,47.8143]},"surface":1230.24,"population":420,"departement":{"code":"53","nom":"Mayenne"},"region":{"code":"52","nom":"Pays de la Loire"}},{"nom":"Saint-Michel-de-la-Roë","code":"53242","codesPostaux":["53350"],"centre":{"type":"Point","coordinates":[-1.1277,47.87]},"surface":1321.33,"population":252,"departement":{"code":"53","nom":"Mayenne"},"region":{"code":"52","nom":"Pays de la Loire"}},{"nom":"Saint-Ouën-des-Toits","code":"53243","codesPostaux":["53410"],"centre":{"type":"Point","coordinates":[-0.8991,48.141]},"surface":2121.83,"population":1785,"departement":{"code":"53","nom":"Mayenne"},"region":{"code":"52","nom":"Pays de la Loire"}},{"nom":"Saint-Pierre-des-Landes","code":"53245","codesPostaux":["53500"],"centre":{"type":"Point","coordinates":[-1.0295,48.2894]},"surface":4217.37,"population":923,"departement":{"code":"53","nom":"Mayenne"},"region":{"code":"52","nom":"Pays de la Loire"}},{"nom":"Saint-Pierre-des-Nids","code":"53246","codesPostaux":["53370"],"centre":{"type":"Point","coordinates":[-0.1175,48.4]},"surface":3712.53,"population":1748,"departement":{"code":"53","nom":"Mayenne"},"region":{"code":"52","nom":"Pays de la Loire"}},{"nom":"Saint-Pierre-la-Cour","code":"53247","codesPostaux":["53410"],"centre":{"type":"Point","coordinates":[-1.0188,48.1083]},"surface":1602.66,"population":2320,"departement":{"code":"53","nom":"Mayenne"},"region":{"code":"52","nom":"Pays de la Loire"}},{"nom":"Saint-Pierre-sur-Erve","code":"53248","codesPostaux":["53270"],"centre":{"type":"Point","coordinates":[-0.4098,48.0112]},"surface":969.41,"population":130,"departement":{"code":"53","nom":"Mayenne"},"region":{"code":"52","nom":"Pays de la Loire"}},{"nom":"Vimartin-sur-Orthe","code":"53249","codesPostaux":["53160"],"centre":{"type":"Point","coordinates":[-0.2144,48.2169]},"surface":7203.73,"population":1100,"departement":{"code":"53","nom":"Mayenne"},"region":{"code":"52","nom":"Pays de la Loire"}},{"nom":"Saint-Poix","code":"53250","codesPostaux":["53540"],"centre":{"type":"Point","coordinates":[-1.0472,47.9646]},"surface":749.2,"population":383,"departement":{"code":"53","nom":"Mayenne"},"region":{"code":"52","nom":"Pays de la Loire"}},{"nom":"Saint-Quentin-les-Anges","code":"53251","codesPostaux":["53400"],"centre":{"type":"Point","coordinates":[-0.8838,47.7766]},"surface":1784.82,"population":472,"departement":{"code":"53","nom":"Mayenne"},"region":{"code":"52","nom":"Pays de la Loire"}},{"nom":"Saint-Saturnin-du-Limet","code":"53253","codesPostaux":["53800"],"centre":{"type":"Point","coordinates":[-1.0915,47.8135]},"surface":1071.46,"population":515,"departement":{"code":"53","nom":"Mayenne"},"region":{"code":"52","nom":"Pays de la Loire"}},{"nom":"Sainte-Suzanne-et-Chammes","code":"53255","codesPostaux":["53270"],"centre":{"type":"Point","coordinates":[-0.3821,48.0917]},"surface":4394.95,"population":1175,"departement":{"code":"53","nom":"Mayenne"},"region":{"code":"52","nom":"Pays de la Loire"}},{"nom":"Saint-Thomas-de-Courceriers","code":"53256","codesPostaux":["53160"],"centre":{"type":"Point","coordinates":[-0.2594,48.2595]},"surface":1304.72,"population":166,"departement":{"code":"53","nom":"Mayenne"},"region":{"code":"52","nom":"Pays de la Loire"}},{"nom":"Saulges","code":"53257","codesPostaux":["53340"],"centre":{"type":"Point","coordinates":[-0.4103,47.9769]},"surface":2191.95,"population":329,"departement":{"code":"53","nom":"Mayenne"},"region":{"code":"52","nom":"Pays de la Loire"}},{"nom":"La Selle-Craonnaise","code":"53258","codesPostaux":["53800"],"centre":{"type":"Point","coordinates":[-1.0591,47.8446]},"surface":2937.82,"population":895,"departement":{"code":"53","nom":"Mayenne"},"region":{"code":"52","nom":"Pays de la Loire"}},{"nom":"Senonnes","code":"53259","codesPostaux":["53390"],"centre":{"type":"Point","coordinates":[-1.2007,47.8045]},"surface":1323.78,"population":392,"departement":{"code":"53","nom":"Mayenne"},"region":{"code":"52","nom":"Pays de la Loire"}},{"nom":"Simplé","code":"53260","codesPostaux":["53360"],"centre":{"type":"Point","coordinates":[-0.8526,47.8835]},"surface":920.08,"population":380,"departement":{"code":"53","nom":"Mayenne"},"region":{"code":"52","nom":"Pays de la Loire"}},{"nom":"Soucé","code":"53261","codesPostaux":["53300"],"centre":{"type":"Point","coordinates":[-0.6708,48.4689]},"surface":665.07,"population":139,"departement":{"code":"53","nom":"Mayenne"},"region":{"code":"52","nom":"Pays de la Loire"}},{"nom":"Soulgé-sur-Ouette","code":"53262","codesPostaux":["53210"],"centre":{"type":"Point","coordinates":[-0.5608,48.0634]},"surface":2319.02,"population":1063,"departement":{"code":"53","nom":"Mayenne"},"region":{"code":"52","nom":"Pays de la Loire"}},{"nom":"Thubœuf","code":"53263","codesPostaux":["53110"],"centre":{"type":"Point","coordinates":[-0.4554,48.4943]},"surface":1411.55,"population":271,"departement":{"code":"53","nom":"Mayenne"},"region":{"code":"52","nom":"Pays de la Loire"}},{"nom":"Thorigné-en-Charnie","code":"53264","codesPostaux":["53270"],"centre":{"type":"Point","coordinates":[-0.3584,48.0074]},"surface":1735.07,"population":191,"departement":{"code":"53","nom":"Mayenne"},"region":{"code":"52","nom":"Pays de la Loire"}},{"nom":"Torcé-Viviers-en-Charnie","code":"53265","codesPostaux":["53270"],"centre":{"type":"Point","coordinates":[-0.2733,48.0981]},"surface":4894.98,"population":768,"departement":{"code":"53","nom":"Mayenne"},"region":{"code":"52","nom":"Pays de la Loire"}},{"nom":"Trans","code":"53266","codesPostaux":["53160"],"centre":{"type":"Point","coordinates":[-0.3111,48.2798]},"surface":1558.71,"population":231,"departement":{"code":"53","nom":"Mayenne"},"region":{"code":"52","nom":"Pays de la Loire"}},{"nom":"Vaiges","code":"53267","codesPostaux":["53480"],"centre":{"type":"Point","coordinates":[-0.474,48.0503]},"surface":3620.33,"population":1178,"departement":{"code":"53","nom":"Mayenne"},"region":{"code":"52","nom":"Pays de la Loire"}},{"nom":"Vautorte","code":"53269","codesPostaux":["53500"],"centre":{"type":"Point","coordinates":[-0.825,48.2961]},"surface":2428.38,"population":607,"departement":{"code":"53","nom":"Mayenne"},"region":{"code":"52","nom":"Pays de la Loire"}},{"nom":"Vieuvy","code":"53270","codesPostaux":["53120"],"centre":{"type":"Point","coordinates":[-0.877,48.4482]},"surface":730.55,"population":112,"departement":{"code":"53","nom":"Mayenne"},"region":{"code":"52","nom":"Pays de la Loire"}},{"nom":"Villaines-la-Juhel","code":"53271","codesPostaux":["53700"],"centre":{"type":"Point","coordinates":[-0.2918,48.3379]},"surface":2872.52,"population":2671,"departement":{"code":"53","nom":"Mayenne"},"region":{"code":"52","nom":"Pays de la Loire"}},{"nom":"Villepail","code":"53272","codesPostaux":["53250"],"centre":{"type":"Point","coordinates":[-0.26,48.4027]},"surface":1560.68,"population":192,"departement":{"code":"53","nom":"Mayenne"},"region":{"code":"52","nom":"Pays de la Loire"}},{"nom":"Villiers-Charlemagne","code":"53273","codesPostaux":["53170"],"centre":{"type":"Point","coordinates":[-0.6753,47.9214]},"surface":2761.44,"population":1109,"departement":{"code":"53","nom":"Mayenne"},"region":{"code":"52","nom":"Pays de la Loire"}},{"nom":"Voutré","code":"53276","codesPostaux":["53600"],"centre":{"type":"Point","coordinates":[-0.2905,48.1361]},"surface":1861.53,"population":893,"departement":{"code":"53","nom":"Mayenne"},"region":{"code":"52","nom":"Pays de la Loire"}}]